file	page	pattern	offset	class	inferred	basis
2020_006	3	gedenk	2731	D		제방 경계 서술 「Gedenkstätte Bunker Valentin」
2020_007	4	einmalig	1379	D		「einmalig(e)」 — 일회성 지급·수수료·재선임·시험 등. 공휴일 문맥 아님
2020_012	1	feiertag	390	B		Art. 1 Nr. 1 「Die Überschrift wird wie folgt gefasst: „Gesetz über die Sonn-, Gedenk- und Feiertage“」, Nr. 2 「Die Überschrift des I. Abschnittes wird wie folgt gefasst …」, Nr. 3 「Nach § 7 wird folgender § 7a eingefügt」 — § 2 를 가리키는 개정 지시 없음
2020_012	1	feiertag	430	B		Art. 1 Nr. 1 「Die Überschrift wird wie folgt gefasst: „Gesetz über die Sonn-, Gedenk- und Feiertage“」, Nr. 2 「Die Überschrift des I. Abschnittes wird wie folgt gefasst …」, Nr. 3 「Nach § 7 wird folgender § 7a eingefügt」 — § 2 를 가리키는 개정 지시 없음
2020_012	1	feiertag	684	B		Art. 1 Nr. 1 「Die Überschrift wird wie folgt gefasst: „Gesetz über die Sonn-, Gedenk- und Feiertage“」, Nr. 2 「Die Überschrift des I. Abschnittes wird wie folgt gefasst …」, Nr. 3 「Nach § 7 wird folgender § 7a eingefügt」 — § 2 를 가리키는 개정 지시 없음
2020_012	1	feiertag	814	B		Art. 1 Nr. 1 「Die Überschrift wird wie folgt gefasst: „Gesetz über die Sonn-, Gedenk- und Feiertage“」, Nr. 2 「Die Überschrift des I. Abschnittes wird wie folgt gefasst …」, Nr. 3 「Nach § 7 wird folgender § 7a eingefügt」 — § 2 를 가리키는 개정 지시 없음
2020_012	1	gedenk	222	B		Art. 1 Nr. 1 「Die Überschrift wird wie folgt gefasst: „Gesetz über die Sonn-, Gedenk- und Feiertage“」, Nr. 2 「Die Überschrift des I. Abschnittes wird wie folgt gefasst …」, Nr. 3 「Nach § 7 wird folgender § 7a eingefügt」 — § 2 를 가리키는 개정 지시 없음
2020_012	1	gedenk	672	B		Art. 1 Nr. 1 「Die Überschrift wird wie folgt gefasst: „Gesetz über die Sonn-, Gedenk- und Feiertage“」, Nr. 2 「Die Überschrift des I. Abschnittes wird wie folgt gefasst …」, Nr. 3 「Nach § 7 wird folgender § 7a eingefügt」 — § 2 를 가리키는 개정 지시 없음
2020_012	1	gedenk	802	B		Art. 1 Nr. 1 「Die Überschrift wird wie folgt gefasst: „Gesetz über die Sonn-, Gedenk- und Feiertage“」, Nr. 2 「Die Überschrift des I. Abschnittes wird wie folgt gefasst …」, Nr. 3 「Nach § 7 wird folgender § 7a eingefügt」 — § 2 를 가리키는 개정 지시 없음
2020_012	1	gedenk	1014	B		Art. 1 Nr. 1 「Die Überschrift wird wie folgt gefasst: „Gesetz über die Sonn-, Gedenk- und Feiertage“」, Nr. 2 「Die Überschrift des I. Abschnittes wird wie folgt gefasst …」, Nr. 3 「Nach § 7 wird folgender § 7a eingefügt」 — § 2 를 가리키는 개정 지시 없음
2020_012	1	gedenk	1177	B		Art. 1 Nr. 1 「Die Überschrift wird wie folgt gefasst: „Gesetz über die Sonn-, Gedenk- und Feiertage“」, Nr. 2 「Die Überschrift des I. Abschnittes wird wie folgt gefasst …」, Nr. 3 「Nach § 7 wird folgender § 7a eingefügt」 — § 2 를 가리키는 개정 지시 없음
2020_012	1	gedenk	1214	B		Art. 1 Nr. 1 「Die Überschrift wird wie folgt gefasst: „Gesetz über die Sonn-, Gedenk- und Feiertage“」, Nr. 2 「Die Überschrift des I. Abschnittes wird wie folgt gefasst …」, Nr. 3 「Nach § 7 wird folgender § 7a eingefügt」 — § 2 를 가리키는 개정 지시 없음
2020_012	1	113-c	487	B		Art. 1 Nr. 1 「Die Überschrift wird wie folgt gefasst: „Gesetz über die Sonn-, Gedenk- und Feiertage“」, Nr. 2 「Die Überschrift des I. Abschnittes wird wie folgt gefasst …」, Nr. 3 「Nach § 7 wird folgender § 7a eingefügt」 — § 2 를 가리키는 개정 지시 없음
2020_015	84	einmalig	798	D		「einmalig(e)」 — 일회성 지급·수수료·재선임·시험 등. 공휴일 문맥 아님
2020_015	87	einmalig	1027	D		「einmalig(e)」 — 일회성 지급·수수료·재선임·시험 등. 공휴일 문맥 아님
2020_032	9	gedenk	270	D		코로나 명령 「Gedenkstätten」
2020_034	9	gedenk	1217	D		코로나 명령 「Gedenkstätten」
2020_044	1	feiertag	858	D		법원 당직 규정 「an Wochenenden und Feiertagen」 — 낱말
2020_067	1	feiertag	836	D		Kostenverordnung(내무) 수수료표 「110 Sonn- und Feiertagsrecht …」, 「§ 11 i.V.m. § 4 …」 — 법을 인용할 뿐
2020_067	2	feiertag	696	D		Kostenverordnung(내무) 수수료표 「110 Sonn- und Feiertagsrecht …」, 「§ 11 i.V.m. § 4 …」 — 법을 인용할 뿐
2020_067	2	feiertag	911	D		Kostenverordnung(내무) 수수료표 「110 Sonn- und Feiertagsrecht …」, 「§ 11 i.V.m. § 4 …」 — 법을 인용할 뿐
2020_067	2	feiertag	1204	D		Kostenverordnung(내무) 수수료표 「110 Sonn- und Feiertagsrecht …」, 「§ 11 i.V.m. § 4 …」 — 법을 인용할 뿐
2020_074	4	einmalig	287	D		「einmalig(e)」 — 일회성 지급·수수료·재선임·시험 등. 공휴일 문맥 아님
2020_147	43	einmalig	2939	D		「einmalig(e)」 — 일회성 지급·수수료·재선임·시험 등. 공휴일 문맥 아님
2020_147	87	einmalig	437	D		「einmalig(e)」 — 일회성 지급·수수료·재선임·시험 등. 공휴일 문맥 아님
2020_151	3	einmalig	154	D		「einmalig(e)」 — 일회성 지급·수수료·재선임·시험 등. 공휴일 문맥 아님
2021_026	2	einmalig	2750	D		「einmalig(e)」 — 일회성 지급·수수료·재선임·시험 등. 공휴일 문맥 아님
2021_030	11	einmalig	251	D		「einmalig(e)」 — 일회성 지급·수수료·재선임·시험 등. 공휴일 문맥 아님
2021_030	20	einmalig	1770	D		「einmalig(e)」 — 일회성 지급·수수료·재선임·시험 등. 공휴일 문맥 아님
2021_031	3	gedenk	1685	D		코로나 명령 「Gedenkstätten」
2021_055	10	gedenk	409	D		코로나 명령 「Gedenkstätten」
2021_059	11	gedenk	686	D		코로나 명령 「Gedenkstätten」
2021_083	4	einmalig	804	D		「einmalig(e)」 — 일회성 지급·수수료·재선임·시험 등. 공휴일 문맥 아님
2021_083	5	einmalig	234	D		「einmalig(e)」 — 일회성 지급·수수료·재선임·시험 등. 공휴일 문맥 아님
2021_096	1	feiertag	1009	D		Bremerhaven 일요일 영업 명령 § 2 「Die Vorschriften des Gesetzes über die Sonn- und Feiertage, … 」 — 인용
2021_145	22	feiertag	1078	D		폐기물 규정 「Feiertagsverschiebungen」 — 낱말
2022_012	2	feiertag	2065	D		교정 공무원 근무시간 규정 「Sonn- oder Feiertag」 — 낱말
2022_012	3	feiertag	244	D		교정 공무원 근무시간 규정 「Sonn- oder Feiertag」 — 낱말
2022_012	3	feiertag	1848	D		교정 공무원 근무시간 규정 「Sonn- oder Feiertag」 — 낱말
2022_016	1	einmalig	1251	D		「einmalig(e)」 — 일회성 지급·수수료·재선임·시험 등. 공휴일 문맥 아님
2022_017	1	feiertag	836	D		Kostenverordnung(내무) 수수료표 — 같은 꼴
2022_017	2	feiertag	622	D		Kostenverordnung(내무) 수수료표 — 같은 꼴
2022_017	2	feiertag	838	D		Kostenverordnung(내무) 수수료표 — 같은 꼴
2022_017	2	feiertag	1139	D		Kostenverordnung(내무) 수수료표 — 같은 꼴
2022_035	2	feiertag	250	D		Bremerhaven 일요일 영업 명령 § 2 — 같은 꼴
2022_038	1	einmalig	111	D		「einmalig(e)」 — 일회성 지급·수수료·재선임·시험 등. 공휴일 문맥 아님
2022_038	1	einmalig	312	D		「einmalig(e)」 — 일회성 지급·수수료·재선임·시험 등. 공휴일 문맥 아님
2022_038	1	einmalig	512	D		「einmalig(e)」 — 일회성 지급·수수료·재선임·시험 등. 공휴일 문맥 아님
2022_062	6	feiertag	1608	D		수수료표 「Sonn- oder Feiertag(e)」 단가 — 낱말
2022_062	11	feiertag	1348	D		수수료표 「Sonn- oder Feiertag(e)」 단가 — 낱말
2022_062	50	einmalig	1642	D		수수료표 「Sonn- oder Feiertag(e)」 단가 — 낱말
2022_062	57	feiertag	1103	D		수수료표 「Sonn- oder Feiertag(e)」 단가 — 낱말
2022_062	57	feiertag	1134	D		수수료표 「Sonn- oder Feiertag(e)」 단가 — 낱말
2022_062	57	feiertag	1166	D		수수료표 「Sonn- oder Feiertag(e)」 단가 — 낱말
2022_062	57	feiertag	1198	D		수수료표 「Sonn- oder Feiertag(e)」 단가 — 낱말
2022_062	57	feiertag	1230	D		수수료표 「Sonn- oder Feiertag(e)」 단가 — 낱말
2022_062	57	feiertag	1279	D		수수료표 「Sonn- oder Feiertag(e)」 단가 — 낱말
2022_062	57	feiertag	1415	D		수수료표 「Sonn- oder Feiertag(e)」 단가 — 낱말
2022_062	57	feiertag	1446	D		수수료표 「Sonn- oder Feiertag(e)」 단가 — 낱말
2022_062	57	feiertag	1478	D		수수료표 「Sonn- oder Feiertag(e)」 단가 — 낱말
2022_062	57	feiertag	1510	D		수수료표 「Sonn- oder Feiertag(e)」 단가 — 낱말
2022_062	57	feiertag	1542	D		수수료표 「Sonn- oder Feiertag(e)」 단가 — 낱말
2022_062	57	feiertag	1591	D		수수료표 「Sonn- oder Feiertag(e)」 단가 — 낱말
2022_062	57	feiertag	1728	D		수수료표 「Sonn- oder Feiertag(e)」 단가 — 낱말
2022_062	57	feiertag	1759	D		수수료표 「Sonn- oder Feiertag(e)」 단가 — 낱말
2022_062	57	feiertag	1791	D		수수료표 「Sonn- oder Feiertag(e)」 단가 — 낱말
2022_062	57	feiertag	1823	D		수수료표 「Sonn- oder Feiertag(e)」 단가 — 낱말
2022_062	57	feiertag	1855	D		수수료표 「Sonn- oder Feiertag(e)」 단가 — 낱말
2022_062	57	feiertag	1904	D		수수료표 「Sonn- oder Feiertag(e)」 단가 — 낱말
2022_062	58	feiertag	179	D		수수료표 「Sonn- oder Feiertag(e)」 단가 — 낱말
2022_062	58	feiertag	210	D		수수료표 「Sonn- oder Feiertag(e)」 단가 — 낱말
2022_062	58	feiertag	242	D		수수료표 「Sonn- oder Feiertag(e)」 단가 — 낱말
2022_062	58	feiertag	274	D		수수료표 「Sonn- oder Feiertag(e)」 단가 — 낱말
2022_062	58	feiertag	306	D		수수료표 「Sonn- oder Feiertag(e)」 단가 — 낱말
2022_062	58	feiertag	355	D		수수료표 「Sonn- oder Feiertag(e)」 단가 — 낱말
2022_062	58	feiertag	494	D		수수료표 「Sonn- oder Feiertag(e)」 단가 — 낱말
2022_062	58	feiertag	525	D		수수료표 「Sonn- oder Feiertag(e)」 단가 — 낱말
2022_062	58	feiertag	557	D		수수료표 「Sonn- oder Feiertag(e)」 단가 — 낱말
2022_062	58	feiertag	589	D		수수료표 「Sonn- oder Feiertag(e)」 단가 — 낱말
2022_062	58	feiertag	621	D		수수료표 「Sonn- oder Feiertag(e)」 단가 — 낱말
2022_062	58	feiertag	670	D		수수료표 「Sonn- oder Feiertag(e)」 단가 — 낱말
2022_062	58	feiertag	809	D		수수료표 「Sonn- oder Feiertag(e)」 단가 — 낱말
2022_062	58	feiertag	840	D		수수료표 「Sonn- oder Feiertag(e)」 단가 — 낱말
2022_062	58	feiertag	872	D		수수료표 「Sonn- oder Feiertag(e)」 단가 — 낱말
2022_062	58	feiertag	904	D		수수료표 「Sonn- oder Feiertag(e)」 단가 — 낱말
2022_062	58	feiertag	936	D		수수료표 「Sonn- oder Feiertag(e)」 단가 — 낱말
2022_062	58	feiertag	985	D		수수료표 「Sonn- oder Feiertag(e)」 단가 — 낱말
2022_062	58	feiertag	1125	D		수수료표 「Sonn- oder Feiertag(e)」 단가 — 낱말
2022_062	58	feiertag	1156	D		수수료표 「Sonn- oder Feiertag(e)」 단가 — 낱말
2022_062	58	feiertag	1188	D		수수료표 「Sonn- oder Feiertag(e)」 단가 — 낱말
2022_062	58	feiertag	1220	D		수수료표 「Sonn- oder Feiertag(e)」 단가 — 낱말
2022_062	58	feiertag	1252	D		수수료표 「Sonn- oder Feiertag(e)」 단가 — 낱말
2022_062	58	feiertag	1301	D		수수료표 「Sonn- oder Feiertag(e)」 단가 — 낱말
2022_086	2	einmalig	1168	D		「einmalig(e)」 — 일회성 지급·수수료·재선임·시험 등. 공휴일 문맥 아님
2022_118	1	einmalig	104	D		「einmalig(e)」 — 일회성 지급·수수료·재선임·시험 등. 공휴일 문맥 아님
2022_118	1	einmalig	450	D		「einmalig(e)」 — 일회성 지급·수수료·재선임·시험 등. 공휴일 문맥 아님
2022_142	1	reformationstag	743	D		학교 방학·수업 없는 날 규정 § 4 「gesetzliche Feiertage sind in Bremen: der Neujahrstag, … der 31. Oktober (Reformationstag), der 1. und der 2. Weihnachtstag」 — 열거를 옮겨 적을 뿐 Feiertagsgesetz 개정 아님
2022_142	5	feiertag	1051	D		학교 방학·수업 없는 날 규정 § 4 「gesetzliche Feiertage sind in Bremen: der Neujahrstag, … der 31. Oktober (Reformationstag), der 1. und der 2. Weihnachtstag」 — 열거를 옮겨 적을 뿐 Feiertagsgesetz 개정 아님
2022_142	5	feiertag	1339	D		학교 방학·수업 없는 날 규정 § 4 「gesetzliche Feiertage sind in Bremen: der Neujahrstag, … der 31. Oktober (Reformationstag), der 1. und der 2. Weihnachtstag」 — 열거를 옮겨 적을 뿐 Feiertagsgesetz 개정 아님
2022_142	5	reformationstag	1240	D		학교 방학·수업 없는 날 규정 § 4 「gesetzliche Feiertage sind in Bremen: der Neujahrstag, … der 31. Oktober (Reformationstag), der 1. und der 2. Weihnachtstag」 — 열거를 옮겨 적을 뿐 Feiertagsgesetz 개정 아님
2022_158	3	einmalig	264	D		「einmalig(e)」 — 일회성 지급·수수료·재선임·시험 등. 공휴일 문맥 아님
2023_001	2	feiertag	278	D		Bremerhaven 일요일 영업 명령 § 2 — 같은 꼴
2023_058	8	einmalig	1024	D		「einmalig(e)」 — 일회성 지급·수수료·재선임·시험 등. 공휴일 문맥 아님
2023_063	1	feiertag	750	D		Ladenschlussgesetz 개정 — 「Sonn- und Feiertage」 는 영업일 수 규정의 낱말
2023_063	1	feiertag	898	D		Ladenschlussgesetz 개정 — 「Sonn- und Feiertage」 는 영업일 수 규정의 낱말
2023_063	1	feiertag	1180	D		Ladenschlussgesetz 개정 — 「Sonn- und Feiertage」 는 영업일 수 규정의 낱말
2023_063	1	feiertag	1233	D		Ladenschlussgesetz 개정 — 「Sonn- und Feiertage」 는 영업일 수 규정의 낱말
2023_063	1	feiertag	1376	D		Ladenschlussgesetz 개정 — 「Sonn- und Feiertage」 는 영업일 수 규정의 낱말
2023_075	4	feiertag	675	D		휴가 규정 「gesetzliche Feiertage」 — 낱말
2023_107	5	einmalig	1465	D		「einmalig(e)」 — 일회성 지급·수수료·재선임·시험 등. 공휴일 문맥 아님
2023_116	2	einmalig	117	D		「einmalig(e)」 — 일회성 지급·수수료·재선임·시험 등. 공휴일 문맥 아님
2023_116	2	einmalig	640	D		「einmalig(e)」 — 일회성 지급·수수료·재선임·시험 등. 공휴일 문맥 아님
2023_116	2	einmalig	927	D		「einmalig(e)」 — 일회성 지급·수수료·재선임·시험 등. 공휴일 문맥 아님
2023_120	2	feiertag	406	D		Bremerhaven 일요일 영업 명령 § 2 — 같은 꼴
2023_126	2	einmalig	1011	D		「einmalig(e)」 — 일회성 지급·수수료·재선임·시험 등. 공휴일 문맥 아님
2023_126	2	einmalig	1045	D		「einmalig(e)」 — 일회성 지급·수수료·재선임·시험 등. 공휴일 문맥 아님
2023_126	2	einmalig	1842	D		「einmalig(e)」 — 일회성 지급·수수료·재선임·시험 등. 공휴일 문맥 아님
2023_126	3	einmalig	1255	D		「einmalig(e)」 — 일회성 지급·수수료·재선임·시험 등. 공휴일 문맥 아님
2024_015	1	einmalig	110	D		「einmalig(e)」 — 일회성 지급·수수료·재선임·시험 등. 공휴일 문맥 아님
2024_015	1	einmalig	487	D		「einmalig(e)」 — 일회성 지급·수수료·재선임·시험 등. 공휴일 문맥 아님
2024_015	1	einmalig	1205	D		「einmalig(e)」 — 일회성 지급·수수료·재선임·시험 등. 공휴일 문맥 아님
2024_015	1	einmalig	1368	D		「einmalig(e)」 — 일회성 지급·수수료·재선임·시험 등. 공휴일 문맥 아님
2024_015	2	einmalig	333	D		「einmalig(e)」 — 일회성 지급·수수료·재선임·시험 등. 공휴일 문맥 아님
2024_015	2	einmalig	1428	D		「einmalig(e)」 — 일회성 지급·수수료·재선임·시험 등. 공휴일 문맥 아님
2024_017	1	feiertag	1304	D		Kostenverordnung(내무) 수수료표 — 같은 꼴
2024_017	2	feiertag	923	D		Kostenverordnung(내무) 수수료표 — 같은 꼴
2024_017	2	feiertag	1141	D		Kostenverordnung(내무) 수수료표 — 같은 꼴
2024_017	3	feiertag	309	D		Kostenverordnung(내무) 수수료표 — 같은 꼴
2024_037	1	einmalig	789	D		「einmalig(e)」 — 일회성 지급·수수료·재선임·시험 등. 공휴일 문맥 아님
2024_075	7	einmalig	953	D		「einmalig(e)」 — 일회성 지급·수수료·재선임·시험 등. 공휴일 문맥 아님
2024_100	5	einmalig	952	D		「einmalig(e)」 — 일회성 지급·수수료·재선임·시험 등. 공휴일 문맥 아님
2024_115	1	feiertag	1132	D		근무시간 규정 「gesetzlichen Feiertag」 — 낱말
2024_115	1	feiertag	1228	D		근무시간 규정 「gesetzlichen Feiertag」 — 낱말
2024_115	2	feiertag	315	D		근무시간 규정 「gesetzlichen Feiertag」 — 낱말
2024_118	3	gedenk	348	D		묘지 수수료 「Gedenkstein」(p3) · 「einmaligen gewerblichen Tätigkeit」(p6)
2024_118	6	einmalig	965	D		묘지 수수료 「Gedenkstein」(p3) · 「einmaligen gewerblichen Tätigkeit」(p6)
2024_120	180	feiertag	2039	D		임금·수당 표 「an gesetzlichen Feiertagen 100 %」 — 낱말
2024_120	185	feiertag	1785	D		임금·수당 표 「an gesetzlichen Feiertagen 100 %」 — 낱말
2024_136	3	einmalig	934	D		「einmalig(e)」 — 일회성 지급·수수료·재선임·시험 등. 공휴일 문맥 아님
2024_139	2	feiertag	405	D		Bremerhaven 일요일 영업 명령 § 2 — 같은 꼴
2025_044	5	einmalig	898	D		「einmalig(e)」 — 일회성 지급·수수료·재선임·시험 등. 공휴일 문맥 아님
2025_049	2	einmalig	664	D		「einmalig(e)」 — 일회성 지급·수수료·재선임·시험 등. 공휴일 문맥 아님
2025_060	2	einmalig	91	D		「einmalig(e)」 — 일회성 지급·수수료·재선임·시험 등. 공휴일 문맥 아님
2025_062	2	einmalig	1639	D		「einmalig(e)」 — 일회성 지급·수수료·재선임·시험 등. 공휴일 문맥 아님
2025_079	2	einmalig	1111	D		「einmalig(e)」 — 일회성 지급·수수료·재선임·시험 등. 공휴일 문맥 아님
2025_080	6	einmalig	923	D		「einmalig(e)」 — 일회성 지급·수수료·재선임·시험 등. 공휴일 문맥 아님
2025_098	2	feiertag	485	D	[추론]	Bekanntmachung über die Änderung von Zuständigkeiten(§ 7 Rechtsbereinigungsgesetz) Anlage 1 의 표에 「Gesetz über die Sonn-, Gedenk- und Feiertage … § 11」 — 관할 이전 공고. 조문 자구를 바꾸는 개정 지시가 없어 D 로 봄
2025_098	2	gedenk	473	D	[추론]	Bekanntmachung über die Änderung von Zuständigkeiten(§ 7 Rechtsbereinigungsgesetz) Anlage 1 의 표에 「Gesetz über die Sonn-, Gedenk- und Feiertage … § 11」 — 관할 이전 공고. 조문 자구를 바꾸는 개정 지시가 없어 D 로 봄
2025_100	1	feiertag	951	D		Kostenverordnung(내무) 수수료표 — 새 법명 「Sonn-, Gedenk- und Feiertage」 를 인용할 뿐
2025_100	2	feiertag	829	D		Kostenverordnung(내무) 수수료표 — 새 법명 「Sonn-, Gedenk- und Feiertage」 를 인용할 뿐
2025_100	2	feiertag	1034	D		Kostenverordnung(내무) 수수료표 — 새 법명 「Sonn-, Gedenk- und Feiertage」 를 인용할 뿐
2025_100	2	feiertag	1331	D		Kostenverordnung(내무) 수수료표 — 새 법명 「Sonn-, Gedenk- und Feiertage」 를 인용할 뿐
2025_100	2	gedenk	1022	D		Kostenverordnung(내무) 수수료표 — 새 법명 「Sonn-, Gedenk- und Feiertage」 를 인용할 뿐
2025_103	4	gedenk	2062	D		제방 경계 서술 「Gedenkstätte Bunker Valentin」
2025_108	6	gedenk	1781	D		묘지 규정 「Gedenkfeiern」
2025_124	183	feiertag	2191	D		임금·수당 표 — 같은 꼴
2025_124	188	feiertag	1934	D		임금·수당 표 — 같은 꼴
2025_125	2	feiertag	299	D		Bremerhaven 일요일 영업 명령 § 2 — 같은 꼴
2025_132	22	einmalig	1550	D		「einmalig(e)」 — 일회성 지급·수수료·재선임·시험 등. 공휴일 문맥 아님
2026_018	30	einmalig	151	D		「einmalig(e)」 — 일회성 지급·수수료·재선임·시험 등. 공휴일 문맥 아님
2026_021	2	einmalig	1145	D		「einmalig(e)」 — 일회성 지급·수수료·재선임·시험 등. 공휴일 문맥 아님
2026_069	11	einmalig	1305	D		「einmalig(e)」 — 일회성 지급·수수료·재선임·시험 등. 공휴일 문맥 아님
2026_069	19	einmalig	2165	D		「einmalig(e)」 — 일회성 지급·수수료·재선임·시험 등. 공휴일 문맥 아님
2026_083	4	feiertag	405	D		수당 규정 「an Sonn- und gesetzlichen Feiertagen」 — 낱말
