file	pages	chars	nonws_per_page	error
2020_001.pdf	3	4963	1693,1744,795	
2020_002.pdf	1	890	760	
2020_003.pdf	1	1008	832	
2020_004.pdf	1	762	631	
2020_005.pdf	1	927	762	
2020_006.pdf	10	31111	1662,2639,2694,2972,2754,2828,2723,3282,3081,1784	
2020_007.pdf	7	13960	1481,2512,1858,1773,2167,1817,312	
2020_008.pdf	1	1535	1278	
2020_009.pdf	15	39995	1642,2547,2052,2523,2721,2059,2111,2521,2383,2385,2047,2600,2611,2153,1361	
2020_010.pdf	1	1543	1278	
2020_011.pdf	10	1447	646,57,57,57,57,57,57,57,57,57	
2020_012.pdf	1	1404	1162	
2020_013.pdf	5	8209	1382,1259,900,1511,1560	
2020_014.pdf	2	2132	1643,165	
2020_015.pdf	88	174079	794,2076,2336,1490,2201,2415,2973,2364,2915,2358,2476,1935,2277,1666,1589,2099,2493,1457,2575,2063,1697,1980,1982,2221,2099,1669,1994,2214,2731,1988,2588,301,1773,1902,2473,2119,1870,1653,2578,2638,2142,1830,530,2073,1320,824,1388,1240,1087,1108,938,1268,1124,1062,1318,1357,1464,1672,2267,1744,1757,402,1396,1361,1487,1378,1488,1141,1829,1842,975,1184,1034,1403,1819,1641,2200,461,1279,1564,897,2130,954,2020,936,474,1896,883	
2020_016.pdf	1	1069	872	
2020_017.pdf	1	1222	1005	
2020_018.pdf	18	39798	1377,2508,1570,2315,2297,1610,2166,1615,1628,2372,2276,2458,2407,2097,1914,1609,628,948	
2020_019.pdf	17	35517	1763,2352,1829,2410,1697,1752,1696,1336,1957,1977,2366,1693,1901,877,2194,1524,963	
2020_020.pdf	7	13398	1129,2366,2411,1891,1537,1744,300	
2020_021.pdf	1	1092	907	
2020_022.pdf	5	1073	635,58,58,58,58	
2020_023.pdf	4	7271	1695,2297,1871,189	
2020_024.pdf	1	1132	915	
2020_025.pdf	2	3025	1571,964	
2020_026.pdf	19	40880	1883,2523,2428,1657,2359,1702,2250,1170,1530,1600,1970,2156,2425,1752,1903,1068,1994,1886,503	
2020_027.pdf	2	2143	1508,240	
2020_028.pdf	2	2784	1715,613	
2020_029.pdf	11	25311	1607,2078,1962,2445,1685,1830,2287,1586,2414,1923,1864	
2020_030.pdf	2	2051	1146,518	
2020_031.pdf	3	5471	1468,2260,844	
2020_032.pdf	21	47007	1805,2525,2439,1903,2519,2200,1859,1895,1642,1703,1753,2044,2136,2417,2397,1672,2034,722,1991,1852,612	
2020_033.pdf	4	7457	1923,2114,2219,165	
2020_034.pdf	23	55733	1778,2551,2517,1857,2593,2310,2091,2700,1401,2255,2115,2081,1732,2083,2046,2108,2718,2229,2033,1864,1994,1853,628	
2020_035.pdf	1	1077	875	
2020_036.pdf	1	1059	860	
2020_037.pdf	1	1322	1108	
2020_038.pdf	19	44829	772,1356,2134,2328,736,1645,1906,1729,2561,3170,2794,2634,2035,1714,2334,2637,2628,1838,1233	
2020_039.pdf	24	58690	1778,2594,2527,2000,2538,2442,2178,1748,2206,1742,2250,2110,1844,2041,2186,2347,2227,2985,1945,2098,1809,1954,1815,658	
2020_040.pdf	1	1381	1160	
2020_041.pdf	6	11828	1207,2265,2457,1987,1913,202	
2020_042.pdf	1	1600	1322	
2020_043.pdf	27	64999	1778,2594,2527,2000,2628,2514,2409,1983,2150,1877,2138,1888,2435,1986,1628,2059,2330,2436,2280,2857,1866,2055,1784,556,1958,1784,904	
2020_044.pdf	1	1611	1340	
2020_045.pdf	28	66341	1780,2594,2527,2000,2422,2637,2357,1829,1943,1783,2232,1480,2406,2145,1684,2146,1937,1946,2515,2334,2839,1913,2061,1985,350,1958,1784,904	
2020_046.pdf	3	4761	1382,1899,735	
2020_047.pdf	29	69738	1782,2594,2527,2000,2422,2637,2378,1811,1950,1694,1901,1609,1892,2360,1897,1870,2239,2004,2244,2431,2816,2328,1812,2466,1728,1225,1953,1782,904	
2020_048.pdf	1	1252	1009	
2020_049.pdf	1	1431	1174	
2020_050.pdf	28	66846	1778,2796,2464,1940,2608,2476,2334,1792,1713,1934,1905,1886,2420,2088,1657,2300,2260,2020,2432,2817,2329,1813,2467,1995,728,1788,1770,296	
2020_051.pdf	1	1163	1007	
2020_052.pdf	1	1628	1370	
2020_053.pdf	1	2231	1881	
2020_054.pdf	1	1479	1212	
2020_055.pdf	1	1053	864	
2020_056.pdf	1	907	738	
2020_057.pdf	28	67683	1786,2790,2465,2002,2609,2477,2420,1792,1714,1965,2020,1787,2210,2420,1889,1772,2370,1927,2358,2702,2603,2003,2263,2245,1136,1788,1737,296	
2020_058.pdf	6	13148	1344,2196,2411,1947,1552,1470	
2020_059.pdf	21	48179	1427,2740,1628,1766,2274,1732,2309,2163,1894,2422,2682,2288,2433,2823,2237,2001,2004,351,1788,1736,295	
2020_060.pdf	1	976	821	
2020_061.pdf	5	8217	1382,1259,900,1446,1629	
2020_062.pdf	13	30446	1631,2412,2002,2260,2218,2159,2152,2085,2307,1952,2037,2092,851	
2020_063.pdf	2	1900	1404,171	
2020_064.pdf	6	11845	1340,1723,1881,1903,1497,1478	
2020_065.pdf	21	49469	1427,2620,1805,1523,2249,2046,2242,2349,1949,2305,2700,2501,2434,2818,2279,1981,2241,830,1789,1737,296	
2020_066.pdf	2	2274	1455,422	
2020_067.pdf	40	54095	1017,1060,1264,1206,1232,1180,1188,1102,1053,1159,1389,1339,1340,1151,1106,1045,1266,1130,1050,1079,988,964,1045,1086,1074,1293,1201,1048,1096,1150,1066,1076,1046,956,1036,1134,1091,1073,987,307	
2020_068.pdf	2	1988	1275,393	
2020_069.pdf	13	25950	1204,2162,1548,1797,1625,1642,1694,1695,1780,1577,1847,1541,1414	
2020_070.pdf	20	39674	1168,1898,2250,2237,2786,2616,2821,1949,1987,2485,2287,2549,1609,1005,277,1353,1026,916,447,251	
2020_071.pdf	21	42900	1223,1898,2243,2220,2864,2442,2760,2277,1922,1918,3018,2154,2523,1672,964,268,1576,1022,1053,441,242	
2020_072.pdf	20	47950	1759,1861,2207,2277,2531,2945,1967,2275,1535,2168,1889,1532,2005,2583,2263,1843,1669,1587,2008,1432	
2020_073.pdf	21	49310	1431,2620,1805,1523,2249,2046,2242,2348,1949,2305,2700,2501,2449,2818,2312,1870,2135,831,1789,1737,296	
2020_074.pdf	9	18832	1381,2658,1868,1907,1956,2166,1783,1924,212	
2020_075.pdf	68	167863	1658,1153,1457,1569,1836,2668,2375,2308,2626,1458,1864,2170,2616,1924,2352,2128,2258,2236,2435,2053,2140,2168,2256,2240,1949,1987,2817,2463,1922,2155,2222,2504,2399,1738,1891,2207,2469,2132,2030,2038,2194,2148,1972,2214,2293,2622,1909,2529,2114,2142,2180,2230,2313,1883,2647,2948,2615,1818,1723,2063,1193,2022,1519,1704,2056,1781,1970,1683	
2020_076.pdf	1	1313	1101	
2020_077.pdf	2	2559	1545,586	
2020_078.pdf	3	4524	1418,1877,457	
2020_079.pdf	1	653	539	
2020_080.pdf	1	1596	1315	
2020_081.pdf	1	1397	1130	
2020_082.pdf	20	45778	1511,2513,1954,1602,2279,2117,2154,2180,1897,2424,2433,2450,2819,2313,1869,1824,901,1733,1663,297	
2020_083.pdf	1	1123	930	
2020_084.pdf	20	46618	1513,2385,2156,1762,2280,2118,2155,2181,1898,2373,2191,2213,2879,2468,1879,2055,1427,1734,1664,298	
2020_085.pdf	1	1069	865	
2020_086.pdf	1	1076	873	
2020_087.pdf	12	20881	1544,1658,1974,1448,1957,340,1755,1322,1616,1248,1410,1262	
2020_088.pdf	7	13960	1435,2425,1768,2008,2019,1769,431	
2020_089.pdf	2	1953	1455,160	
2020_090.pdf	17	31023	987,1397,2128,1650,1664,2151,2456,2262,2403,2189,1391,219,1549,984,1662,881,286	
2020_091.pdf	1	1500	1226	
2020_092.pdf	1	747	626	
2020_093.pdf	20	47980	1517,2381,2347,1859,2146,2363,2032,2528,2055,2376,2193,2215,2881,2470,2033,2050,1615,1736,1666,300	
2020_094.pdf	2	3208	1230,1474	
2020_095.pdf	20	47975	1506,2381,2346,1796,2029,2442,2067,2309,1836,2131,2661,2065,2956,2566,1925,2100,1932,1600,1393,709	
2020_096.pdf	1	1127	923	
2020_097.pdf	1	1235	1016	
2020_098.pdf	20	47860	1508,2382,2331,1797,2030,2443,2068,2310,1837,2132,2662,2066,2957,2567,1926,2118,1810,1601,1394,710	
2020_099.pdf	1	1476	1207	
2020_100.pdf	2	1735	974,459	
2020_101.pdf	6	8734	1160,1341,1398,1286,2136,290	
2020_102.pdf	2	3531	1579,1370	
2020_103.pdf	4	8103	1504,2199,2066,1204	
2020_104.pdf	3	4264	1354,2084,166	
2020_105.pdf	4	9159	1147,2478,2237,1890	
2020_106.pdf	6	12979	1905,1951,2246,2016,2267,473	
2020_107.pdf	1	1663	1411	
2020_108.pdf	112	22966	1242,1829,1860,2343,1874,2036,872,61,61,61,61,61,61,61,61,61,61,61,61,61,61,61,61,61,61,61,62,62,62,62,62,62,62,62,62,62,62,62,62,62,62,62,62,62,62,62,62,62,62,62,62,62,62,62,62,62,62,62,62,62,62,62,62,62,62,62,62,62,62,62,62,62,62,62,62,62,62,62,62,62,62,62,62,62,62,62,62,62,62,62,62,62,62,62,62,62,62,62,62,62,62,62,62,62,62,62,62,62,62,62,62,62	
2020_109.pdf	22	51644	1504,2381,2330,1796,2029,2333,2049,2616,1836,2131,2661,2065,2956,2566,2141,2104,1945,2031,700,1600,1393,709	
2020_110.pdf	3	6074	1662,2099,1396	
2020_111.pdf	2	3992	1671,1655	
2020_112.pdf	2	2780	1881,439	
2020_113.pdf	41	48300	941,1278,1047,850,947,953,790,811,886,1017,1122,1061,1034,890,1034,886,1068,1031,1139,1041,1006,1094,978,881,1052,1097,1081,1108,1000,986,821,869,886,863,969,1004,946,794,1008,751,1058	
2020_114.pdf	1	1019	835	
2020_115.pdf	7	8351	664,1402,973,1122,1117,1490,184	
2020_116.pdf	3	5495	1561,2285,755	
2020_117.pdf	2	2534	1243,874	
2020_118.pdf	2	2097	1615,147	
2020_119.pdf	1	1430	1172	
2020_120.pdf	65	75899	1005,798,991,876,1016,988,893,925,981,890,1015,1070,951,951,804,996,967,896,924,1006,1239,836,803,966,1096,1075,977,979,831,910,1014,973,921,1052,1054,981,983,1064,949,951,1011,906,933,1087,919,1052,854,1002,1077,966,1038,490,878,935,950,945,850,847,827,819,878,926,836,1020,354	
2020_121.pdf	27	64092	1540,2311,2169,1794,2053,1668,2199,2180,2271,2334,2248,2177,2431,2402,2403,2075,2816,1960,2264,2702,1930,1841,1982,1020,1602,1394,711	
2020_122.pdf	1	1012	835	
2020_123.pdf	2	2087	1512,199	
2020_124.pdf	1	1464	1206	
2020_125.pdf	2	3076	1306,1235	
2020_126.pdf	8	16255	1039,1617,1827,2057,1723,1913,1821,1383	
2020_127.pdf	28	66412	1588,2266,2170,1795,2125,1675,2200,2181,2272,2335,2179,2109,2525,2564,2082,2309,3081,2213,2063,2749,2094,1787,1952,1963,309,1615,1416,894	
2020_128.pdf	1	898	739	
2020_129.pdf	28	68496	1600,2353,2269,1748,2093,1910,2200,2181,2272,2335,2179,2109,2525,2469,2280,2349,2224,3226,1878,2233,2624,1993,1814,1987,1507,1615,1416,894	
2020_130.pdf	1	1045	857	
2020_131.pdf	1	782	656	
2020_132.pdf	2	3566	1696,1267	
2020_133.pdf	1	924	756	
2020_134.pdf	30	72559	1610,2346,2276,1773,2060,1838,2196,2249,1914,2478,1838,2059,2530,2256,2255,2451,2168,2309,3081,2213,2063,2743,2445,1676,2087,1828,1018,1615,1416,894	
2020_135.pdf	1	1111	905	
2020_136.pdf	8	18505	1248,2421,2162,1886,2143,2677,2031,1170	
2020_137.pdf	2	2166	1224,605	
2020_138.pdf	20	40328	1177,1903,2256,2161,2731,2411,2776,2234,1880,2341,2362,2559,1875,1397,282,1194,1029,1163,453,299	
2020_139.pdf	22	44026	1232,1903,2248,2160,2865,2341,2553,2417,2078,1686,3171,1925,2686,2152,1464,151,273,1396,1019,1202,444,299	
2020_140.pdf	2	3259	1418,1356	
2020_141.pdf	19	49358	1699,2452,2489,2340,2210,2864,2114,2497,2396,2708,1997,2530,2401,2169,1795,2609,2329,2011,478	
2020_142.pdf	29	74258	1470,2345,2374,2747,2226,2116,2146,2447,2177,2503,2102,2146,2377,2400,2215,2552,2175,2388,1949,2583,1636,2202,2023,2084,2581,2219,2002,1897,1767	
2020_143.pdf	6	11413	1589,2027,1873,2205,1626,396	
2020_144.pdf	1	821	676	
2020_145.pdf	5	1064	616,63,63,63,63	
2020_146.pdf	1	665	544	
2020_147.pdf	98	237094	1119,1427,1531,1443,1125,1347,1527,1590,2379,2202,1891,2478,1598,1831,1563,1423,1568,2207,1405,2275,2754,1604,2533,2430,2103,2618,2745,2473,1319,1498,1861,2629,2564,1855,1639,2429,2746,1625,2371,2340,2506,2347,2948,2339,1823,2110,2076,1748,2118,2166,2147,2239,2500,2514,1823,1731,1599,2046,2698,2519,2618,2382,2368,1677,1563,2008,1930,2546,2566,2428,2006,1808,2112,2008,1843,1533,2575,1758,1474,1642,2544,2713,2139,1965,1570,1512,2030,2455,2779,2603,2410,2208,2337,2465,2079,2082,1751,373	
2020_148.pdf	22	39932	1576,2394,2099,1915,1806,2432,2404,2080,1536,1778,2352,1137,497,617,695,812,1132,1004,459,2058,1069,1637	
2020_149.pdf	1	845	694	
2020_150.pdf	4	7960	1260,2171,2506,738	
2020_151.pdf	10	22561	1209,1928,1800,2805,2201,2181,2122,1776,1869,1443	
2020_152.pdf	6	12720	1766,2517,1835,1602,1984,1133	
2020_153.pdf	1	706	573	
2020_154.pdf	1	1500	1243	
2020_155.pdf	5	8368	1113,1573,1603,1507,1092	
2020_156.pdf	32	78031	1610,2322,2309,2027,1921,1931,1646,1731,2534,1770,2464,2090,2189,2205,2662,2340,2213,2140,2227,2302,2679,2488,2050,2790,2344,1639,1942,1902,1972,1615,1416,894	
2020_157.pdf	2	2643	1492,687	
2020_158.pdf	2	3065	1524,1002	
2020_159.pdf	2	2458	1591,483	
2020_160.pdf	9	14899	925,1910,2343,2189,2508,1609,808,87,292	
2020_161.pdf	1	752	613	
2020_162.pdf	3	4664	1437,2245,194	
2020_163.pdf	1	1363	1118	
2020_164.pdf	3	4217	1292,1757,537	
2020_165.pdf	2	2609	1449,745	
2020_166.pdf	4	8257	1537,1694,2002,1694	
2020_167.pdf	7	11982	1314,1575,1445,1617,1602,1575,892	
2020_168.pdf	1	838	683	
2020_169.pdf	7	15431	1258,1946,2471,2194,1825,2227,1288	
2020_170.pdf	5	1668	1123,64,64,64,64	
2020_171.pdf	2	1506	1083,155	
2020_172.pdf	2	2421	1325,666	
2020_173.pdf	1	841	684	
2020_174.pdf	2	3628	1445,1637	
2020_175.pdf	5	4449	1508,1775,169,90,90	
2020_176.pdf	18	33372	994,1283,2320,1802,1469,1988,2568,2003,2364,2152,2123,381,223,1784,1374,1790,1152,329	
2021_001.pdf	1	808	672	
2021_002.pdf	4	7791	1516,1872,1530,1542	
2021_003.pdf	6	16097	1790,2939,2685,2143,2803,1411	
2021_004.pdf	6	10954	1508,1692,1520,2175,1765,456	
2021_005.pdf	2	3530	1661,1287	
2021_006.pdf	6	9728	1164,1335,1337,1245,1154,1796	
2021_007.pdf	1	965	808	
2021_008.pdf	8	17994	1801,1904,1865,2195,2642,2109,1668,999	
2021_009.pdf	1	1665	1407	
2021_010.pdf	2	4019	1677,1688	
2021_011.pdf	4	7517	1676,1633,2131,974	
2021_012.pdf	48	112902	957,877,972,1040,1640,1849,2285,2058,1775,1870,1970,1929,2506,2631,2317,1847,2091,2947,2168,1865,1863,2356,2036,2093,2043,1939,2507,2113,2255,1733,2010,2048,1923,1902,2239,1485,2152,2537,2522,2623,2665,1982,2759,1710,2227,1790,1615,1655	
2021_013.pdf	26	64478	888,973,2239,2284,2431,2146,1505,1987,1469,2037,2200,2718,2598,2665,2106,2298,2312,2131,2053,2121,2443,1885,3071,2227,2444,1789	
2021_014.pdf	1	1200	1001	
2021_015.pdf	34	84028	1573,2345,2852,2018,2250,2287,1799,1636,1861,2531,1767,2535,2309,2153,2748,2445,2223,2646,2145,2766,2304,2374,2249,2047,2435,2544,1995,1998,1923,1923,836,1612,1455,932	
2021_016.pdf	1	525	435	
2021_017.pdf	1	685	557	
2021_018.pdf	3	4007	1459,1520,337	
2021_019.pdf	14	30397	1425,2589,1417,2272,1539,2174,1550,1961,2438,2062,1905,1757,1544,1331	
2021_020.pdf	18	37397	1486,2178,1768,2327,1549,2062,1769,1787,1815,2111,2132,2018,1837,1928,1489,1507,1321,848	
2021_021.pdf	10	18667	1779,1932,1751,1698,3020,173,1191,1433,1464,1377	
2021_022.pdf	6	13179	1854,2272,2573,1560,2312,710	
2021_023.pdf	2	2009	1425,233	
2021_024.pdf	5	5775	1317,254,1215,1368,671	
2021_025.pdf	5	8290	1436,1263,904,1450,1630	
2021_026.pdf	3	6589	1670,2512,1399	
2021_027.pdf	4	7367	1756,2406,1981,185	
2021_028.pdf	1	627	509	
2021_029.pdf	27	57977	1269,160,2093,2466,2283,2595,2415,2195,2540,2541,1893,162,94,95,2130,2206,2526,2214,2556,2487,2195,2539,2595,2595,1227,186,78	
2021_030.pdf	24	51589	1062,1114,1750,1929,2072,1525,1796,1935,2063,1880,1558,1788,2016,2064,2163,1886,1842,1995,2021,2000,1612,1693,2069,1556	
2021_031.pdf	6	12198	1303,1785,1558,2005,2192,1316	
2021_032.pdf	1	756	612	
2021_033.pdf	1	1396	1173	
2021_034.pdf	2	3358	1716,1103	
2021_035.pdf	2	2813	1347,991	
2021_036.pdf	1	1649	1379	
2021_037.pdf	2	2222	1543,267	
2021_038.pdf	4	7053	1337,1878,2183,382	
2021_039.pdf	1	797	643	
2021_040.pdf	2	2779	1544,830	
2021_041.pdf	1	1761	1474	
2021_042.pdf	2	2869	1568,815	
2021_043.pdf	2	2887	1281,1145	
2021_044.pdf	1	739	604	
2021_045.pdf	2	1705	1283,113	
2021_046.pdf	2	3033	1390,1129	
2021_047.pdf	1	2320	1969	
2021_048.pdf	68	6110	789,59,59,59,59,59,59,59,59,59,59,59,59,59,59,59,59,59,59,59,59,59,59,59,59,59,59,59,59,59,59,59,59,59,59,59,59,59,59,59,59,59,59,59,59,59,59,59,59,59,59,59,59,59,59,59,59,59,59,59,59,59,59,59,59,59,59,59	
2021_049.pdf	1	1607	1326	
2021_050.pdf	1	1491	1214	
2021_051.pdf	1	1650	1363	
2021_052.pdf	1	1272	1055	
2021_053.pdf	1	1312	1101	
2021_054.pdf	1	1311	1101	
2021_055.pdf	35	86431	1595,2210,2850,2147,2086,2146,2119,1493,1635,1950,2371,1794,2654,2209,2259,2531,2440,2492,2590,2082,2761,2182,2246,2050,2057,2622,2396,2132,1989,1820,1910,1714,1610,1453,930	
2021_056.pdf	1	711	582	
2021_057.pdf	1	1337	1110	
2021_058.pdf	4	6349	1365,1993,1719,187	
2021_059.pdf	33	79368	1585,2546,2735,2095,2246,2216,2173,2236,1676,1782,1777,2583,1724,2045,2574,1953,2310,2236,2437,2596,2097,2757,2538,2370,1684,1918,2029,1762,2470,340,1608,1451,960	
2021_060.pdf	1	1554	1291	
2021_061.pdf	16	31425	1363,2340,1841,2260,2115,2063,1948,2144,1598,2309,2219,1465,812,834,793,528	
2021_062.pdf	2	2117	1202,571	
2021_063.pdf	1	1547	1283	
2021_064.pdf	1	1642	1368	
2021_065.pdf	1	1628	1368	
2021_066.pdf	2	2269	1279,636	
2021_067.pdf	2	1711	1245,159	
2021_068.pdf	30	73260	1591,2262,2964,2390,2211,2207,2278,1699,2219,2348,1488,2656,2061,2146,2282,2412,2782,1935,2459,2314,2728,2342,1799,1674,1742,1641,1727,1609,1452,961	
2021_069.pdf	1	1519	1268	
2021_070.pdf	12	23699	1164,1769,1536,1940,1998,1582,1650,2074,2155,1690,1698,557	
2021_071.pdf	9	16847	1934,1470,1561,2202,1359,1675,1859,1680,652	
2021_072.pdf	1	823	698	
2021_073.pdf	1	1029	848	
2021_074.pdf	1	575	467	
2021_075.pdf	3	5190	1614,1995,757	
2021_076.pdf	1	653	524	
2021_077.pdf	1	1051	858	
2021_078.pdf	1	1389	1118	
2021_079.pdf	11	12475	1219,1658,1125,704,673,699,691,721,719,729,1099	
2021_080.pdf	1	1232	1009	
2021_081.pdf	1	1220	1016	
2021_082.pdf	10	17886	1315,1576,1861,1835,1554,2021,1461,1441,1556,150	
2021_083.pdf	7	16502	1172,2174,2440,2529,2253,2084,1347	
2021_084.pdf	1	1338	1115	
2021_085.pdf	3	4392	1288,2262,172	
2021_086.pdf	4	6963	1400,1783,2226,455	
2021_087.pdf	2	2102	1242,486	
2021_088.pdf	14	28131	1010,2134,1713,2052,1744,2101,1960,1462,1563,1862,1740,1929,1859,582	
2021_089.pdf	6	10376	1449,1968,1764,1656,1531,449	
2021_090.pdf	2	2364	1377,582	
2021_091.pdf	2	2631	1104,1088	
2021_092.pdf	2	2046	975,681	
2021_093.pdf	23	53888	1530,2072,2309,1731,2274,2562,1821,1923,2225,2244,2638,2491,1854,1937,2296,2728,2393,1780,2188,821,1601,1452,961	
2021_094.pdf	2	1939	939,651	
2021_095.pdf	1	1149	938	
2021_096.pdf	2	2085	1544,193	
2021_097.pdf	1	1058	866	
2021_098.pdf	2	3261	1563,1192	
2021_099.pdf	7	15207	1614,2211,2234,1739,2440,2017,498	
2021_100.pdf	5	8385	1494,1269,904,1453,1645	
2021_101.pdf	3	6478	1638,2728,1049	
2021_102.pdf	1	1518	1258	
2021_103.pdf	3	5112	1679,1813,759	
2021_104.pdf	27	65610	1404,2450,1914,2357,2343,2511,1748,2039,2044,2060,1879,2058,2500,2629,2012,2447,2360,2288,3183,2272,2015,2138,2271,906,1607,1354,1070	
2021_105.pdf	2	2980	1539,975	
2021_106.pdf	1	841	693	
2021_107.pdf	1	1111	925	
2021_108.pdf	5	9311	1168,2188,1391,2224,883	
2021_109.pdf	2	2864	1280,1007	
2021_110.pdf	4	6345	1422,1922,1779,166	
2021_111.pdf	1	1385	1142	
2021_112.pdf	4	6836	1583,2063,1727,246	
2021_113.pdf	3	4875	1977,1738,286	
2021_114.pdf	1	1004	826	
2021_115.pdf	3	5562	1730,1927,1065	
2021_116.pdf	1	1440	1177	
2021_117.pdf	1	500	408	
2021_118.pdf	1	673	557	
2021_119.pdf	14	32874	1190,2408,2684,2287,2571,2406,2324,1704,1475,1905,1629,1911,2034,1507	
2021_120.pdf	1	1258	1021	
2021_121.pdf	4	7649	1266,1901,1696,1491	
2021_122.pdf	1	1487	1224	
2021_123.pdf	1	1496	1237	
2021_124.pdf	1	581	475	
2021_125.pdf	3	2980	1500,903,70	
2021_126.pdf	2	2093	1449,270	
2021_127.pdf	7	12129	1481,971,1189,1193,1736,2015,1165	
2021_128.pdf	3	4104	1531,1703,169	
2021_129.pdf	1	1500	1234	
2021_130.pdf	5	8998	1668,2177,1671,1674,479	
2021_131.pdf	8	13636	1465,1737,1716,2357,1101,968,1194,1085	
2021_132.pdf	6	11684	1447,2438,2090,1862,1805,190	
2021_133.pdf	5	6290	1265,1773,1650,485,62	
2021_134.pdf	12	2168	1072,62,62,62,62,62,62,62,62,62,62,62	
2021_135.pdf	1	368	297	
2021_136.pdf	1	1538	1266	
2021_137.pdf	1	969	784	
2021_138.pdf	3	2168	516,1120,141	
2021_139.pdf	20	40781	1145,2901,1627,2329,2348,2446,2757,2714,2231,1908,1966,2593,1921,1562,282,1188,1029,1133,452,299	
2021_140.pdf	20	41325	1043,2793,1578,2324,2386,2346,2840,2690,2423,1900,1976,2609,2017,1814,282,1346,1028,1133,452,299	
2021_141.pdf	3	2155	486,1158,137	
2021_142.pdf	22	44067	1163,2690,2106,2143,2386,2067,2988,2633,2395,2045,1750,2138,2639,2052,1708,151,273,1401,1019,1157,444,297	
2021_143.pdf	22	44900	1162,2635,2279,2165,2363,2068,2988,2634,2395,2151,1755,2320,2674,2062,1793,151,273,1576,1017,1156,444,297	
2021_144.pdf	1	863	711	
2021_145.pdf	27	51983	1232,2020,1692,1386,1404,1178,1297,1504,1349,1132,1462,1160,2404,2199,1859,1802,2506,2272,1719,1586,1878,1596,1690,1805,777,1194,1074	
2021_146.pdf	3	5577	1281,1941,1478	
2021_147.pdf	9	18868	1024,2204,2409,1835,1758,2793,1964,1821,215	
2021_148.pdf	1	1005	838	
2021_149.pdf	3	4962	1292,1746,1064	
2021_150.pdf	1	869	709	
2021_151.pdf	1	839	689	
2021_152.pdf	2	1878	1383,167	
2021_153.pdf	6	1299	738,63,63,63,63,63	
2021_154.pdf	3	5876	1310,2314,1289	
2021_155.pdf	3	5110	1217,1907,1187	
2021_156.pdf	2	2294	1400,491	
2021_157.pdf	1	1409	1200	
2021_158.pdf	1	1172	961	
2022_001.pdf	1	627	516	
2022_002.pdf	3	6817	1395,2538,1739	
2022_003.pdf	1	374	301	
2022_004.pdf	3	4393	1920,1496,173	
2022_005.pdf	3	8364	1832,2760,2468	
2022_006.pdf	28	70499	1427,2426,1781,2293,2212,2983,2623,1979,1910,2055,2331,1732,1857,2499,2538,2693,2490,2156,2379,2977,2267,2012,2239,2245,1921,1598,1345,1064	
2022_007.pdf	2	2451	1559,487	
2022_008.pdf	30	59445	1033,1673,2220,1669,1646,2015,2418,2220,2312,2217,1709,212,1094,1752,2150,1588,1646,2015,2417,2220,2312,2217,1709,201,217,1771,1304,1741,1305,1317	
2022_009.pdf	1	922	758	
2022_010.pdf	3	5944	1621,2183,1160	
2022_011.pdf	2	2962	1668,750	
2022_012.pdf	10	21868	905,1941,1916,2185,1530,2800,2558,2571,1728,409	
2022_013.pdf	2	2154	1419,336	
2022_014.pdf	6	8388	1196,739,1335,1021,2161,344	
2022_015.pdf	1	1355	1102	
2022_016.pdf	2	1925	1454,151	
2022_017.pdf	38	52642	1088,1174,1366,1379,1283,1291,1195,1225,1128,1559,1260,1005,904,1114,1128,1205,1155,1084,1051,1009,1093,1090,1041,1151,1174,1285,1131,1052,1179,1000,1179,1038,1145,1066,1181,1045,1150,371	
2022_018.pdf	2	1761	1297,164	
2022_019.pdf	3	5787	1693,1873,1266	
2022_020.pdf	1	1399	1192	
2022_021.pdf	1	1588	1297	
2022_022.pdf	1	1125	915	
2022_023.pdf	1	1097	910	
2022_024.pdf	1	1485	1244	
2022_025.pdf	2	1880	1422,148	
2022_026.pdf	5	9579	1501,2261,1668,1758,840	
2022_027.pdf	5	11347	1587,2045,2533,2295,1126	
2022_028.pdf	1	1212	995	
2022_029.pdf	1	908	743	
2022_030.pdf	2	3815	1957,1149	
2022_031.pdf	2	3342	1535,1298	
2022_032.pdf	1	1662	1375	
2022_033.pdf	27	57220	1113,1240,2675,2292,1947,1833,1772,1953,1930,2004,2497,2423,2298,2255,2413,2194,1811,2095,1789,2078,2120,782,1463,980,817,803,528	
2022_034.pdf	1	962	774	
2022_035.pdf	2	3100	1551,1046	
2022_036.pdf	2	2278	1009,854	
2022_037.pdf	2	1886	1010,556	
2022_038.pdf	3	4118	1333,1909,207	
2022_039.pdf	2	2423	1753,254	
2022_040.pdf	15	1815	611,59,59,59,59,59,59,59,59,59,59,59,59,59,59	
2022_041.pdf	3	4954	1253,2497,477	
2022_042.pdf	2	2928	1694,771	
2022_043.pdf	1	1665	1408	
2022_044.pdf	4	7419	1318,2058,2456,578	
2022_045.pdf	14	2220	998,59,59,59,59,59,59,59,59,59,59,59,59,59	
2022_046.pdf	2	1867	1331,193	
2022_047.pdf	14	29320	1194,1549,1426,1738,1678,2183,1973,1992,2375,1514,1968,2153,2227,1001	
2022_048.pdf	2	1898	1323,240	
2022_049.pdf	2	3369	1489,1322	
2022_050.pdf	1	1606	1339	
2022_051.pdf	1	1623	1365	
2022_052.pdf	2	1644	1183,168	
2022_053.pdf	3	5288	1955,1291,1046	
2022_054.pdf	2	2662	1171,1019	
2022_055.pdf	5	9027	1656,1877,2340,1268,449	
2022_056.pdf	1	1012	826	
2022_057.pdf	1	1567	1321	
2022_058.pdf	1	1102	924	
2022_059.pdf	3	3666	1227,1467,361	
2022_060.pdf	1	1041	847	
2022_061.pdf	14	30015	1138,2207,2021,1885,1932,2185,1586,1543,1651,2620,1882,1948,1640,847	
2022_062.pdf	72	153404	1319,1833,1992,1770,1994,1725,1884,2113,1691,1837,1482,1846,1604,1832,1621,1723,1615,1712,1681,1567,1695,1634,1524,1621,1649,1646,1232,1031,1636,1678,1846,1595,1814,1227,1304,1919,1809,1366,1445,1697,1565,1910,1800,1229,1867,1835,1653,1454,1352,1638,1894,1773,1992,1862,2064,1974,1605,1307,956,1868,1811,1953,1852,2229,2136,2066,1932,1868,2010,1986,1998,1171	
2022_063.pdf	1	1084	900	
2022_064.pdf	2	2108	1415,342	
2022_065.pdf	1	1463	1228	
2022_066.pdf	1	486	387	
2022_067.pdf	2	3477	1419,1511	
2022_068.pdf	2	2159	1281,498	
2022_069.pdf	1	1445	1187	
2022_070.pdf	7	13720	1025,1894,1809,1245,1734,2330,1542	
2022_071.pdf	8	15954	1055,2013,1873,1270,2134,1739,1858,1583	
2022_072.pdf	1	969	812	
2022_073.pdf	1	472	386	
2022_074.pdf	2	1634	1207,157	
2022_075.pdf	3	3539	1410,1345,158	
2022_076.pdf	5	10995	1884,2357,2267,2454,422	
2022_077.pdf	1	1167	967	
2022_078.pdf	11	20591	1407,1946,1721,1678,2488,1367,1768,1368,1450,783,1193	
2022_079.pdf	2	2685	1711,562	
2022_080.pdf	20	44180	1370,2403,2256,2498,1440,2054,1869,1556,2100,2345,2044,2637,2081,2259,1973,1699,460,712,1935,1815	
2022_081.pdf	2	2886	1208,1169	
2022_082.pdf	2	2026	1221,455	
2022_083.pdf	2	2680	1359,847	
2022_084.pdf	3	3079	1866,634,60	
2022_085.pdf	1	1314	1090	
2022_086.pdf	3	3278	1250,1225,200	
2022_087.pdf	5	6283	1326,692,1268,1103,838	
2022_088.pdf	8	15032	1108,1844,1804,1171,1817,2208,1713,1106	
2022_089.pdf	1	452	365	
2022_090.pdf	6	8567	1201,742,1336,1024,2164,490	
2022_091.pdf	1	1162	951	
2022_092.pdf	22	40608	1487,2032,2128,1975,2234,2544,2457,1695,1658,1991,1782,1526,107,260,1809,1757,1683,873,1209,1245,1356,559	
2022_093.pdf	14	20425	1020,220,1136,1469,1410,1420,1113,1280,1571,1358,1207,1414,1625,879	
2022_094.pdf	8	15640	1081,1710,2473,2325,1595,1708,1518,689	
2022_095.pdf	2	2679	1753,492	
2022_096.pdf	13	27864	1116,1973,2557,2003,1842,1762,2186,3046,2071,1999,1561,1605,232	
2022_097.pdf	2	2286	1440,469	
2022_098.pdf	1	1220	1027	
2022_099.pdf	6	11445	1264,1694,2309,1936,1742,791	
2022_100.pdf	1	566	462	
2022_101.pdf	4	8883	1812,1841,2394,1455	
2022_102.pdf	1	567	463	
2022_103.pdf	2	1820	1300,206	
2022_104.pdf	32	14355	1889,2174,2230,1180,1657,452,71,62,62,62,62,62,62,71,62,62,62,62,408,62,62,62,62,62,62,276,62,62,62,62,62,284	
2022_105.pdf	6	7461	922,288,1524,1538,998,969	
2022_106.pdf	1	1395	1146	
2022_107.pdf	3	4201	2044,1192,180	
2022_108.pdf	2	1665	1241,145	
2022_109.pdf	2	1701	1257,164	
2022_110.pdf	1	846	692	
2022_111.pdf	4	6744	1318,1987,1728,636	
2022_112.pdf	87	200705	602,989,888,967,1071,1389,1750,1686,2462,1868,2346,2450,2105,2149,1691,1956,1916,1708,2369,1726,2125,2330,1865,1908,1739,1844,1799,2206,2383,1397,1731,1825,2073,1904,2048,2340,1879,2092,2110,1936,1791,1589,1718,2443,1784,1857,1640,2631,1960,1939,2318,1811,1956,2082,1929,2138,1779,2559,2418,2283,1644,2162,2290,2048,2569,1848,2947,2427,2598,2703,2491,1779,2022,2620,1348,1900,2256,1969,2065,1711,1865,2152,2159,2100,2609,1674,553	
2022_113.pdf	6	11587	1537,2209,2277,1844,1775,152	
2022_114.pdf	6	2031	1351,62,62,62,62,62	
2022_115.pdf	5	8832	926,1655,1994,2158,697	
2022_116.pdf	15	30069	1017,2449,2403,2233,1598,1936,2483,1752,1603,1943,1473,1623,1754,1118,231	
2022_117.pdf	3	3771	1185,1827,141	
2022_118.pdf	3	3476	1195,1391,353	
2022_119.pdf	25	36800	1079,1789,1698,1634,1808,1578,1892,1672,1950,1481,2056,1484,1627,737,1177,281,248,453,853,1303,331,280,212,1268,832	
2022_120.pdf	24	49389	700,257,2458,1951,1837,1585,1817,2410,2247,2154,1702,1859,2257,2438,2130,1887,1998,1587,1953,1940,1888,837,353,1972	
2022_121.pdf	1	1571	1301	
2022_122.pdf	1	1428	1187	
2022_123.pdf	2	1852	1351,200	
2022_124.pdf	10	15984	1099,1272,1121,888,1255,1107,1665,2130,1772,418	
2022_125.pdf	1	992	815	
2022_126.pdf	1	954	778	
2022_127.pdf	1	1554	1297	
2022_128.pdf	10	22143	891,1767,2209,2609,2183,1957,2523,2089,2269,638	
2022_129.pdf	7	6922	718,295,1448,1103,1103,512,307	
2022_130.pdf	7	6984	683,286,1684,1133,985,544,307	
2022_131.pdf	8	18769	1359,2802,1985,2579,2501,2537,2092,153	
2022_132.pdf	3	3334	1164,1443,167	
2022_133.pdf	7	1755	1062,62,62,62,62,62,62	
2022_134.pdf	4	6416	1070,2044,2141,169	
2022_135.pdf	18	44313	1312,2008,2581,2023,2750,2638,1525,2104,2289,2375,2632,1841,1902,2554,1804,1914,1876,1532	
2022_136.pdf	2	2945	1417,1072	
2022_137.pdf	1	1825	1542	
2022_138.pdf	2	2775	1254,1101	
2022_139.pdf	2	1669	1176,216	
2022_140.pdf	1	1113	916	
2022_141.pdf	5	8698	1434,2024,2059,1571,194	
2022_142.pdf	7	9371	923,954,852,1170,1154,1239,1369	
2022_143.pdf	2	3336	1393,1358	
2022_144.pdf	1	1100	899	
2022_145.pdf	5	3513	1212,1426,199,63,63	
2022_146.pdf	5	3797	1214,1514,337,76,63	
2022_147.pdf	3	1064	655,65,158	
2022_148.pdf	2	1607	1169,147	
2022_149.pdf	5	10258	1207,2383,1927,1777,1432	
2022_150.pdf	54	117639	716,927,781,967,1142,1477,2084,2229,1900,1855,1391,2132,2537,1781,2333,3031,1697,2081,2436,2399,2389,1950,1981,1787,1804,1855,2227,1920,2366,1776,2133,1187,1688,1506,1646,2251,2251,1953,2444,1252,1916,1682,1632,1498,1555,2260,2129,2025,2211,2131,2051,1905,1701,1450	
2022_151.pdf	3	5392	1436,1551,1542	
2022_152.pdf	7	12633	1310,2083,1669,1654,1824,2017,156	
2022_153.pdf	2	1462	1021,151	
2022_154.pdf	4	6862	1409,1937,1919,488	
2022_155.pdf	1	796	658	
2022_156.pdf	35	84865	1329,2029,2085,1811,1798,1920,2406,1798,1896,1699,2599,2489,2366,2536,2028,2188,2002,2585,2092,1794,1603,2383,2435,2471,1766,2153,2419,1985,2001,2435,2330,2771,1786,1912,629	
2022_157.pdf	7	18782	1515,1918,2310,3330,2211,3159,1706	
2022_158.pdf	4	6421	1201,1702,1599,804	
2022_159.pdf	5	9636	891,1745,2260,2457,775	
2022_160.pdf	2	1984	1279,334	
2022_161.pdf	1	1401	1133	
2022_162.pdf	3	2280	1619,157,89	
2022_163.pdf	4	6833	1249,1784,2076,705	
2022_164.pdf	1	721	586	
2022_165.pdf	42	136361	1627,859,2205,1792,682,2718,3360,2218,2809,3669,2346,2213,3661,4051,1578,2891,3135,2516,2607,3102,3550,2872,2172,2449,4060,3279,657,3031,3568,4240,2739,2700,3761,3181,1540,3010,3305,2851,3486,3700,3250,2893	
2022_166.pdf	27	53771	1629,2115,2318,2434,1379,1800,1879,2043,2023,2245,1993,2208,1844,314,1786,1956,1794,1737,1285,1072,1382,1671,1351,1722,925,1792,1205	
2022_167.pdf	1	1431	1165	
2023_001.pdf	2	2794	1574,751	
2023_002.pdf	2	2968	1501,972	
2023_003.pdf	12	25519	727,2282,2063,2029,2357,1862,1873,1599,2341,1853,2108,767	
2023_004.pdf	1	1222	1011	
2023_005.pdf	14	29877	1209,1680,1474,2206,1678,2062,2141,2093,1623,1502,2531,2277,1725,1420	
2023_006.pdf	15	31458	1267,1554,1663,2226,1885,1594,2368,2041,1930,1353,2339,2170,2139,1828,549	
2023_007.pdf	1	1497	1245	
2023_008.pdf	2	1649	1127,232	
2023_009.pdf	4	8398	1301,2057,1959,1937	
2023_010.pdf	1	935	769	
2023_011.pdf	1	943	771	
2023_012.pdf	4	5840	1323,2015,1060,415	
2023_013.pdf	2	2773	1159,1143	
2023_014.pdf	6	8520	1187,740,1336,1021,2160,485	
2023_015.pdf	33	73681	1111,1330,2488,2175,2131,2225,1937,1374,1433,1888,1858,2245,1986,1782,2491,2014,1988,1944,1743,2112,1568,2116,2057,2379,2207,2426,1869,1939,1847,1922,1891,1390,235	
2023_016.pdf	2	1951	1483,157	
2023_017.pdf	3	4781	1372,2026,563	
2023_018.pdf	7	14843	1897,2211,2357,1719,2049,1822,582	
2023_019.pdf	1	514	419	
2023_020.pdf	4	8723	1150,1841,2346,2042	
2023_021.pdf	1	787	638	
2023_022.pdf	13	2374	1205,58,58,58,58,58,58,58,58,58,58,58,58	
2023_023.pdf	31	71240	1086,1865,2444,2156,1930,1726,2635,1786,1866,2100,2088,2160,1757,2457,2016,2191,2479,1781,1754,1972,2106,1928,2157,2225,1361,1346,2345,2551,1849,2433,263	
2023_024.pdf	3	5970	983,2335,1732	
2023_025.pdf	38	83769	1001,1467,2116,1773,2171,2413,2554,1693,2081,2008,1983,2208,1676,1349,1797,2513,2899,1869,1793,2208,2467,1844,2008,2166,1240,2258,1254,1703,1537,2297,1529,1974,2598,1808,1612,1419,1358,335	
2023_026.pdf	2	1694	1258,162	
2023_027.pdf	1	1058	874	
2023_028.pdf	1	1495	1239	
2023_029.pdf	1	1228	991	
2023_030.pdf	6	7177	955,284,1496,1607,925,743	
2023_031.pdf	2	1692	1134,240	
2023_032.pdf	8	13646	1189,1416,1995,1800,1756,1381,1874,206	
2023_033.pdf	29	60858	1555,2156,3150,3229,3181,3274,2502,2245,2322,1863,1975,1499,1356,1582,1405,1299,1519,1363,1757,1309,1275,1140,1074,2309,754,726,636,555,1426	
2023_034.pdf	1	1255	1026	
2023_035.pdf	2	2468	1597,413	
2023_036.pdf	1	1164	942	
2023_037.pdf	6	5192	991,300,96,1131,1025,512	
2023_038.pdf	8	8353	998,582,292,1778,1186,1163,546,251	
2023_039.pdf	9	19632	1253,1848,1929,2380,1642,2017,2514,2090,1105	
2023_040.pdf	1	660	533	
2023_041.pdf	4	6000	1329,2064,1438,260	
2023_042.pdf	8	1405	701,59,59,59,59,59,59,59	
2023_043.pdf	11	24473	1541,1523,1927,1524,1469,1785,2514,2806,2251,2112,1135	
2023_044.pdf	7	15835	1616,1623,1988,2699,2579,1946,1143	
2023_045.pdf	1	1178	988	
2023_046.pdf	10	21569	1137,1821,1848,2189,1749,2733,2539,1991,1680,676	
2023_047.pdf	2	2074	1580,159	
2023_048.pdf	7	14248	993,1853,2423,1627,1921,1785,1455	
2023_049.pdf	2	1908	1450,151	
2023_050.pdf	9	20755	1522,1844,2255,2300,2130,2033,1922,2316,1407	
2023_051.pdf	1	946	766	
2023_052.pdf	1	418	338	
2023_053.pdf	10	18204	1408,2150,1736,1623,2055,1821,1898,1102,1250,687	
2023_054.pdf	4	3770	665,218,1500,753	
2023_055.pdf	1	1599	1319	
2023_056.pdf	15	33511	1315,2547,2580,2418,2564,2412,2330,1784,1562,1738,1473,1971,1973,1513,348	
2023_057.pdf	1	763	621	
2023_058.pdf	10	16727	1487,2083,2317,1771,822,1265,1265,1093,1260,744	
2023_059.pdf	2	2279	1636,262	
2023_060.pdf	2	4456	1758,2003	
2023_061.pdf	17	38419	1260,1732,1951,2546,2084,1525,2321,1441,2042,2250,2213,2510,1916,1389,1806,2164,1551	
2023_062.pdf	3	3402	1504,201,1148	
2023_063.pdf	1	1556	1282	
2023_064.pdf	4	7590	1484,2492,2312,142	
2023_065.pdf	12	12712	1320,2223,1784,1630,2053,1321,57,57,57,57,57,57	
2023_066.pdf	6	12786	1475,1896,2003,1824,1821,1913	
2023_067.pdf	1	1119	926	
2023_068.pdf	2	2083	1393,314	
2023_069.pdf	4	8634	1596,2773,1927,1024	
2023_070.pdf	3	3703	1067,1940,148	
2023_071.pdf	7	16643	1564,2199,2008,2627,2491,1804,1362	
2023_072.pdf	5	10044	1025,2079,1747,2098,1417	
2023_073.pdf	1	1183	983	
2023_074.pdf	2	3031	1575,922	
2023_075.pdf	15	36661	1003,1290,1766,2809,2296,2080,2694,2175,2325,2022,2253,2101,2645,2251,1475	
2023_076.pdf	2	2680	1107,1107	
2023_077.pdf	1	1264	1061	
2023_078.pdf	1	1213	1020	
2023_079.pdf	1	1351	1139	
2023_080.pdf	1	1030	862	
2023_081.pdf	1	1017	829	
2023_082.pdf	1	1640	1353	
2023_083.pdf	4	4708	1319,987,1306,232	
2023_084.pdf	2	2125	1250,461	
2023_085.pdf	1	473	387	
2023_086.pdf	1	1606	1340	
2023_087.pdf	1	1624	1366	
2023_088.pdf	1	773	630	
2023_089.pdf	2	2671	1370,902	
2023_090.pdf	1	1276	1083	
2023_091.pdf	1	1101	922	
2023_092.pdf	6	8557	1188,743,1334,1023,2164,492	
2023_093.pdf	1	1078	887	
2023_094.pdf	2	1574	1139,159	
2023_095.pdf	3	1498	987,202,63	
2023_096.pdf	1	1453	1200	
2023_097.pdf	1	1248	1038	
2023_098.pdf	3	4570	1687,1939,198	
2023_099.pdf	1	425	346	
2023_100.pdf	1	1000	846	
2023_101.pdf	2	1702	1253,158	
2023_102.pdf	1	1327	1090	
2023_103.pdf	5	9294	1483,1995,2194,2001,168	
2023_104.pdf	4	7378	1454,2274,1918,652	
2023_105.pdf	1	1678	1365	
2023_106.pdf	13	15110	1043,1734,2079,2217,2437,2573,371,63,63,63,63,63,63	
2023_107.pdf	16	24877	1364,2410,1912,1763,1669,1164,1097,1086,803,972,1057,978,1071,1112,1215,1481	
2023_108.pdf	1	1431	1175	
2023_109.pdf	8	1324	619,62,62,62,62,62,62,62	
2023_110.pdf	2	2807	1346,954	
2023_111.pdf	1	1531	1258	
2023_112.pdf	2	2535	1231,866	
2023_113.pdf	1	1276	1020	
2023_114.pdf	1	1725	1398	
2023_115.pdf	8	13371	1282,1004,1109,1102,1419,1865,2178,726	
2023_116.pdf	4	5104	995,1581,1546,195	
2023_117.pdf	2	2768	1089,1183	
2023_118.pdf	1	1121	927	
2023_119.pdf	9	21908	1346,232,432,926,418,4272,3583,4049,2782	
2023_120.pdf	2	2797	1469,859	
2023_121.pdf	4	5205	873,1504,1196,636	
2023_122.pdf	1	1040	856	
2023_123.pdf	1	797	656	
2023_124.pdf	1	837	680	
2023_125.pdf	2	2527	1365,741	
2023_126.pdf	6	10522	2009,1817,2127,1369,283,1071	
2023_127.pdf	15	36863	1104,1544,1595,2478,2666,1987,2379,2741,3031,2892,2202,3110,1608,1881,394	
2023_128.pdf	8	8824	1489,693,307,1611,1126,1064,518,323	
2023_129.pdf	8	8583	1251,154,298,1818,1281,1216,655,294	
2023_130.pdf	1	448	364	
2024_001.pdf	2	2209	1391,428	
2024_002.pdf	4	4596	1699,580,749,770	
2024_003.pdf	1	486	397	
2024_004.pdf	10	19849	943,2040,2161,2214,2115,1698,1942,2064,1434,321	
2024_005.pdf	1	1161	968	
2024_006.pdf	8	18240	1498,2169,2114,2040,1961,2275,2739,862	
2024_007.pdf	1	1678	1368	
2024_008.pdf	1	1671	1380	
2024_009.pdf	2	2634	961,1213	
2024_010.pdf	2	1615	1007,327	
2024_011.pdf	6	8536	1182,740,1336,1021,2161,485	
2024_012.pdf	4	5108	1212,885,1084,1015	
2024_013.pdf	1	1196	997	
2024_014.pdf	3	4508	1577,1479,706	
2024_015.pdf	4	7489	1294,2208,2055,779	
2024_016.pdf	2	2048	1568,154	
2024_017.pdf	41	55209	1197,1074,1315,1338,1291,1276,1162,1151,867,1124,1578,1256,1001,900,1110,854,1259,991,914,1282,1064,1108,1064,1004,1138,1123,1141,1192,1121,1110,1076,1134,1090,1118,817,1109,1049,1188,1161,1073,150	
2024_018.pdf	2	2203	1551,303	
2024_019.pdf	1	941	783	
2024_020.pdf	1	1661	1355	
2024_021.pdf	2	3067	1336,1121	
2024_022.pdf	4	6472	982,2349,1441,651	
2024_023.pdf	2	1579	937,329	
2024_024.pdf	11	21781	1099,2570,1552,1799,1987,1421,1709,1938,2121,1528,443	
2024_025.pdf	9	20060	1512,2204,2121,2205,2098,2245,1890,2087,825	
2024_026.pdf	1	1124	952	
2024_027.pdf	5	10143	1371,2335,1753,2179,932	
2024_028.pdf	1	872	709	
2024_029.pdf	3	4821	1143,2025,803	
2024_030.pdf	2	2786	1511,760	
2024_031.pdf	1	551	461	
2024_032.pdf	5	7177	1320,893,1557,1753,510	
2024_033.pdf	1	1609	1346	
2024_034.pdf	2	1672	944,431	
2024_035.pdf	1	1372	1127	
2024_036.pdf	1	590	484	
2024_037.pdf	2	2950	1466,1023	
2024_038.pdf	2	2667	1467,735	
2024_039.pdf	3	946	512,57,189	
2024_040.pdf	1	1342	1112	
2024_041.pdf	22	38685	1103,1502,1045,1724,489,1724,1980,855,1668,1732,1559,1503,1528,1660,1215,1608,1735,1774,1749,1850,1414,360	
2024_042.pdf	1	1051	865	
2024_043.pdf	3	1284	794,72,190	
2024_044.pdf	28	42957	396,1014,1403,1346,1242,1518,1370,1268,1532,1159,1277,1102,1165,1285,1105,1204,1272,949,1101,1361,1220,1351,1246,1123,1465,1415,1030,1097	
2024_045.pdf	1	1685	1410	
2024_046.pdf	1	1705	1439	
2024_047.pdf	5	11501	1731,2526,2550,1810,1150	
2024_048.pdf	1	1033	856	
2024_049.pdf	1	458	373	
2024_050.pdf	2	4927	1948,2297	
2024_051.pdf	1	723	594	
2024_052.pdf	3	5371	1432,1876,1208	
2024_053.pdf	1	521	424	
2024_054.pdf	22	45289	1212,2668,2685,1916,2179,2026,2555,2584,2399,1921,1824,2068,2596,2429,1791,1241,199,1426,1014,1177,439,314	
2024_055.pdf	19	39920	1104,2809,1894,2264,2192,2144,2804,2572,2349,1948,1782,2601,2400,1428,199,1204,1025,988,447	
2024_056.pdf	2	2194	1172,666	
2024_057.pdf	104	243605	656,1020,886,919,543,1680,1462,2033,1807,2588,2224,2443,1960,2290,1858,2051,1691,1808,1913,1648,2256,1691,2127,2157,1954,2172,1714,1222,2205,2054,2516,1696,1602,1750,2532,2115,2080,1831,2029,2312,2068,1632,2481,1787,1867,1461,2158,2255,1834,1875,1715,2491,1957,1973,2314,1910,2067,2052,2258,2195,1865,1748,2943,2224,2436,1915,2076,1680,2324,1724,2752,1907,2856,2717,2144,2833,2566,2401,2177,1555,2106,2534,1353,1898,2252,1969,2028,1879,1849,1987,2109,1958,2462,2540,1679,1816,1700,2544,2304,2512,2215,2062,2308,635	
2024_058.pdf	2	2203	1624,236	
2024_059.pdf	4	5843	1382,1911,1522,156	
2024_060.pdf	105	242587	401,807,1039,704,919,965,1722,1775,1730,1931,2650,1614,2406,1970,2231,1731,2045,1691,1808,1913,1648,2250,1676,2127,2157,1936,2166,1687,1189,2196,2030,2491,1668,1562,1710,2524,2107,2056,1868,1946,2305,2042,1721,2407,1708,1867,1446,2158,2227,1780,1827,1674,2491,1957,1966,2314,1890,2063,2041,2246,2179,1853,1935,3011,2065,2528,1646,2059,1660,1929,1694,2351,2406,2562,2653,2277,2648,2362,2487,1917,1908,1754,2771,1649,1807,2325,2014,2206,1805,1811,1963,2226,1990,2444,2540,1679,1806,1905,2497,2395,2338,2522,1589,2308,635	
2024_061.pdf	1	606	486	
2024_062.pdf	7	14336	1447,2084,1666,1756,2072,1970,979	
2024_063.pdf	29	66837	1066,792,1594,2142,2549,1991,2583,2828,2092,2169,1627,1428,2310,1805,2334,2476,2538,2251,1970,1598,1890,1501,1696,2415,1975,2356,2244,2208,472	
2024_064.pdf	6	11576	746,1818,2476,1745,1948,1081	
2024_065.pdf	5	9196	1374,2216,1954,1839,404	
2024_066.pdf	2	1660	1112,239	
2024_067.pdf	1	557	450	
2024_068.pdf	1	1175	986	
2024_069.pdf	1	1385	1151	
2024_070.pdf	1	733	605	
2024_071.pdf	1	917	765	
2024_072.pdf	1	774	641	
2024_073.pdf	9	18274	958,1637,1958,1707,1732,2373,2036,1760,1194	
2024_074.pdf	3	4964	1975,2089,152	
2024_075.pdf	8	17206	1544,1664,1865,2437,2502,1577,1141,1841	
2024_076.pdf	8	959	341,57,57,57,57,57,57,57	
2024_077.pdf	20	40429	373,1346,3322,1542,2261,2391,2379,2787,2607,1926,1792,2129,2532,2177,1050,257,1204,1025,988,447	
2024_078.pdf	8	16414	858,2290,1762,2005,1785,2637,1885,564	
2024_079.pdf	1	540	444	
2024_080.pdf	1	990	806	
2024_081.pdf	1	1699	1385	
2024_082.pdf	1	1244	1008	
2024_083.pdf	13	19751	1467,1739,355,1513,1438,1296,1504,1173,1539,1409,1310,1206,1051	
2024_084.pdf	18	38301	1411,2312,1924,1836,2035,1661,1919,1520,2096,1946,2131,2190,2039,1750,1637,1652,1167,1449	
2024_085.pdf	21	46088	1607,2200,1891,2255,1818,1594,2021,1523,1990,2281,2175,1486,1546,1754,2584,2019,2417,2178,1648,1767,590	
2024_086.pdf	16	32232	1150,1720,2110,1700,2128,1293,1210,2151,1825,1993,2058,1516,2133,1850,1702,484	
2024_087.pdf	2	1611	1152,173	
2024_088.pdf	6	9432	1566,754,1382,1043,2166,737	
2024_089.pdf	18	33800	1034,1740,2242,1593,1651,2231,2314,1936,2431,2232,2004,418,222,1523,955,1697,1562,854	
2024_090.pdf	1	841	683	
2024_091.pdf	5	7330	1014,1297,1722,1308,512	
2024_092.pdf	6	9323	1124,1329,1865,1344,1785,682	
2024_093.pdf	2	1957	1405,213	
2024_094.pdf	2	1620	1115,206	
2024_095.pdf	2	1794	1305,172	
2024_096.pdf	2	2643	1372,804	
2024_097.pdf	2	1464	1048,159	
2024_098.pdf	2	2707	1718,492	
2024_099.pdf	1	1053	876	
2024_100.pdf	10	20472	1102,1703,1606,1738,1869,2371,1840,1986,1581,1324	
2024_101.pdf	6	909	427,62,62,62,62,62	
2024_102.pdf	1	1404	1150	
2024_103.pdf	36	3188	462,62,62,62,62,62,62,62,62,62,62,62,62,62,62,62,62,62,62,62,62,62,62,62,62,62,62,62,62,62,62,62,62,62,62,62	
2024_104.pdf	2	3904	1344,1931	
2024_105.pdf	17	33843	1062,1187,2013,2151,2310,2124,2319,1316,1411,1814,1595,1840,1683,1971,1420,838,1723	
2024_106.pdf	1	1376	1133	
2024_107.pdf	1	818	676	
2024_108.pdf	1	813	673	
2024_109.pdf	1	806	667	
2024_110.pdf	1	790	653	
2024_111.pdf	1	802	666	
2024_112.pdf	1	795	654	
2024_113.pdf	1	802	662	
2024_114.pdf	1	1132	947	
2024_115.pdf	3	3963	1286,1702,287	
2024_116.pdf	2	2220	1284,543	
2024_117.pdf	2	1747	1248,169	
2024_118.pdf	7	8953	963,1362,1025,1261,1122,935,196	
2024_119.pdf	5	8501	1853,1654,1847,1274,571	
2024_120.pdf	193	462987	1423,1790,247,2721,2929,2426,2332,2277,3235,4239,4313,1017,2150,2398,1393,2565,1043,576,2898,3213,2896,3634,2212,1714,2801,3775,1896,662,2519,2385,2649,2627,2370,798,2473,2442,1401,2461,4303,769,705,2589,2331,868,2610,925,622,2184,1916,2026,1243,881,2598,3446,1792,2836,2521,2882,767,650,2697,2758,2855,2195,2565,984,2481,971,712,2685,2504,3142,1521,2277,2584,2790,2682,1737,682,2562,2989,3616,3235,4455,3373,3268,2545,2023,1763,2547,2999,2713,558,2657,1577,951,2424,1222,581,2456,1377,566,2668,2121,1719,2314,1080,586,2797,2365,897,2569,2610,2424,609,2822,1959,1291,2444,1005,583,2428,1473,1260,2442,3593,1771,2674,3211,3273,2907,2290,603,2434,1990,2144,603,1423,2585,1586,2339,489,2621,2644,665,2412,2123,689,624,2603,3719,875,2194,1875,1103,1806,2712,2551,590,2384,2617,1262,564,2657,2122,2407,1937,2221,2067,1509,687,2569,2555,2520,1010,2679,2751,2851,883,2550,1986,2529,1341,1206,2294,2434,3050,730,689,1825,299,1819,293	
2024_121.pdf	1	629	514	
2024_122.pdf	3	6244	1701,1827,1804	
2024_123.pdf	4	8301	1989,2917,1848,569	
2024_124.pdf	1	929	756	
2024_125.pdf	2	1960	1421,182	
2024_126.pdf	1	492	404	
2024_127.pdf	1	736	605	
2024_128.pdf	1	967	789	
2024_129.pdf	1	1085	895	
2024_130.pdf	1	1485	1233	
2024_131.pdf	7	14683	1453,2254,2437,2138,1778,1625,852	
2024_132.pdf	1	961	806	
2024_133.pdf	3	2815	1485,684,153	
2024_134.pdf	1	1320	1063	
2024_135.pdf	1	547	452	
2024_136.pdf	19	34046	1044,2343,1844,2133,2004,2235,1945,2079,2091,2370,2168,2063,482,518,663,981,586,1180,408	
2024_137.pdf	1	558	461	
2024_138.pdf	1	1672	1384	
2024_139.pdf	2	2786	1464,859	
2024_140.pdf	1	1248	1016	
2024_141.pdf	1	869	703	
2024_142.pdf	1	1299	1053	
2024_143.pdf	20	43723	1220,2663,2687,1920,2150,2161,2570,2635,2458,2090,1756,2393,2725,2253,1518,262,1453,1021,1014,437	
2024_144.pdf	19	39926	1100,2885,1846,2268,2222,2460,2598,2706,2284,1858,2063,2519,2165,1208,271,1228,1029,988,451	
2024_145.pdf	2	1608	1184,148	
2024_146.pdf	1	821	664	
2024_147.pdf	1	1310	1065	
2024_148.pdf	1	900	732	
2024_149.pdf	1	1144	951	
2024_150.pdf	4	5519	1259,1841,1306,168	
2024_151.pdf	2	1498	1055,169	
2024_152.pdf	1	1069	864	
2024_153.pdf	1	1237	1005	
2024_154.pdf	8	1851	1062,64,64,64,64,64,64,64	
2024_155.pdf	8	13200	1352,2083,879,1271,794,1926,2105,187	
2024_156.pdf	2	2308	1308,612	
2024_157.pdf	2	2457	1241,804	
2024_158.pdf	1	999	818	
2024_159.pdf	1	1262	1042	
2025_001.pdf	2	1734	1252,175	
2025_002.pdf	6	9696	1657,1299,1784,1674,1606,218	
2025_003.pdf	5	6337	1370,693,1270,1110,835	
2025_004.pdf	2	3193	1886,726	
2025_005.pdf	3	4633	1324,1108,1385	
2025_006.pdf	3	3031	561,1425,563	
2025_007.pdf	4	7199	1250,1833,1835,1066	
2025_008.pdf	1	1890	1570	
2025_009.pdf	2	1395	998,147	
2025_010.pdf	2	2591	1202,940	
2025_011.pdf	1	610	506	
2025_013.pdf	2	1720	979,445	
2025_014.pdf	10	12696	1243,1566,1462,1960,1513,435,550,714,430,722	
2025_015.pdf	1	525	431	
2025_016.pdf	1	1037	873	
2025_017.pdf	6	9357	1557,747,1374,1037,2155,721	
2025_018.pdf	2	3629	1763,1266	
2025_019.pdf	2	1479	1101,147	
2025_020.pdf	2	3245	1466,1251	
2025_021.pdf	4	6837	1209,1718,1692,1122	
2025_022.pdf	9	21725	1402,2544,2023,2362,2621,2739,2290,1698,836	
2025_023.pdf	2	546	344,99	
2025_024.pdf	44	90119	891,853,761,485,1759,1842,2905,2097,2369,1978,2451,1773,2124,2295,2011,2615,1833,2807,1689,1715,2364,2153,1893,2019,1800,1813,1771,1573,1636,2559,2248,1939,2406,1412,1478,1789,355,1093,1405,627,1531,1647,1567,577	
2025_025.pdf	1	696	570	
2025_026.pdf	2	3130	1608,919	
2025_027.pdf	1	856	694	
2025_028.pdf	3	3976	1463,1724,180	
2025_029.pdf	130	432703	1942,1170,3093,2673,3402,2265,1628,2895,4023,2405,568,2953,3907,3634,1074,2836,3144,2507,1713,2902,3659,3166,3231,765,1138,2750,3985,3102,1086,3078,3867,4051,2930,1002,2671,3324,2992,292,3038,3894,3389,3299,2646,3052,4122,3630,3002,3278,284,3085,4064,3353,2409,2808,4020,3973,3253,3468,1340,2794,3521,4190,3012,3272,1768,2918,4006,3098,790,3096,3697,2564,765,2971,4049,2956,2668,1412,2969,3828,3618,1373,2312,3122,4012,3036,3094,1009,3210,3742,2973,1196,3184,3765,4096,3222,1720,3095,3610,4649,2814,3125,1721,2984,3826,3010,2050,2800,3408,4290,2947,2356,870,3255,3367,3645,500,2965,3669,3555,2488,887,2881,3742,3804,3208,3563,3616,2949,413	
2025_030.pdf	1	565	469	
2025_031.pdf	3	4496	1418,1990,339	
2025_032.pdf	3	5168	901,2223,1255	
2025_033.pdf	65	148342	635,778,843,988,1032,545,1677,2517,2704,2561,2244,2031,2228,1738,1849,1985,2393,1964,1817,1924,2765,1789,2095,2456,1922,1729,1944,2920,2591,1937,2304,2211,1607,1906,1963,2024,2213,2236,1976,1856,2302,2140,2614,1587,1800,1944,2027,1710,1833,2038,2823,2338,2259,1758,2090,1660,1903,2189,2382,2583,2696,1871,1531,1911,410	
2025_034.pdf	26	53035	844,665,893,873,1710,1933,2129,2451,2186,2599,2220,2229,1773,1840,1565,1362,1149,1638,2106,2009,2050,2295,2491,1748,2044,156	
2025_035.pdf	4	8569	1471,1810,2045,1896	
2025_036.pdf	26	2706	737,59,59,59,59,59,59,59,59,59,59,59,59,59,59,59,59,59,59,59,59,59,59,59,59,59	
2025_037.pdf	1	1574	1331	
2025_038.pdf	4	6952	1300,1819,1952,722	
2025_039.pdf	7	10121	1016,822,1795,1786,1518,1334,156	
2025_040.pdf	2	1633	1221,132	
2025_041.pdf	2	1827	1075,428	
2025_042.pdf	2	2576	1244,878	
2025_043.pdf	3	6055	2008,2202,829	
2025_044.pdf	5	11290	1697,2093,2325,2476,1074	
2025_045.pdf	15	32545	1458,1701,1914,1935,2168,2205,2064,1850,1983,1728,1550,2329,1996,2012,730	
2025_046.pdf	14	29861	1617,1762,1905,1989,2210,2082,2309,2342,1282,1824,2075,1942,1888,294	
2025_047.pdf	11	27906	1557,2281,2783,2505,2141,2162,2501,1942,1965,2105,1831	
2025_048.pdf	10	24388	1531,2636,2359,2150,2142,2237,2076,2012,2017,1631	
2025_049.pdf	2	2846	1333,995	
2025_050.pdf	2	2758	1477,830	
2025_051.pdf	1	1025	854	
2025_052.pdf	1	1410	1198	
2025_053.pdf	2	3250	1542,1121	
2025_054.pdf	1	728	602	
2025_055.pdf	1	880	727	
2025_056.pdf	1	810	688	
2025_057.pdf	1	850	704	
2025_058.pdf	1	869	728	
2025_059.pdf	1	1172	976	
2025_060.pdf	3	3679	1389,1516,176	
2025_061.pdf	10	21925	1053,2083,2493,1850,2124,1891,2183,1804,1996,1154	
2025_062.pdf	3	6709	1776,2522,1425	
2025_063.pdf	4	7293	1000,2297,2265,595	
2025_064.pdf	10	12370	848,1087,1080,996,720,1178,1034,1133,830,204	
2025_065.pdf	1	1210	992	
2025_066.pdf	6	11086	1405,2276,1709,2055,1429,377	
2025_067.pdf	7	14653	1084,1551,2162,2155,2700,1201,1594	
2025_068.pdf	1	1677	1405	
2025_069.pdf	1	1698	1433	
2025_070.pdf	34	80656	875,1071,1187,1733,1795,1893,1922,2376,2606,1818,1715,1476,2203,2289,2640,2486,2104,2856,3020,2056,2744,2245,1771,1862,2616,2131,2080,1975,1942,2185,2510,2248,1983,1037	
2025_071.pdf	1	534	440	
2025_072.pdf	1	753	614	
2025_073.pdf	12	19904	1268,2040,1468,1631,2184,1109,870,1379,1509,1429,1229,563	
2025_074.pdf	4	6830	1439,1755,1542,930	
2025_075.pdf	2	2130	1611,145	
2025_076.pdf	2	2597	1086,1115	
2025_077.pdf	10	19789	1358,2005,1606,1755,1556,2204,2155,2103,1750,193	
2025_078.pdf	10	21382	1315,2028,1509,2051,1831,2489,1858,2456,2007,584	
2025_079.pdf	4	4955	978,1079,1954,147	
2025_080.pdf	18	42183	644,1564,2194,2380,2243,1983,2086,2513,1853,2304,1808,1818,2248,2449,2032,1848,1733,1668	
2025_081.pdf	1	1579	1296	
2025_082.pdf	5	13641	1875,2893,2609,2616,1505	
2025_083.pdf	1	516	416	
2025_084.pdf	1	1063	855	
2025_085.pdf	1	706	589	
2025_086.pdf	1	1149	968	
2025_087.pdf	1	1360	1133	
2025_088.pdf	8	7923	354,1068,837,552,1278,877,884,316	
2025_089.pdf	2	1595	1139,144	
2025_090.pdf	7	14790	1683,1797,1962,2000,1949,2191,1064	
2025_092.pdf	12	11477	1083,746,646,698,644,701,647,669,626,557,1069,356	
2025_093.pdf	2	2612	1528,615	
2025_094.pdf	5	9129	1255,1869,2278,2176,161	
2025_095.pdf	5	6610	982,1554,1561,1276,161	
2025_096.pdf	5	9104	1242,2375,2349,1611,154	
2025_097.pdf	1	1307	1093	
2025_098.pdf	51	57862	1264,1062,1345,1040,1090,1077,1124,783,914,911,958,920,798,802,835,691,877,923,857,880,774,878,821,871,931,809,803,795,945,809,809,914,900,908,740,886,928,769,921,860,791,915,767,652,853,924,816,910,925,909,294	
2025_099.pdf	1	1514	1266	
2025_100.pdf	41	55459	995,1175,1237,1220,1283,1358,1322,1234,938,1148,1145,1326,1319,936,986,982,1227,1065,1023,958,1044,1026,984,1115,1060,1051,1142,1291,1271,1006,1068,1164,1161,1018,1139,1061,1076,1107,1183,1116,292	
2025_101.pdf	1	565	468	
2025_102.pdf	1	465	384	
2025_103.pdf	14	34667	1468,2769,2741,2768,2665,2835,2673,2434,3239,2975,2353,376,64,64	
2025_104.pdf	3	5962	1509,2236,1295	
2025_105.pdf	6	9788	1604,754,1381,1044,2163,1014	
2025_106.pdf	5	8508	1471,2017,981,1724,1062	
2025_107.pdf	9	15571	849,1721,1762,1754,1167,1348,1716,2403,279	
2025_108.pdf	9	16478	920,1364,2106,2043,2145,1818,1723,1611,167	
2025_109.pdf	34	4156	1155,314,62,62,62,62,62,62,62,62,62,62,62,62,62,62,62,62,62,62,62,62,62,62,62,62,62,62,62,62,62,62,62,62	
2025_110.pdf	84	7417	707,62,62,62,62,62,62,62,62,62,62,62,62,62,62,62,62,62,62,62,62,62,62,62,62,62,62,62,62,62,62,62,62,62,62,62,62,62,62,62,62,62,62,62,62,62,62,62,62,62,62,62,62,62,62,62,62,62,62,62,62,62,62,62,62,62,62,62,62,62,62,62,62,62,62,62,62,62,62,62,62,62,62,62	
2025_111.pdf	5	1154	697,62,62,62,62	
2025_112.pdf	1	1387	1162	
2025_113.pdf	1	1285	1046	
2025_114.pdf	6	8251	1641,2059,1519,1519,155,62	
2025_115.pdf	1	1280	1048	
2025_116.pdf	6	8840	1154,1441,1423,1617,1807,166	
2025_117.pdf	6	10834	1438,2053,2120,1727,1603,202	
2025_118.pdf	31	49429	1463,2459,1747,433,919,857,1192,1520,931,967,700,1218,996,1242,1025,1625,1173,1435,1047,1502,1284,753,760,1126,1468,1575,1202,1841,2186,2113,574	
2025_119.pdf	3	4671	1404,1899,596	
2025_120.pdf	1	1202	994	
2025_121.pdf	4	5142	1053,1409,1571,202	
2025_122.pdf	18	34324	956,1740,2243,1675,1650,2254,2352,2001,2364,2013,2032,438,223,1816,828,1868,1680,855	
2025_123.pdf	1	1455	1196	
2025_124.pdf	231	577082	833,80,2841,2914,2272,2052,2551,2753,3654,4653,2251,2136,1990,2182,2335,2444,2098,2465,1091,2276,1348,1173,2333,3068,3169,3822,2219,2512,1468,2262,3816,2471,1143,2265,1881,2709,2357,3115,1190,2331,2544,2552,2302,4653,712,836,2313,2434,927,2283,1238,656,2305,1915,1837,1294,1078,2268,2932,2806,2628,3085,535,2262,3214,757,645,2293,3201,3404,3069,562,1073,2326,1058,789,2354,3540,3101,2804,2164,2414,2749,3268,1721,717,2349,2807,3753,3175,4231,3634,3409,2507,1872,2203,2325,3393,2420,552,2541,1901,944,2253,1008,575,2256,1551,560,2318,2079,2542,1980,580,2116,2804,891,2330,3868,1253,603,2450,2537,1351,2321,946,577,2309,1664,1298,2261,3289,2625,2603,3251,3367,3216,2288,1196,2261,2623,1430,1640,2352,1926,2478,2352,2638,764,2305,2418,672,2326,3144,1521,884,2315,2485,1241,1916,2283,2969,584,2088,2439,2184,558,2271,2444,2531,2267,2575,2002,752,2331,2271,2397,2386,2619,2772,1293,877,2672,1975,2504,1328,1626,2415,3912,1373,713,1871,2889,3024,2574,2512,2201,2626,2405,2700,2225,2140,2604,2029,2829,2583,2825,2677,2790,2469,1866,2414,955,2280,2530,2647,2645,2213,760,1170,2289,1931,578,2338,2388,828,623,2307,2250,1974,620	
2025_125.pdf	2	2532	1348,770	
2025_126.pdf	4	5680	1268,1791,1527,211	
2025_127.pdf	51	69753	877,3580,4237,2898,2641,2377,2861,1825,1887,2756,2051,1720,2651,2399,2395,2703,2680,1952,1295,1348,1425,1503,2517,2890,1908,64,64,64,64,64,64,64,64,64,64,64,64,64,64,64,64,64,64,64,64,64,64,64,64,64,64	
2025_128.pdf	9	13660	1348,970,1132,1643,1342,1138,1409,1842,451	
2025_129.pdf	4	5524	1170,1412,1187,749	
2025_130.pdf	8	12613	684,702,1120,1818,1943,1622,1972,742	
2025_131.pdf	1	937	769	
2025_132.pdf	26	35020	1176,1024,592,931,1278,845,638,905,870,787,846,1204,980,1045,994,883,1149,1141,1447,1913,2155,1784,1539,949,937,1053	
2025_133.pdf	1	1278	1049	
2025_134.pdf	1	1068	875	
2025_135.pdf	1	1255	1041	
2025_136.pdf	3	4264	1401,1511,594	
2025_137.pdf	4	5729	1022,1568,1538,546	
2025_138.pdf	6	13038	1405,1935,2112,2199,2469,1029	
2025_139.pdf	3	3375	1166,1479,199	
2025_140.pdf	1	1025	832	
2025_141.pdf	1	1088	911	
2025_142.pdf	2	3518	1653,1327	
2025_143.pdf	6	7604	810,280,1941,1166,1086,552	
2025_144.pdf	6	6662	732,277,1451,1107,922,503	
2025_145.pdf	6	11749	1415,2795,1444,2497,1476,299	
2025_146.pdf	2	2616	1380,828	
2025_147.pdf	2	2003	1472,191	
2025_148.pdf	2	4094	1591,1789	
2025_149.pdf	4	6640	1330,2136,1899,165	
2025_150.pdf	8	15432	1226,2028,1724,1845,2131,2001,1769,265	
2025_151.pdf	1	1402	1192	
2025_152.pdf	2	3093	1688,862	
2025_153.pdf	1	1088	894	
2025_154.pdf	5	11336	900,1996,2343,2379,1885	
2025_155.pdf	1	1432	1186	
2025_156.pdf	2	3195	1175,1392	
2025_157.pdf	2	2512	1089,988	
2025_158.pdf	2	1909	1319,260	
2025_159.pdf	3	942	647,64,64	
2025_160.pdf	18	34590	1106,1478,2321,1733,1544,2065,2755,1964,2498,2014,2036,436,223,1816,828,1868,1703,855	
2025_161.pdf	1	1657	1380	
2025_162.pdf	2	1903	1387,191	
2025_163.pdf	30	45863	996,1520,1082,1021,1411,1355,1456,1731,1432,806,1539,1166,1285,1110,1172,1293,1214,1211,1281,956,1107,1373,1229,1360,1253,1130,1467,1424,1038,1107	
2025_164.pdf	8	18021	1956,2362,2199,1989,1716,1953,1988,1311	
2025_165.pdf	1	1323	1108	
2025_166.pdf	1	583	486	
2025_167.pdf	2	2080	1464,261	
2026_001.pdf	1	419	344	
2026_002.pdf	1	634	514	
2026_003.pdf	2	2430	1713,322	
2026_004.pdf	1	463	384	
2026_005.pdf	1	1165	945	
2026_006.pdf	3	4357	1448,1527,157	
2026_007.pdf	2	3074	1347,1182	
2026_008.pdf	1	1373	1134	
2026_009.pdf	8	8865	1454,1607,1792,1887,247,76,122,201	
2026_010.pdf	1	420	342	
2026_011.pdf	4	7986	1473,2806,2025,446	
2026_012.pdf	1	1511	1249	
2026_013.pdf	1	907	752	
2026_014.pdf	1	1221	1007	
2026_015.pdf	6	6110	1041,1095,640,645,934,266	
2026_016.pdf	1	861	696	
2026_017.pdf	6	9016	1281,161,1286,1088,2114,1286	
2026_018.pdf	52	123766	1151,1407,1426,1843,1773,2209,2435,2462,2686,2095,1668,1558,1985,2000,2344,1895,1908,1712,2210,1984,2293,2326,1985,2182,2425,1805,2299,2186,2414,2588,2581,2184,2033,2430,1686,1873,1939,2387,1647,1686,1745,1517,1749,2077,2782,2046,2017,2481,1734,1534,1669,1149	
2026_019.pdf	1	1268	1056	
2026_020.pdf	1	789	659	
2026_021.pdf	5	9050	1280,1609,2072,1789,864	
2026_022.pdf	6	9292	1332,749,1374,1038,2147,1019	
2026_023.pdf	15	38205	1028,1634,2273,2359,2521,2476,2788,1810,3026,2462,2370,2418,2380,1965,1136	
2026_024.pdf	8	14703	1256,1565,1720,1870,1360,1961,1598,1081	
2026_025.pdf	6	13121	1356,2149,1809,2187,1870,1686	
2026_026.pdf	16	33610	1077,2060,2349,2316,1988,1513,2357,2635,1719,1791,1899,1611,1544,1831,1408,533	
2026_027.pdf	18	43771	1290,2402,2388,2469,1830,2036,2518,2128,2118,2152,1804,2095,1806,1956,2169,2020,2028,1798	
2026_028.pdf	2	2254	1278,592	
2026_029.pdf	1	1088	882	
2026_030.pdf	30	57269	1574,2071,2402,2409,1182,1904,1798,1923,2531,2469,1718,2367,1912,705,1671,1917,1824,1785,1382,1127,1331,1660,1440,1720,928,1804,1200,681,712,471	
2026_031.pdf	19	39353	1010,2857,1802,2262,2232,2487,2608,2720,2252,1896,2077,2666,2421,1376,316,138,1005,1035,427	
2026_032.pdf	20	40021	1010,2859,1860,2260,2166,2164,2700,2678,2278,2060,1787,2559,2593,1940,308,316,138,1001,1034,427	
2026_033.pdf	21	44459	1084,2748,2616,2031,2167,2190,2373,2670,2281,2015,1677,2151,2547,2657,1894,490,298,1406,1011,1036,436	
2026_034.pdf	21	45613	1084,2748,2629,1898,2211,2186,2597,2669,2282,2015,1889,2150,2635,2602,2044,740,298,1560,1009,1032,436	
2026_035.pdf	2	1949	1455,157	
2026_036.pdf	2	1400	968,182	
2026_037.pdf	9	12658	1025,1148,1304,990,1444,1113,1063,1321,882	
2026_038.pdf	1	795	664	
2026_039.pdf	1	1575	1301	
2026_040.pdf	2	3048	1443,1079	
2026_041.pdf	1	740	602	
2026_042.pdf	1	898	726	
2026_043.pdf	2	1602	1138,180	
2026_044.pdf	5	10595	1815,1041,2442,2408,1218	
2026_045.pdf	2	4160	2117,1363	
2026_046.pdf	1	882	704	
2026_047.pdf	10	14749	1555,1900,2031,1992,1336,428,774,705,879,760	
2026_048.pdf	34	83702	1050,796,1654,1783,2426,2512,2393,3001,2587,1837,2513,1429,2331,1684,2177,2850,2126,2750,2544,1826,2119,1342,1555,2223,2643,1787,2503,1953,2193,2605,2287,2095,2070,1626	
2026_049.pdf	1	487	404	
2026_050.pdf	17	38217	1192,2538,1662,1775,2174,2279,1259,2439,1938,2175,1837,1918,1901,1822,1893,2190,1185	
2026_051.pdf	5	4180	1333,1000,1087,56,56	
2026_052.pdf	2	3397	1461,1355	
2026_053.pdf	1	1641	1359	
2026_054.pdf	2	1923	1444,178	
2026_055.pdf	1	854	704	
2026_056.pdf	1	1695	1417	
2026_057.pdf	1	1702	1407	
2026_058.pdf	1	1161	955	
2026_059.pdf	2	2714	1407,831	
2026_060.pdf	16	33123	1517,1788,2284,1945,1649,1985,1862,2261,1611,1559,1622,1639,1690,1722,1855,1167	
2026_061.pdf	4	5755	1329,1480,1862,151	
2026_062.pdf	2	1623	1198,154	
2026_063.pdf	23	2634	856,58,58,58,58,58,58,58,58,58,58,58,58,58,58,58,58,58,58,58,58,58,58	
2026_064.pdf	1	1392	1145	
2026_065.pdf	7	12884	1063,2124,2093,2103,1533,1817,154	
2026_066.pdf	2	1833	1357,158	
2026_067.pdf	4	6596	1327,1837,2255,158	
2026_068.pdf	1	1085	897	
2026_069.pdf	24	49837	1036,1184,1683,1806,2138,1574,1724,1969,2034,1989,1722,1589,2022,2230,2167,2125,1386,2087,1868,1381,1694,1850,1728,838	
2026_070.pdf	7	15143	1641,2203,2603,2378,1314,2064,773	
2026_071.pdf	12	26486	1234,2668,2275,2471,2398,2342,1636,1770,1828,2037,1499,368	
2026_072.pdf	4	6781	1392,1841,2129,302	
2026_073.pdf	3	6148	1460,2580,1205	
2026_074.pdf	31	63194	952,1739,2236,1708,1728,2234,2416,1996,2162,1958,2001,1916,203,1287,2238,1916,1500,1995,2089,2508,2167,2225,1776,2162,1307,216,1816,1042,1862,1643,848	
2026_075.pdf	1	1377	1145	
2026_076.pdf	1	1168	983	
2026_077.pdf	1	838	699	
2026_078.pdf	8	18036	1137,1580,2087,2465,2776,2410,2266,591	
2026_079.pdf	2	1845	1248,303	
2026_080.pdf	1	1312	1081	
2026_081.pdf	6	10897	1260,1556,1840,1704,1665,986	
2026_082.pdf	10	2694	1454,308,58,58,58,58,58,58,58,58	
2026_083.pdf	5	9800	1711,1927,2021,1408,1292	
2026_084.pdf	2	1871	1268,270	
2026_085.pdf	2	2425	1390,680	
2026_086.pdf	2	2050	1519,172	
2026_087.pdf	8	14510	1504,1610,1719,1999,2193,596,1151,1385	
2026_088.pdf	6	10566	1185,2007,1975,1204,1088,1469	
2026_089.pdf	6	9132	1331,753,1376,1041,2140,903	
2026_090.pdf	5	4977	1955,1055,1102,62,62	
2026_091.pdf	2	2722	1237,1021	
2026_092.pdf	23	2613	700,63,63,63,63,63,63,63,63,63,63,63,63,63,63,63,63,63,63,63,63,63,63	
2026_093.pdf	22	49027	1009,1707,1832,1885,2223,2589,2087,1831,1909,1657,1488,1494,2123,2465,2200,2531,2456,1935,1719,1659,1292,1093	
2026_094.pdf	3	5707	1752,1620,1426	
2026_095.pdf	3	4775	1365,1421,1256	
2026_096.pdf	1	1262	1029	
2026_097.pdf	3	4255	1488,1374,166	
2026_098.pdf	2	1920	1386,191	
2026_099.pdf	3	5441	1529,2167,888	
2026_100.pdf	1	1193	978	
2026_101.pdf	2	2671	1854,393	
