file	page	nonws_chars	header_matched	nonws_after_header
2026_098.pdf	2	191	header	131
2026_097.pdf	3	166	header	103
2026_092.pdf	2	63	header	0
2026_092.pdf	3	63	header	0
2026_092.pdf	4	63	header	0
2026_092.pdf	5	63	header	0
2026_092.pdf	6	63	header	0
2026_092.pdf	7	63	header	0
2026_092.pdf	8	63	header	0
2026_092.pdf	9	63	header	0
2026_092.pdf	10	63	header	0
2026_092.pdf	11	63	header	0
2026_092.pdf	12	63	header	0
2026_092.pdf	13	63	header	0
2026_092.pdf	14	63	header	0
2026_092.pdf	15	63	header	0
2026_092.pdf	16	63	header	0
2026_092.pdf	17	63	header	0
2026_092.pdf	18	63	header	0
2026_092.pdf	19	63	header	0
2026_092.pdf	20	63	header	0
2026_092.pdf	21	63	header	0
2026_092.pdf	22	63	header	0
2026_092.pdf	23	63	header	0
2026_090.pdf	4	62	header	0
2026_090.pdf	5	62	header	0
2026_086.pdf	2	172	nohdr	172
2026_082.pdf	3	58	header	0
2026_082.pdf	4	58	header	0
2026_082.pdf	5	58	header	0
2026_082.pdf	6	58	header	0
2026_082.pdf	7	58	header	0
2026_082.pdf	8	58	header	0
2026_082.pdf	9	58	header	0
2026_082.pdf	10	58	header	0
2026_067.pdf	4	158	header	100
2026_066.pdf	2	158	header	100
2026_065.pdf	7	154	header	96
2026_063.pdf	2	58	header	0
2026_063.pdf	3	58	header	0
2026_063.pdf	4	58	header	0
2026_063.pdf	5	58	header	0
2026_063.pdf	6	58	header	0
2026_063.pdf	7	58	header	0
2026_063.pdf	8	58	header	0
2026_063.pdf	9	58	header	0
2026_063.pdf	10	58	header	0
2026_063.pdf	11	58	header	0
2026_063.pdf	12	58	header	0
2026_063.pdf	13	58	header	0
2026_063.pdf	14	58	header	0
2026_063.pdf	15	58	header	0
2026_063.pdf	16	58	header	0
2026_063.pdf	17	58	header	0
2026_063.pdf	18	58	header	0
2026_063.pdf	19	58	header	0
2026_063.pdf	20	58	header	0
2026_063.pdf	21	58	header	0
2026_063.pdf	22	58	header	0
2026_063.pdf	23	58	header	0
2026_062.pdf	2	154	header	96
2026_061.pdf	4	151	header	93
2026_054.pdf	2	178	header	121
2026_051.pdf	4	56	header	0
2026_051.pdf	5	56	header	0
2026_043.pdf	2	180	header	121
2026_036.pdf	2	182	header	124
2026_035.pdf	2	157	header	99
2026_032.pdf	17	138	header	80
2026_031.pdf	16	138	header	80
2026_017.pdf	2	161	header	101
2026_009.pdf	6	76	header	18
2026_009.pdf	7	122	header	64
2026_006.pdf	3	157	header	100
2025_162.pdf	2	191	header	127
2025_159.pdf	2	64	header	0
2025_159.pdf	3	64	header	0
2025_149.pdf	4	165	header	101
2025_147.pdf	2	191	header	127
2025_139.pdf	3	199	header	135
2025_127.pdf	26	64	header	0
2025_127.pdf	27	64	header	0
2025_127.pdf	28	64	header	0
2025_127.pdf	29	64	header	0
2025_127.pdf	30	64	header	0
2025_127.pdf	31	64	header	0
2025_127.pdf	32	64	header	0
2025_127.pdf	33	64	header	0
2025_127.pdf	34	64	header	0
2025_127.pdf	35	64	header	0
2025_127.pdf	36	64	header	0
2025_127.pdf	37	64	header	0
2025_127.pdf	38	64	header	0
2025_127.pdf	39	64	header	0
2025_127.pdf	40	64	header	0
2025_127.pdf	41	64	header	0
2025_127.pdf	42	64	header	0
2025_127.pdf	43	64	header	0
2025_127.pdf	44	64	header	0
2025_127.pdf	45	64	header	0
2025_127.pdf	46	64	header	0
2025_127.pdf	47	64	header	0
2025_127.pdf	48	64	header	0
2025_127.pdf	49	64	header	0
2025_127.pdf	50	64	header	0
2025_127.pdf	51	64	header	0
2025_124.pdf	2	80	header	16
2025_116.pdf	6	166	header	104
2025_114.pdf	5	155	header	93
2025_114.pdf	6	62	header	0
2025_111.pdf	2	62	header	0
2025_111.pdf	3	62	header	0
2025_111.pdf	4	62	header	0
2025_111.pdf	5	62	header	0
2025_110.pdf	2	62	header	0
2025_110.pdf	3	62	header	0
2025_110.pdf	4	62	header	0
2025_110.pdf	5	62	header	0
2025_110.pdf	6	62	header	0
2025_110.pdf	7	62	header	0
2025_110.pdf	8	62	header	0
2025_110.pdf	9	62	header	0
2025_110.pdf	10	62	header	0
2025_110.pdf	11	62	header	0
2025_110.pdf	12	62	header	0
2025_110.pdf	13	62	header	0
2025_110.pdf	14	62	header	0
2025_110.pdf	15	62	header	0
2025_110.pdf	16	62	header	0
2025_110.pdf	17	62	header	0
2025_110.pdf	18	62	header	0
2025_110.pdf	19	62	header	0
2025_110.pdf	20	62	header	0
2025_110.pdf	21	62	header	0
2025_110.pdf	22	62	header	0
2025_110.pdf	23	62	header	0
2025_110.pdf	24	62	header	0
2025_110.pdf	25	62	header	0
2025_110.pdf	26	62	header	0
2025_110.pdf	27	62	header	0
2025_110.pdf	28	62	header	0
2025_110.pdf	29	62	header	0
2025_110.pdf	30	62	header	0
2025_110.pdf	31	62	header	0
2025_110.pdf	32	62	header	0
2025_110.pdf	33	62	header	0
2025_110.pdf	34	62	header	0
2025_110.pdf	35	62	header	0
2025_110.pdf	36	62	header	0
2025_110.pdf	37	62	header	0
2025_110.pdf	38	62	header	0
2025_110.pdf	39	62	header	0
2025_110.pdf	40	62	header	0
2025_110.pdf	41	62	header	0
2025_110.pdf	42	62	header	0
2025_110.pdf	43	62	header	0
2025_110.pdf	44	62	header	0
2025_110.pdf	45	62	header	0
2025_110.pdf	46	62	header	0
2025_110.pdf	47	62	header	0
2025_110.pdf	48	62	header	0
2025_110.pdf	49	62	header	0
2025_110.pdf	50	62	header	0
2025_110.pdf	51	62	header	0
2025_110.pdf	52	62	header	0
2025_110.pdf	53	62	header	0
2025_110.pdf	54	62	header	0
2025_110.pdf	55	62	header	0
2025_110.pdf	56	62	header	0
2025_110.pdf	57	62	header	0
2025_110.pdf	58	62	header	0
2025_110.pdf	59	62	header	0
2025_110.pdf	60	62	header	0
2025_110.pdf	61	62	header	0
2025_110.pdf	62	62	header	0
2025_110.pdf	63	62	header	0
2025_110.pdf	64	62	header	0
2025_110.pdf	65	62	header	0
2025_110.pdf	66	62	header	0
2025_110.pdf	67	62	header	0
2025_110.pdf	68	62	header	0
2025_110.pdf	69	62	header	0
2025_110.pdf	70	62	header	0
2025_110.pdf	71	62	header	0
2025_110.pdf	72	62	header	0
2025_110.pdf	73	62	header	0
2025_110.pdf	74	62	header	0
2025_110.pdf	75	62	header	0
2025_110.pdf	76	62	header	0
2025_110.pdf	77	62	header	0
2025_110.pdf	78	62	header	0
2025_110.pdf	79	62	header	0
2025_110.pdf	80	62	header	0
2025_110.pdf	81	62	header	0
2025_110.pdf	82	62	header	0
2025_110.pdf	83	62	header	0
2025_110.pdf	84	62	header	0
2025_109.pdf	3	62	header	0
2025_109.pdf	4	62	header	0
2025_109.pdf	5	62	header	0
2025_109.pdf	6	62	header	0
2025_109.pdf	7	62	header	0
2025_109.pdf	8	62	header	0
2025_109.pdf	9	62	header	0
2025_109.pdf	10	62	header	0
2025_109.pdf	11	62	header	0
2025_109.pdf	12	62	header	0
2025_109.pdf	13	62	header	0
2025_109.pdf	14	62	header	0
2025_109.pdf	15	62	header	0
2025_109.pdf	16	62	header	0
2025_109.pdf	17	62	header	0
2025_109.pdf	18	62	header	0
2025_109.pdf	19	62	header	0
2025_109.pdf	20	62	header	0
2025_109.pdf	21	62	header	0
2025_109.pdf	22	62	header	0
2025_109.pdf	23	62	header	0
2025_109.pdf	24	62	header	0
2025_109.pdf	25	62	header	0
2025_109.pdf	26	62	header	0
2025_109.pdf	27	62	header	0
2025_109.pdf	28	62	header	0
2025_109.pdf	29	62	header	0
2025_109.pdf	30	62	header	0
2025_109.pdf	31	62	header	0
2025_109.pdf	32	62	header	0
2025_109.pdf	33	62	header	0
2025_109.pdf	34	62	header	0
2025_108.pdf	9	167	header	106
2025_103.pdf	13	64	header	0
2025_103.pdf	14	64	header	0
2025_096.pdf	5	154	header	92
2025_095.pdf	5	161	header	99
2025_094.pdf	5	161	header	99
2025_089.pdf	2	144	header	86
2025_079.pdf	4	147	header	90
2025_077.pdf	10	193	header	136
2025_075.pdf	2	145	header	87
2025_060.pdf	3	176	header	119
2025_040.pdf	2	132	header	73
2025_039.pdf	7	156	header	97
2025_036.pdf	2	59	header	0
2025_036.pdf	3	59	header	0
2025_036.pdf	4	59	header	0
2025_036.pdf	5	59	header	0
2025_036.pdf	6	59	header	0
2025_036.pdf	7	59	header	0
2025_036.pdf	8	59	header	0
2025_036.pdf	9	59	header	0
2025_036.pdf	10	59	header	0
2025_036.pdf	11	59	header	0
2025_036.pdf	12	59	header	0
2025_036.pdf	13	59	header	0
2025_036.pdf	14	59	header	0
2025_036.pdf	15	59	header	0
2025_036.pdf	16	59	header	0
2025_036.pdf	17	59	header	0
2025_036.pdf	18	59	header	0
2025_036.pdf	19	59	header	0
2025_036.pdf	20	59	header	0
2025_036.pdf	21	59	header	0
2025_036.pdf	22	59	header	0
2025_036.pdf	23	59	header	0
2025_036.pdf	24	59	header	0
2025_036.pdf	25	59	header	0
2025_036.pdf	26	59	header	0
2025_034.pdf	26	156	header	97
2025_028.pdf	3	180	header	122
2025_023.pdf	2	99	header	42
2025_019.pdf	2	147	header	90
2025_009.pdf	2	147	header	89
2025_001.pdf	2	175	header	119
2024_155.pdf	8	187	header	123
2024_154.pdf	2	64	header	0
2024_154.pdf	3	64	header	0
2024_154.pdf	4	64	header	0
2024_154.pdf	5	64	header	0
2024_154.pdf	6	64	header	0
2024_154.pdf	7	64	header	0
2024_154.pdf	8	64	header	0
2024_151.pdf	2	169	header	105
2024_150.pdf	4	168	header	104
2024_145.pdf	2	148	header	84
2024_133.pdf	3	153	header	90
2024_125.pdf	2	182	header	118
2024_118.pdf	7	196	header	133
2024_117.pdf	2	169	header	106
2024_103.pdf	2	62	header	0
2024_103.pdf	3	62	header	0
2024_103.pdf	4	62	header	0
2024_103.pdf	5	62	header	0
2024_103.pdf	6	62	header	0
2024_103.pdf	7	62	header	0
2024_103.pdf	8	62	header	0
2024_103.pdf	9	62	header	0
2024_103.pdf	10	62	header	0
2024_103.pdf	11	62	header	0
2024_103.pdf	12	62	header	0
2024_103.pdf	13	62	header	0
2024_103.pdf	14	62	header	0
2024_103.pdf	15	62	header	0
2024_103.pdf	16	62	header	0
2024_103.pdf	17	62	header	0
2024_103.pdf	18	62	header	0
2024_103.pdf	19	62	header	0
2024_103.pdf	20	62	header	0
2024_103.pdf	21	62	header	0
2024_103.pdf	22	62	header	0
2024_103.pdf	23	62	header	0
2024_103.pdf	24	62	header	0
2024_103.pdf	25	62	header	0
2024_103.pdf	26	62	header	0
2024_103.pdf	27	62	header	0
2024_103.pdf	28	62	header	0
2024_103.pdf	29	62	header	0
2024_103.pdf	30	62	header	0
2024_103.pdf	31	62	header	0
2024_103.pdf	32	62	header	0
2024_103.pdf	33	62	header	0
2024_103.pdf	34	62	header	0
2024_103.pdf	35	62	header	0
2024_103.pdf	36	62	header	0
2024_101.pdf	2	62	header	0
2024_101.pdf	3	62	header	0
2024_101.pdf	4	62	header	0
2024_101.pdf	5	62	header	0
2024_101.pdf	6	62	header	0
2024_097.pdf	2	159	header	96
2024_095.pdf	2	172	header	109
2024_087.pdf	2	173	header	111
2024_076.pdf	2	57	header	0
2024_076.pdf	3	57	header	0
2024_076.pdf	4	57	header	0
2024_076.pdf	5	57	header	0
2024_076.pdf	6	57	header	0
2024_076.pdf	7	57	header	0
2024_076.pdf	8	57	header	0
2024_074.pdf	3	152	header	95
2024_059.pdf	4	156	header	98
2024_055.pdf	15	199	nohdr	199
2024_054.pdf	17	199	nohdr	199
2024_043.pdf	2	72	header	15
2024_043.pdf	3	190	header	133
2024_039.pdf	2	57	header	0
2024_039.pdf	3	189	header	132
2024_017.pdf	41	150	header	93
2024_016.pdf	2	154	header	97
2023_129.pdf	2	154	header	91
2023_116.pdf	4	195	header	132
2023_109.pdf	2	62	header	0
2023_109.pdf	3	62	header	0
2023_109.pdf	4	62	header	0
2023_109.pdf	5	62	header	0
2023_109.pdf	6	62	header	0
2023_109.pdf	7	62	header	0
2023_109.pdf	8	62	header	0
2023_106.pdf	8	63	header	0
2023_106.pdf	9	63	header	0
2023_106.pdf	10	63	header	0
2023_106.pdf	11	63	header	0
2023_106.pdf	12	63	header	0
2023_106.pdf	13	63	header	0
2023_103.pdf	5	168	header	105
2023_101.pdf	2	158	header	96
2023_098.pdf	3	198	header	134
2023_095.pdf	3	63	header	0
2023_094.pdf	2	159	header	96
2023_070.pdf	3	148	header	91
2023_065.pdf	7	57	header	0
2023_065.pdf	8	57	header	0
2023_065.pdf	9	57	header	0
2023_065.pdf	10	57	header	0
2023_065.pdf	11	57	header	0
2023_065.pdf	12	57	header	0
2023_064.pdf	4	142	header	85
2023_049.pdf	2	151	header	92
2023_047.pdf	2	159	header	100
2023_042.pdf	2	59	header	0
2023_042.pdf	3	59	header	0
2023_042.pdf	4	59	header	0
2023_042.pdf	5	59	header	0
2023_042.pdf	6	59	header	0
2023_042.pdf	7	59	header	0
2023_042.pdf	8	59	header	0
2023_037.pdf	3	96	header	37
2023_026.pdf	2	162	header	104
2023_022.pdf	2	58	header	0
2023_022.pdf	3	58	header	0
2023_022.pdf	4	58	header	0
2023_022.pdf	5	58	header	0
2023_022.pdf	6	58	header	0
2023_022.pdf	7	58	header	0
2023_022.pdf	8	58	header	0
2023_022.pdf	9	58	header	0
2023_022.pdf	10	58	header	0
2023_022.pdf	11	58	header	0
2023_022.pdf	12	58	header	0
2023_022.pdf	13	58	header	0
2023_016.pdf	2	157	header	100
2022_162.pdf	2	157	header	93
2022_162.pdf	3	89	header	25
2022_153.pdf	2	151	header	88
2022_152.pdf	7	156	header	93
2022_148.pdf	2	147	header	84
2022_147.pdf	2	65	header	2
2022_147.pdf	3	158	header	95
2022_146.pdf	4	76	header	13
2022_146.pdf	5	63	header	0
2022_145.pdf	3	199	header	136
2022_145.pdf	4	63	header	0
2022_145.pdf	5	63	header	0
2022_141.pdf	5	194	header	131
2022_134.pdf	4	169	header	107
2022_133.pdf	2	62	header	0
2022_133.pdf	3	62	header	0
2022_133.pdf	4	62	header	0
2022_133.pdf	5	62	header	0
2022_133.pdf	6	62	header	0
2022_133.pdf	7	62	header	0
2022_132.pdf	3	167	header	105
2022_131.pdf	8	153	header	91
2022_117.pdf	3	141	header	79
2022_114.pdf	2	62	header	0
2022_114.pdf	3	62	header	0
2022_114.pdf	4	62	header	0
2022_114.pdf	5	62	header	0
2022_114.pdf	6	62	header	0
2022_113.pdf	6	152	header	90
2022_109.pdf	2	164	header	102
2022_108.pdf	2	145	header	83
2022_107.pdf	3	180	header	118
2022_104.pdf	7	71	header	9
2022_104.pdf	8	62	header	0
2022_104.pdf	9	62	header	0
2022_104.pdf	10	62	header	0
2022_104.pdf	11	62	header	0
2022_104.pdf	12	62	header	0
2022_104.pdf	13	62	header	0
2022_104.pdf	14	71	header	9
2022_104.pdf	15	62	header	0
2022_104.pdf	16	62	header	0
2022_104.pdf	17	62	header	0
2022_104.pdf	18	62	header	0
2022_104.pdf	20	62	header	0
2022_104.pdf	21	62	header	0
2022_104.pdf	22	62	header	0
2022_104.pdf	23	62	header	0
2022_104.pdf	24	62	header	0
2022_104.pdf	25	62	header	0
2022_104.pdf	27	62	header	0
2022_104.pdf	28	62	header	0
2022_104.pdf	29	62	header	0
2022_104.pdf	30	62	header	0
2022_104.pdf	31	62	header	0
2022_092.pdf	13	107	header	44
2022_084.pdf	3	60	header	0
2022_075.pdf	3	158	header	100
2022_074.pdf	2	157	header	99
2022_052.pdf	2	168	header	111
2022_046.pdf	2	193	header	134
2022_045.pdf	2	59	header	0
2022_045.pdf	3	59	header	0
2022_045.pdf	4	59	header	0
2022_045.pdf	5	59	header	0
2022_045.pdf	6	59	header	0
2022_045.pdf	7	59	header	0
2022_045.pdf	8	59	header	0
2022_045.pdf	9	59	header	0
2022_045.pdf	10	59	header	0
2022_045.pdf	11	59	header	0
2022_045.pdf	12	59	header	0
2022_045.pdf	13	59	header	0
2022_045.pdf	14	59	header	0
2022_040.pdf	2	59	header	0
2022_040.pdf	3	59	header	0
2022_040.pdf	4	59	header	0
2022_040.pdf	5	59	header	0
2022_040.pdf	6	59	header	0
2022_040.pdf	7	59	header	0
2022_040.pdf	8	59	header	0
2022_040.pdf	9	59	header	0
2022_040.pdf	10	59	header	0
2022_040.pdf	11	59	header	0
2022_040.pdf	12	59	header	0
2022_040.pdf	13	59	header	0
2022_040.pdf	14	59	header	0
2022_040.pdf	15	59	header	0
2022_025.pdf	2	148	header	90
2022_018.pdf	2	164	header	103
2022_016.pdf	2	151	header	91
2022_004.pdf	3	173	header	116
2021_153.pdf	2	63	header	0
2021_153.pdf	3	63	header	0
2021_153.pdf	4	63	header	0
2021_153.pdf	5	63	header	0
2021_153.pdf	6	63	header	0
2021_152.pdf	2	167	header	104
2021_143.pdf	16	151	header	88
2021_142.pdf	16	151	header	88
2021_141.pdf	3	137	header	74
2021_138.pdf	3	141	header	78
2021_134.pdf	2	62	header	0
2021_134.pdf	3	62	header	0
2021_134.pdf	4	62	header	0
2021_134.pdf	5	62	header	0
2021_134.pdf	6	62	header	0
2021_134.pdf	7	62	header	0
2021_134.pdf	8	62	header	0
2021_134.pdf	9	62	header	0
2021_134.pdf	10	62	header	0
2021_134.pdf	11	62	header	0
2021_134.pdf	12	62	header	0
2021_133.pdf	5	62	header	0
2021_132.pdf	6	190	header	128
2021_128.pdf	3	169	header	107
2021_125.pdf	3	70	header	7
2021_110.pdf	4	166	header	104
2021_096.pdf	2	193	header	133
2021_085.pdf	3	172	header	114
2021_082.pdf	10	150	header	92
2021_067.pdf	2	159	header	101
2021_058.pdf	4	187	header	131
2021_048.pdf	2	59	header	0
2021_048.pdf	3	59	header	0
2021_048.pdf	4	59	header	0
2021_048.pdf	5	59	header	0
2021_048.pdf	6	59	header	0
2021_048.pdf	7	59	header	0
2021_048.pdf	8	59	header	0
2021_048.pdf	9	59	header	0
2021_048.pdf	10	59	header	0
2021_048.pdf	11	59	header	0
2021_048.pdf	12	59	header	0
2021_048.pdf	13	59	header	0
2021_048.pdf	14	59	header	0
2021_048.pdf	15	59	header	0
2021_048.pdf	16	59	header	0
2021_048.pdf	17	59	header	0
2021_048.pdf	18	59	header	0
2021_048.pdf	19	59	header	0
2021_048.pdf	20	59	header	0
2021_048.pdf	21	59	header	0
2021_048.pdf	22	59	header	0
2021_048.pdf	23	59	header	0
2021_048.pdf	24	59	header	0
2021_048.pdf	25	59	header	0
2021_048.pdf	26	59	header	0
2021_048.pdf	27	59	header	0
2021_048.pdf	28	59	header	0
2021_048.pdf	29	59	header	0
2021_048.pdf	30	59	header	0
2021_048.pdf	31	59	header	0
2021_048.pdf	32	59	header	0
2021_048.pdf	33	59	header	0
2021_048.pdf	34	59	header	0
2021_048.pdf	35	59	header	0
2021_048.pdf	36	59	header	0
2021_048.pdf	37	59	header	0
2021_048.pdf	38	59	header	0
2021_048.pdf	39	59	header	0
2021_048.pdf	40	59	header	0
2021_048.pdf	41	59	header	0
2021_048.pdf	42	59	header	0
2021_048.pdf	43	59	header	0
2021_048.pdf	44	59	header	0
2021_048.pdf	45	59	header	0
2021_048.pdf	46	59	header	0
2021_048.pdf	47	59	header	0
2021_048.pdf	48	59	header	0
2021_048.pdf	49	59	header	0
2021_048.pdf	50	59	header	0
2021_048.pdf	51	59	header	0
2021_048.pdf	52	59	header	0
2021_048.pdf	53	59	header	0
2021_048.pdf	54	59	header	0
2021_048.pdf	55	59	header	0
2021_048.pdf	56	59	header	0
2021_048.pdf	57	59	header	0
2021_048.pdf	58	59	header	0
2021_048.pdf	59	59	header	0
2021_048.pdf	60	59	header	0
2021_048.pdf	61	59	header	0
2021_048.pdf	62	59	header	0
2021_048.pdf	63	59	header	0
2021_048.pdf	64	59	header	0
2021_048.pdf	65	59	header	0
2021_048.pdf	66	59	header	0
2021_048.pdf	67	59	header	0
2021_048.pdf	68	59	header	0
2021_045.pdf	2	113	header	54
2021_029.pdf	2	160	header	103
2021_029.pdf	12	162	header	105
2021_029.pdf	13	94	header	37
2021_029.pdf	14	95	header	38
2021_029.pdf	26	186	header	129
2021_029.pdf	27	78	header	21
2021_027.pdf	4	185	header	124
2021_021.pdf	6	173	header	112
2020_175.pdf	3	169	header	105
2020_175.pdf	4	90	header	26
2020_175.pdf	5	90	header	26
2020_171.pdf	2	155	header	91
2020_170.pdf	2	64	header	0
2020_170.pdf	3	64	header	0
2020_170.pdf	4	64	header	0
2020_170.pdf	5	64	header	0
2020_162.pdf	3	194	header	130
2020_160.pdf	8	87	header	23
2020_145.pdf	2	63	header	0
2020_145.pdf	3	63	header	0
2020_145.pdf	4	63	header	0
2020_145.pdf	5	63	header	0
2020_139.pdf	16	151	header	88
2020_123.pdf	2	199	header	136
2020_118.pdf	2	147	header	84
2020_115.pdf	7	184	header	121
2020_108.pdf	8	61	header	0
2020_108.pdf	9	61	header	0
2020_108.pdf	10	61	header	0
2020_108.pdf	11	61	header	0
2020_108.pdf	12	61	header	0
2020_108.pdf	13	61	header	0
2020_108.pdf	14	61	header	0
2020_108.pdf	15	61	header	0
2020_108.pdf	16	61	header	0
2020_108.pdf	17	61	header	0
2020_108.pdf	18	61	header	0
2020_108.pdf	19	61	header	0
2020_108.pdf	20	61	header	0
2020_108.pdf	21	61	header	0
2020_108.pdf	22	61	header	0
2020_108.pdf	23	61	header	0
2020_108.pdf	24	61	header	0
2020_108.pdf	25	61	header	0
2020_108.pdf	26	61	header	0
2020_108.pdf	27	62	header	0
2020_108.pdf	28	62	header	0
2020_108.pdf	29	62	header	0
2020_108.pdf	30	62	header	0
2020_108.pdf	31	62	header	0
2020_108.pdf	32	62	header	0
2020_108.pdf	33	62	header	0
2020_108.pdf	34	62	header	0
2020_108.pdf	35	62	header	0
2020_108.pdf	36	62	header	0
2020_108.pdf	37	62	header	0
2020_108.pdf	38	62	header	0
2020_108.pdf	39	62	header	0
2020_108.pdf	40	62	header	0
2020_108.pdf	41	62	header	0
2020_108.pdf	42	62	header	0
2020_108.pdf	43	62	header	0
2020_108.pdf	44	62	header	0
2020_108.pdf	45	62	header	0
2020_108.pdf	46	62	header	0
2020_108.pdf	47	62	header	0
2020_108.pdf	48	62	header	0
2020_108.pdf	49	62	header	0
2020_108.pdf	50	62	header	0
2020_108.pdf	51	62	header	0
2020_108.pdf	52	62	header	0
2020_108.pdf	53	62	header	0
2020_108.pdf	54	62	header	0
2020_108.pdf	55	62	header	0
2020_108.pdf	56	62	header	0
2020_108.pdf	57	62	header	0
2020_108.pdf	58	62	header	0
2020_108.pdf	59	62	header	0
2020_108.pdf	60	62	header	0
2020_108.pdf	61	62	header	0
2020_108.pdf	62	62	header	0
2020_108.pdf	63	62	header	0
2020_108.pdf	64	62	header	0
2020_108.pdf	65	62	header	0
2020_108.pdf	66	62	header	0
2020_108.pdf	67	62	header	0
2020_108.pdf	68	62	header	0
2020_108.pdf	69	62	header	0
2020_108.pdf	70	62	header	0
2020_108.pdf	71	62	header	0
2020_108.pdf	72	62	header	0
2020_108.pdf	73	62	header	0
2020_108.pdf	74	62	header	0
2020_108.pdf	75	62	header	0
2020_108.pdf	76	62	header	0
2020_108.pdf	77	62	header	0
2020_108.pdf	78	62	header	0
2020_108.pdf	79	62	header	0
2020_108.pdf	80	62	header	0
2020_108.pdf	81	62	header	0
2020_108.pdf	82	62	header	0
2020_108.pdf	83	62	header	0
2020_108.pdf	84	62	header	0
2020_108.pdf	85	62	header	0
2020_108.pdf	86	62	header	0
2020_108.pdf	87	62	header	0
2020_108.pdf	88	62	header	0
2020_108.pdf	89	62	header	0
2020_108.pdf	90	62	header	0
2020_108.pdf	91	62	header	0
2020_108.pdf	92	62	header	0
2020_108.pdf	93	62	header	0
2020_108.pdf	94	62	header	0
2020_108.pdf	95	62	header	0
2020_108.pdf	96	62	header	0
2020_108.pdf	97	62	header	0
2020_108.pdf	98	62	header	0
2020_108.pdf	99	62	header	0
2020_108.pdf	100	62	header	0
2020_108.pdf	101	62	header	0
2020_108.pdf	102	62	header	0
2020_108.pdf	103	62	header	0
2020_108.pdf	104	62	header	0
2020_108.pdf	105	62	header	0
2020_108.pdf	106	62	header	0
2020_108.pdf	107	62	header	0
2020_108.pdf	108	62	header	0
2020_108.pdf	109	62	header	0
2020_108.pdf	110	62	header	0
2020_108.pdf	111	62	header	0
2020_108.pdf	112	62	header	0
2020_104.pdf	3	166	header	105
2020_089.pdf	2	160	header	100
2020_063.pdf	2	171	header	113
2020_033.pdf	4	165	header	109
2020_023.pdf	4	189	header	131
2020_022.pdf	2	58	header	0
2020_022.pdf	3	58	header	0
2020_022.pdf	4	58	header	0
2020_022.pdf	5	58	header	0
2020_014.pdf	2	165	header	108
2020_011.pdf	2	57	header	0
2020_011.pdf	3	57	header	0
2020_011.pdf	4	57	header	0
2020_011.pdf	5	57	header	0
2020_011.pdf	6	57	header	0
2020_011.pdf	7	57	header	0
2020_011.pdf	8	57	header	0
2020_011.pdf	9	57	header	0
2020_011.pdf	10	57	header	0
