file	pages_total	flagged	header_only	hinweis
2020_011.pdf	10	9	9	Gesetz zum Dreiundzwanzigsten Rundfunkänderungsstaatsvertrag
2020_014.pdf	2	1	0	Verordnung über die Aufwandsentschädigung der Interessenvertretungen für Menschen mit Behinderung in der Vertragskommission Neuntes Buch Sozialgesetzbuch und ihren Unterkommissionen zur Umsetzung des Bundesteilhabegesetztes (Aufwandsentschädigungsverordnung)
2020_022.pdf	5	4	4	Gesetz zum vierten Staatsvertrag zur Änderung des Dataport-Staatsvertrages
2020_023.pdf	4	1	0	Verordnung zur Änderung der Verordnung zum Schutz vor Neuinfektionen mit dem Coronavirus SARS-CoV-2
2020_033.pdf	4	1	0	Verordnung über das Verfahren zur Bestimmung der Konjunkturkomponente sowie ihrer Bestandteile nach § 18a Absatz 7 der Landeshaushaltsordnung (Konjunkturbereinigungsverfahrensverordnung – KBVV)
2020_063.pdf	2	1	0	Zweite Verordnung zur Änderung der Ordnung zur staatlichen Anerkennung der Sozialpädagoginnen/Sozialarbeiterinnen und Sozialpädagogen/Sozialarbeiter im Lande Bremen
2020_089.pdf	2	1	0	Verordnung zur Änderung der Verordnung zur Übertragung von Zuständigkeiten im Bereich der beruflichen Bildung (Berufsbildungszuständigkeitsverordnung)
2020_104.pdf	3	1	0	Gesetz zur Einführung vorübergehender vergaberechtlicher Erleichterungen
2020_108.pdf	112	105	105	Gesetz zum Staatsvertrag zur Modernisierung der Medienordnung in Deutschland
2020_115.pdf	7	1	0	Erste Verordnung zur Änderung der Kostenverordnung der Bildungsverwaltung
2020_118.pdf	2	1	0	Bremisches Ausführungsgesetz zu § 30 Absatz 2 des Infektionsschutzgesetzes
2020_123.pdf	2	1	0	Verordnung zur Änderung der Neunzehnten Coronaverordnung
2020_139.pdf	22	1	0	Haushaltsgesetz der Freien Hansestadt Bremen für das Haushaltsjahr 2021
2020_145.pdf	5	4	4	Gesetz zum Ersten Medienänderungsstaatsvertrag
2020_160.pdf	9	1	0	Ortsgesetz der Stadt Bremerhaven über die Gestaltung von privater Möblierung im Bereich der Bgm.-Smidt-Straße (Bremerhavener Gestaltungsatzung Innenstadt)
2020_162.pdf	3	1	0	Verordnung zur Änderung der Dreiundzwanzigsten Verordnung zum Schutz vor Neuinfektionen mit dem Coronavirus SARS-CoV-2
2020_170.pdf	5	4	4	Gesetz zu dem Staatsvertrag zwischen der Freien Hansestadt Bremen und dem Land Niedersachsen über die Zuständigkeit für die Durchführung von immissionsschutzrechtlichen Genehmigungsverfahren und die Anlagenüberwachung für ein Vorhaben der Lürssen Werft GmbH & Co. KG am Betriebsstandort Berne
2020_171.pdf	2	1	0	Erstes Gesetz zur Änderung des Bremischen Gesetzes über die Vollstreckung von Geldforderungen im Verwaltungswege
2020_175.pdf	5	3	0	Erste Verordnung zur Änderung der Bremischen Landesdüngeverordnung
2021_021.pdf	10	1	0	Fortbildungsprüfungsregelung nach § 54 des Berufsbildungsgesetzes zur Lebensmittelkontrolleurin oder zum Lebensmittelkontrolleur
2021_027.pdf	4	1	0	Verordnung zu Prüfungen in digitalisierten Formaten an den Bremischen Hochschulen (Digitalprüfungsverordnung)
2021_029.pdf	27	6	0	Zweite Verordnung zur Änderung der Verordnung über die Festsetzung des Lärmschutzbereichs für den Verkehrsflughafen Bremen
2021_045.pdf	2	1	0	Ortsgesetz zur Änderung des Ortsgesetzes über die öffentliche Ordnung
2021_048.pdf	68	67	67	Gesetz zum Staatsvertrag zur Neuregulierung des Glücksspielwesens in Deutschland
2021_058.pdf	4	1	0	Erste Verordnung zur Änderung der Fünfundzwanzigsten Coronaverordnung
2021_067.pdf	2	1	0	Siebzehnte Verordnung zur Änderung der Finanzämter-Zuständigkeitsverordnung
2021_082.pdf	10	1	0	Gesetz zur Änderung reise- und umzugskostenrechtlicher Vorschriften
2021_085.pdf	3	1	0	Gesetz zur Änderung des Bremischen Hilfeleistungsgesetzes
2021_096.pdf	2	1	0	Verordnung über die Sonntagsöffnung von Verkaufsstellen in der Stadt Bremerhaven
2021_110.pdf	4	1	0	Zweite Verordnung zur Änderung der Verordnung zur Anerkennung und Förderung von Angeboten zur Unterstützung im Alltag nach § 45a, der Weiterentwicklung der Versorgungsstrukturen und des Ehrenamtes nach § 45c sowie der Selbsthilfe nach § 45d des Elften Buches Sozialgesetzbuch für das Land Bremen
2021_125.pdf	3	1	0	Polizeiverordnung über das Verbot des Führens und Abbrennens von pyrotechnischen Gegenständen
2021_128.pdf	3	1	0	Erste Verordnung zur Änderung der Bremischen Verordnung über die Ausbildung und Prüfung für die Laufbahngruppe 2, erstes Einstiegsamt in der Fachrichtung Polizei
2021_132.pdf	6	1	0	Vierte Verordnung zur Änderung der Neunundzwanzigsten Verordnung zum Schutz vor Neuinfektionen mit dem Coronavirus SARS-CoV-2
2021_133.pdf	5	1	1	Gesetz zur Änderung besoldungsrechtlicher Vorschriften
2021_134.pdf	12	11	11	Bremisches Gesetz zu dem Staatsvertrag über die Errichtung und den Betrieb des elektronischen Gesundheitsberuferegisters als gemeinsame Stelle der Länder zur Ausgabe elektronischer Heilberufs- und Berufsausweise sowie zur Herausgabe der Komponenten zur Authentifizierung von Leistungserbringerinstitutionen (eGBR-Staatsvertrag – eGBRStVtr)
2021_138.pdf	3	1	0	Erstes Gesetz zur Änderung des Haushaltsgesetzes der Freien Hansestadt Bremen (Stadtgemeinde) für das Haushaltsjahr 2021
2021_141.pdf	3	1	0	Erstes Gesetz zur Änderung des Haushaltsgesetzes der Freien Hansestadt Bremen für das Haushaltsjahr 2021
2021_142.pdf	22	1	0	Haushaltsgesetz der Freien Hansestadt Bremen für das Haushaltsjahr 2022
2021_143.pdf	22	1	0	Haushaltsgesetz der Freien Hansestadt Bremen für das Haushaltsjahr 2023
2021_152.pdf	2	1	0	Viertes Gesetz zur Änderung des Bremischen Justizkostengesetzes
2021_153.pdf	6	5	5	Gesetz zu dem Staatsvertrag zwischen der Freien Hansestadt Bremen und dem Land Niedersachsen im Bereich des ökologischen Landbaus
2022_004.pdf	3	1	0	Vierzehnte Verordnung zur Änderung der eAkten-Verordnung
2022_016.pdf	2	1	0	Dritte Verordnung zur Änderung der Verordnung über die Gewährung von Unterhaltsbeihilfen an Rechtsreferendare
2022_018.pdf	2	1	0	Gesetz zur Änderung des Gesetzes über eine unabhängige Polizeibeauftragte oder einen unabhängigen Polizeibeauftragten für die Freie Hansestadt Bremen und des Bremischen Hilfeleistungsgesetzes
2022_025.pdf	2	1	0	Gesetz zur Ausführung des Gesetzes über das Studium und den Beruf von Hebammen und der Studien- und Prüfungsverordnung für Hebammen (Hebammenausführungsgesetz – HebAusfG)
2022_040.pdf	15	14	14	Gesetz zum Zweiten Medienänderungsstaatsvertrag
2022_045.pdf	14	13	13	Gesetz zum Staatsvertrag zwischen der Freien Hansestadt Bremen und dem Land Niedersachsen im Bereich der beiden EU-Fonds Europäischer Garantiefonds für die Landwirtschaft und Europäischer Landwirtschaftsfonds für die Entwicklung des ländlichen Raums sowie nationaler Fördermaßnahmen
2022_046.pdf	2	1	0	Zweite Verordnung zur Änderung der Ersten Verordnung zum Basisschutz vor Neuinfektionen mit dem Coronavirus SARS-CoV-2
2022_052.pdf	2	1	0	Zweite Verordnung zur Änderung der Zeugnisverordnung
2022_074.pdf	2	1	0	Ortsgesetz zur Änderung des Ortsgesetzes über die Werkstatt Bremen der Stadtgemeinde Bremen
2022_075.pdf	3	1	0	Gesetz zur Änderung des Gesetzes über die Behandlung von Petitionen durch die Bürgerschaft
2022_084.pdf	3	1	1	39. Verordnung zur Änderung der Verordnung zum Schutze von Landschaftsteilen im Gebiet der Stadtgemeinde Bremen
2022_092.pdf	22	1	0	Ortsgesetz über vorhabenbezogene Stellplätze für Kraftfahrzeuge, Fahrradabstellplätze und Mobilitätsmanagement bei Bauvorhaben in der Stadtgemeinde Bremen (Mobilitäts-Bau-Ortsgesetz - MobBauOG HB)
2022_104.pdf	32	23	21	Vertrag zwischen der Freien Hansestadt Bremen (Stadtgemeinde) und der Stadt Bremerhaven über den Brandschutz, die Hilfeleistung und den Rettungsdienst im stadtbremischen Überseehafengebiet Bremerhaven
2022_107.pdf	3	1	0	Achtzehnte Verordnung zur Änderung der eAkten-Verordnung
2022_108.pdf	2	1	0	Drittes Ortsgesetz zur Änderung der Sondernutzungskostenordnung
2022_109.pdf	2	1	0	Ortsgesetz zur Änderung des Ortsgesetzes über die Werkstatt Bremen der Stadtgemeinde Bremen
2022_113.pdf	6	1	0	Gesetz zur Änderung des Bremischen Performa Nord Gesetzes
2022_114.pdf	6	5	5	Gesetz über die Zustimmung zum Staatsvertrag zur Änderung des Glücksspielstaatsvertrags 2021
2022_117.pdf	3	1	0	Gesetz zur Änderung des Ersten Gesetzes zur Ausführung des Achten Buches Sozialgesetzbuch - Gesetz zur Ausführung des Kinder- und Jugendhilfegesetzes im Lande Bremen
2022_131.pdf	8	1	0	Gesetz zur Änderung des Tariftreue- und Vergabegesetzes
2022_132.pdf	3	1	0	Gesetz zur Anpassung des Bremischen Klimaschutz- und Energiegesetzes an das Gebäudeenergiegesetz
2022_133.pdf	7	6	6	Gesetz zu dem Beitritt des Landes Bremen zu dem Staatsvertrag über die erweiterte Zuständigkeit der mit der Begleitung aufenthalts¬beendender Maßnahmen betrauten Bediensteten in den Ländern
2022_134.pdf	4	1	0	Fünftes Gesetz zur Änderung des Bremischen Ausbildungsgesetzes für Lehrämter
2022_141.pdf	5	1	0	Ortsgesetz zur Änderung des Ortsgesetzes zur Aufnahme von Kindern und zur Regelung der Betreuungszeiten in Tageseinrichtungen und der Tagespflege in der Stadt Bremerhaven (Aufnahme- und Betreuungszeitenortsgesetz)
2022_145.pdf	5	3	2	Ortsgesetz zur Einrichtung des Innovationsbereiches Ansgari Quartier
2022_146.pdf	5	2	1	Ortsgesetz zur Einrichtung des Innovationsbereiches Sögestraße
2022_147.pdf	3	2	0	Zweites Ortsgesetz zur Änderung des Haushaltsgesetzes der Stadtgemeinde Bremen für das Haushaltsjahr 2022
2022_148.pdf	2	1	0	Zweites Ortsgesetz zur Änderung der Feuerwehrkostenordnung
2022_152.pdf	7	1	0	Gesetz zur Änderung des Gesetzes zur Ausführung des Gerichtsverfassungsgesetzes und des Bremischen Justizkostengesetzes
2022_153.pdf	2	1	0	Erstes Gesetz zur Änderung des Bremischen Gesetzes zur Ausführung des Bundesmeldegesetzes
2022_162.pdf	3	2	0	Zweite Verordnung zur Änderung der Bremischen Landesdüngeverordnung
2023_016.pdf	2	1	0	Verordnung zur Ausnahme bestimmter Personengruppen von der Testpflicht in Einrichtungen der medizinischen oder pflegerischen Versorgung
2023_022.pdf	13	12	12	Gesetz zu dem Dritten Medienänderungsstaatsvertrag
2023_026.pdf	2	1	0	Gesetz zur Änderung der Landesverfassung der Freien Hansestadt Bremen
2023_037.pdf	6	1	0	Ortsgesetz zur Änderung des Haushaltsgesetzes der Stadtgemeinde Bremen für das Haushaltsjahr 2023
2023_042.pdf	8	7	7	Gesetz zum Abkommen über die Errichtung und Finanzierung der Akademie für Öffentliches Gesundheitswesen in Düsseldorf
2023_047.pdf	2	1	0	Sechstes Gesetz zur Änderung des Bremischen Ausbildungsgesetzes für Lehrämter
2023_049.pdf	2	1	0	Zweites Ortsgesetz zur Änderung des Ortsgesetzes über die Bremer Volkshochschule, Eigenbetrieb der Stadtgemeinde Bremen
2023_064.pdf	4	1	0	Gesetz zur Änderung des Bremischen Abgeordnetengesetzes
2023_065.pdf	12	6	6	Gesetz zur Änderung dienstrechtlicher Vorschriften
2023_070.pdf	3	1	0	Gesetz zur Sicherstellung bedarfsgerechter Angebote zur Vornahme von Schwangerschaftsabbrüchen
2023_094.pdf	2	1	0	Verordnung zur Änderung der Verordnung über die Zuständigkeit für die Verfolgung und Ahndung von Ordnungswidrigkeiten
2023_095.pdf	3	1	1	Gesetz über das Verbot des Konsums von Betäubungsmitteln und Alkohol am Hauptbahnhof Bremen
2023_098.pdf	3	1	0	Ortsgesetz zur Änderung des Entschädigungsortsgesetzes
2023_101.pdf	2	1	0	Achte Verordnung zur Änderung der Allgemeinen Kostenverordnung
2023_103.pdf	5	1	0	Zweite Verordnung zur Änderung der Wahlordnung zur Wahl der Frauenbeauftragten
2023_106.pdf	13	6	6	Verordnung über die Einzelheiten des Beurteilungswesens für Richterinnen und Richter sowie Staatsanwältinnen und Staatsanwälte
2023_109.pdf	8	7	7	Gesetz zu dem Vierten Medienänderungsstaatsvertrag
2023_116.pdf	4	1	0	Ortsgesetz zur Änderung der Gebührenordnung für die Benutzung der öffentlichen Abfallentsorgung in der Stadt Bremerhaven und zur Änderung der Gebührenordnung zum Entwässerungsortsgesetz der Stadt Bremerhaven
2023_129.pdf	8	1	0	Zweites Gesetz zur Änderung des Haushaltsgesetzes der Freien Hansestadt Bremen für das Haushaltsjahr 2023 (Zweites Nachtragshaushaltsgesetz 2023 Land Bremen)
2024_016.pdf	2	1	0	Bremisches Ausführungsgesetz zum Hinweisgeberschutzgesetz und zur ergänzenden Umsetzung der Richtlinie (EU) 2019/1937 des Europäischen Parlaments und des Rates vom 23. Oktober 2019 zum Schutz von Personen, die Verstöße gegen das Unionsrecht melden (BremHinSchGAG)
2024_017.pdf	41	1	0	Verordnung zur Änderung der Allgemeinen Kostenverordnung und der Kostenverordnung für die innere Verwaltung
2024_039.pdf	3	2	1	Erste Verordnung zur Änderung der Verordnung über das Verbot des Führens von Waffen
2024_043.pdf	3	2	0	Siebte Polizeiverordnung zur Änderung der Polizeiverordnung über das Verbot des Führens von gefährlichen Gegenständen
2024_054.pdf	22	1	0	Haushaltsgesetz der Freien Hansestadt Bremen für das Haushaltsjahr 2024
2024_055.pdf	19	1	0	Haushaltsgesetz der Stadtgemeinde Bremen für das Haushaltsjahr 2024
2024_059.pdf	4	1	0	Gesetz über die Errichtung eines sonstigen Sondervermögens der Freien Hansestadt Bremen zur Bewältigung der klimaneutralen Transformation der Wirtschaft
2024_074.pdf	3	1	0	Verordnung über den Sachverständigenrat für Fragen des Klimaschutzes und der Energiepolitik (SVRKlimaV)
2024_076.pdf	8	7	7	Berichtigung des Gesetzblattes Nr. 70
2024_087.pdf	2	1	0	Dritte Verordnung zur Änderung der Verordnung zur Übermittlung von Meldedaten
2024_095.pdf	2	1	0	Erstes Ortsgesetz zur Änderung des Ortsgesetzes über die Ordnung und das Verhalten auf Volksfesten in der Stadt Bremen
2024_097.pdf	2	1	0	Ortsgesetz zur Änderung des Ortsgesetzes über die Errichtung eines „sonstigen Sondervermögens Hafen“
2024_101.pdf	6	5	5	Berichtigung des Gesetzblattes Nr. 99
2024_103.pdf	36	35	35	Berichtigung des Gesetzblattes Nr. 100
2024_117.pdf	2	1	0	Erste Verordnung zur Änderung der Verordnung zur Übertragung von Ermächtigungen zur elektronischen Aktenführung bei den Gerichten und Staatsanwaltschaften
2024_118.pdf	7	1	0	Ortsgesetz zur Änderung der Friedhofsgebührenordnung für die Stadt Bremerhaven
2024_125.pdf	2	1	0	Sechsundzwanzigste Verordnung zur Änderung der eAkten-Verordnung
2024_133.pdf	3	1	0	Gebührenordnung für Unterbringungen nach dem Aufnahmegesetz
2024_145.pdf	2	1	0	Viertes Ortsgesetz zur Änderung der Feuerwehrkostenordnung
2024_150.pdf	4	1	0	Gesetz zur Änderung des Bremisches Personalvertretungsgesetzes
2024_151.pdf	2	1	0	Drittes Gesetz zur Änderung des Bremischen Fischereigesetzes
2024_154.pdf	8	7	7	Gesetz zum Staatsvertrag zur Änderung des Staatsvertrages zwischen der Freien Hansestadt Bremen und dem Land Niedersachsen im Bereich der beiden EU-Fonds Europäischer Garantiefonds für die Landwirtschaft und Europäischer Landwirtschaftsfonds für die Entwicklung des ländlichen Raums sowie nationaler Fördermaßnahmen
2024_155.pdf	8	1	0	Verordnung zur Änderung der Bremischen Hafengebührenordnung
2025_001.pdf	2	1	0	Siebenundzwanzigste Verordnung zur Änderung der eAkten-Verordnung
2025_009.pdf	2	1	0	Zweites Gesetz zur Änderung des Gesetzes über die Festsetzung des Steuersatzes für die Grunderwerbsteuer
2025_019.pdf	2	1	0	Gesetz zur Änderung des Gesetzes über die Errichtung eines „sonstigen Sondervermögens Fischereihafen“
2025_023.pdf	2	1	0	Berichtigung des Gesetzblattes Nr. 18
2025_028.pdf	3	1	0	Verordnung zur Errichtung und Ausgestaltung des Hanseatic Commercial Court for Aerospace, Logistics and Maritime Trade der Freien Hansestadt Bremen (Bremische Commercial Court Verordnung – BremCCVO)
2025_034.pdf	26	1	0	Gesetz zur Änderung des Bremischen Schulgesetzes und des Bremischen Schuldatenschutzgesetzes
2025_036.pdf	26	25	25	Bremisches Gesetz zu dem Staatsvertrag zur Aufgabenerfüllung nach dem Barrierefreiheitsstärkungsgesetz
2025_039.pdf	7	1	0	Zweite Verordnung zur Änderung der Verordnung über die Berufsfachschule für sozialpädagogische Assistenz
2025_040.pdf	2	1	0	Neunte Verordnung zur Änderung der Allgemeinen Kostenverordnung
2025_060.pdf	3	1	0	Ortsgesetz zur Änderung der Benutzungs- und Gebührenordnung der Stadtbibliothek Bremerhaven
2025_075.pdf	2	1	0	Verordnung zur Änderung der Verordnung über Zuständigkeiten nach der Gewerbeordnung und zur Änderung der Verordnung über die für die Verfolgung und Ahndung von Ordnungswidrigkeiten nach den §§ 144, 145, 146, 147a und 147b der Gewerbeordnung zuständigen Behörden
2025_077.pdf	10	1	0	Erste Verordnung zur Änderung der Bremischen Verordnung zur Studienakkreditierung
2025_079.pdf	4	1	0	Erstes Ortsgesetz zur Änderung des Ortsgesetzes über die Erhebung von Unterrichtsgebühren an der Musikschule Bremen der Stadtgemeinde Bremen
2025_089.pdf	2	1	0	Zweite Verordnung zur Änderung der Verordnung zur Übertragung von Ermächtigungen zur Regelung von Zuständigkeiten in der Finanzverwaltung
2025_094.pdf	5	1	0	Sechstes Gesetz zur Änderung des Bremischen Tageseinrichtungs- und Kindertagespflegegesetzes
2025_095.pdf	5	1	0	Entwurf eines Verwaltungsverfahrenseffektivierungsgesetzes
2025_096.pdf	5	1	0	Verordnung zur Neufassung der Bremischen Leistungsprämien- und ‑zulagenverordnung
2025_103.pdf	14	2	2	Verordnung zur Neuregelung der Festsetzung der Hochwasserschutzlinie im Land Bremen
2025_108.pdf	9	1	0	Ortsgesetz zur Neufassung der Friedhofsordnung für die stadteigenen Friedhöfe in Bremen
2025_109.pdf	34	32	32	Gesetz zu dem Sechsten Medienänderungsstaatsvertrag und zur Änderung des Bremischen Landesmediengesetzes
2025_110.pdf	84	83	83	Gesetz zu dem Siebten Staatsvertrag zur Änderung medienrechtlicher Staatsverträge – Reform des öffentlich-rechtlichen Rundfunks (Reformstaatsvertrag)
2025_111.pdf	5	4	4	Gesetz zu dem Achten Staatsvertrag zur Änderung medienrechtlicher Staatsverträge – Reform des Verfahrens zur Festsetzung des Rundfunkbeitrages
2025_114.pdf	6	2	1	Verordnung über das Landschaftsschutzgebiet „Uni-Wildnis und Umgebung“ im Stadtteil Horn-Lehe, Ortsteil Lehe der Stadtgemeinde Bremen
2025_116.pdf	6	1	0	Zweite Verordnung zur Änderung der Verordnung über die Ermittlungspersonen der Staatsanwaltschaft
2025_124.pdf	231	1	0	Zweite Verordnung zur Änderung der Bremischen Mindestentgeltbestimmungsverordnung
2025_127.pdf	51	26	26	Verordnung über die zulässige Miethöhe gemäß § 556d Absatz 2 des Bürgerlichen Gesetzbuchs (Mietenbegrenzungsverordnung)
2025_139.pdf	3	1	0	Gebührenordnung für die Unterbringung von zugewiesenen ausländischen Personen und Spätaussiedelnden in der Stadt Bremerhaven
2025_147.pdf	2	1	0	Erste Verordnung zur Änderung der Bremischen Ausbildungsunterstützungsfondsdurch-führungsverordnung
2025_149.pdf	4	1	0	Gesetz zur Regelung der Nachhaltigkeitsberichterstattung im Geschäftsbereich Wissenschaft
2025_159.pdf	3	2	2	Berichtigung des Gesetzblattes Nr. 8 aus 2002
2025_162.pdf	2	1	0	Verordnung über die vorübergehende Fortführung von Papierakten bis zur Einführung der elektronischen Akte bei der Senatorin für Wirtschaft, Häfen und Transformation
2026_006.pdf	3	1	0	Zehnte Verordnung zur Änderung der Allgemeinen Kostenverordnung
2026_009.pdf	8	2	0	Dritte Verordnung zur Änderung der Verordnung über das Verbot des Führens von Waffen
2026_017.pdf	6	1	0	Neunte Verordnung zur Änderung der Kostenverordnung der Umweltverwaltung
2026_031.pdf	19	1	0	Haushaltsgesetz der Stadtgemeinde Bremen für das Haushaltsjahr 2026
2026_032.pdf	20	1	0	Haushaltsgesetz der Stadtgemeinde Bremen für das Haushaltsjahr 2027
2026_035.pdf	2	1	0	Haushaltsbegleitgesetz 2026/2027
2026_036.pdf	2	1	0	Sechzehntes Ortsgesetz zur Änderung der Kostenordnung für die Feuerwehr der Stadt Bremerhaven (Feuerwehrkostenordnung)
2026_043.pdf	2	1	0	Bremische Verordnung für die Teilnahme und Ausgestaltung der Erprobung des Online-Zivilverfahrens
2026_051.pdf	5	2	2	Ortsgesetz zur Einrichtung des Innovationsbereiches BID Hanseatenhof 2026 bis 2029
2026_054.pdf	2	1	0	Bekanntmachung einer Entscheidung des Staatsgerichtshofs der Freien Hansestadt Bremen vom 23. April 2026 über eine einstweilige Anordnung gegen eine in einem parlamentarischen Untersuchungsausschuss angeordneten Beweiserhebung
2026_061.pdf	4	1	0	Gesetz zur Änderung des Bremischen Beamtengesetzes
2026_062.pdf	2	1	0	Gesetz zur Änderung des Bremischen Ausführungsgesetzes zum Kreislaufwirtschafts- und Abfallgesetz
2026_063.pdf	23	22	22	Gesetz zur Zustimmung zum Vertrag über die Errichtung, den Betrieb und die Weiterentwicklung des Nationalen Once-Only Technical-Systems (NOOTS) – Vertrag zur Ausführung von Artikel 91c Absatz 1, Absatz 2 GG – NOOTS-Staatsvertrag
2026_065.pdf	7	1	0	Drittes Gesetz zur Änderung des Bremischen Sicherheitsüberprüfungsgesetzes
2026_066.pdf	2	1	0	Erste Verordnung zur Änderung der Bremischen Verordnung über Zuständigkeiten nach abfallrechtlichen Vorschriften
2026_067.pdf	4	1	0	Ortsgesetz zur Änderung des Ortsgesetzes über die Errichtung der Anstalt Die Bremer Stadtreinigung, Anstalt öffentlichen Rechts
2026_082.pdf	10	8	8	Gesetz zum Staatsvertrag zwischen der Freien Hansestadt Bremen und dem Land Niedersachsen über den Zusammenschluss der
2026_086.pdf	2	1	0	Erste Verordnung zur Änderung der Bremischen Verordnung über Zuständigkeiten für die Ausführung von Rechtsvorschriften nach dem Gesetz über die Beförderung gefährlicher Güter und dem Gesetz zu dem Übereinkommen über sichere Container
2026_090.pdf	5	2	2	Ortsgesetz zur Einrichtung des Innovationsbereiches BID Balgequartier 2026 bis 2031
2026_092.pdf	23	22	22	Gesetz über die Zustimmung zum Zweiten Staatsvertrag zur Änderung des Glücksspielstaatsvertrags 2021
2026_097.pdf	3	1	0	Elfte Verordnung zur Änderung der Allgemeinen Kostenverordnung
2026_098.pdf	2	1	0	Erste Verordnung zur Änderung der Bremischen Verordnung zur Regelung von Zuständigkeiten für Aufgaben und Befugnisse nach der Bundesnotarordnung
