file	page	pattern	offset	context
2020_006	3	gedenk	2731	4, flurstück 873/1) punkt w14); wird fortgeführt an der strasse „unterm berg“ (punkt w15) in höhe des betriebsgeländes des wasser- und schifffahrtsamtes („unterm berg 24“), passiert in nordwestlicher richtung das tanklager farge, dann weiter als erddeich parallel zum weserufer und der bucht vor der [[gedenk]]stätte bunker valentin bis zur landesgrenze (punkt w16); b) an der linken weserseite beginnend an der landesgrenze (punkt w17) auf dem arster weserdeich unter der bundesautobahn a 1 und weiter als erddeich bis zum einlaufbereich der flutmulde werdersee; neben dem werdersee auf dem habenhauser deich 
2020_007	4	einmalig	1379	 zustand gehalten sowie regelmässig desinfiziert werden; 7. geeignete sanitäre anlagen für die betäubungsmittelabhängigen müssen vorgehalten werden; 8. für frauen soll ein bei bedarf nutzbarer geschützter bereich vorgehalten werden; 9. eine sachgerechte entsorgung gebrauchter spritzbestecke und zum [[einmalig]]en gebrauch bestimmter konsumutensilien ist sicherzustellen. § 8 gewährleistung der notfallversorgung (1) der betreiber oder die betreiberin hat während des betriebs des drogenkonsumraums sicherzustellen, dass eine ständige sichtkontrolle der applikationsvorgänge durch in der notfallversorgung gesch
2020_012	1	feiertag	390	zur staatlichen anerkennung des tags der befreiung vom nationalsozialismus und der beendigung des zweiten weltkrieges in europa als gedenktag vom 3. märz 2020 der senat verkündet das nachstehende, von der bürgerschaft (landtag) beschlossene gesetz: artikel 1 änderung des gesetzes über die sonn- und [[feiertag]]e das gesetz über die sonn- und feiertage vom 12. november 1954 (gvbl. 1954, 115 sabremr 113-c-1), das zuletzt durch gesetz vom 26. juni 2018 (brem.gbl. s. 302) geändert worden ist, wird wie folgt geändert: 1. die überschrift wird wie folgt gefasst: „gesetz über die sonn-, gedenk- und feiertage“. 2.
2020_012	1	feiertag	430	 befreiung vom nationalsozialismus und der beendigung des zweiten weltkrieges in europa als gedenktag vom 3. märz 2020 der senat verkündet das nachstehende, von der bürgerschaft (landtag) beschlossene gesetz: artikel 1 änderung des gesetzes über die sonn- und feiertage das gesetz über die sonn- und [[feiertag]]e vom 12. november 1954 (gvbl. 1954, 115 sabremr 113-c-1), das zuletzt durch gesetz vom 26. juni 2018 (brem.gbl. s. 302) geändert worden ist, wird wie folgt geändert: 1. die überschrift wird wie folgt gefasst: „gesetz über die sonn-, gedenk- und feiertage“. 2. die überschrift des i. abschnittes wird
2020_012	1	feiertag	684	- und feiertage das gesetz über die sonn- und feiertage vom 12. november 1954 (gvbl. 1954, 115 sabremr 113-c-1), das zuletzt durch gesetz vom 26. juni 2018 (brem.gbl. s. 302) geändert worden ist, wird wie folgt geändert: 1. die überschrift wird wie folgt gefasst: „gesetz über die sonn-, gedenk- und [[feiertag]]e“. 2. die überschrift des i. abschnittes wird wie folgt gefasst: „die sonntage und die staatlich anerkannten gedenk- und feiertage“ 3. nach § 7 wird folgender § 7a eingefügt: „§ 7a (1) der 8. mai als tag der befreiung vom nationalsozialismus und der beendigung des zweiten weltkrieges in europa ist 
2020_012	1	feiertag	814	 gesetz vom 26. juni 2018 (brem.gbl. s. 302) geändert worden ist, wird wie folgt geändert: 1. die überschrift wird wie folgt gefasst: „gesetz über die sonn-, gedenk- und feiertage“. 2. die überschrift des i. abschnittes wird wie folgt gefasst: „die sonntage und die staatlich anerkannten gedenk- und [[feiertag]]e“ 3. nach § 7 wird folgender § 7a eingefügt: „§ 7a (1) der 8. mai als tag der befreiung vom nationalsozialismus und der beendigung des zweiten weltkrieges in europa ist staatlich anerkannter gedenktag. (2) den in einem beschäftigungs- oder ausbildungsverhältnis stehenden personen ist, soweit betrie
2020_012	1	gedenk	222	52 gesetzblatt der freien hansestadt bremen 2020 verkündet am 13. märz 2020 nr. 12 gesetz zur staatlichen anerkennung des tags der befreiung vom nationalsozialismus und der beendigung des zweiten weltkrieges in europa als [[gedenk]]tag vom 3. märz 2020 der senat verkündet das nachstehende, von der bürgerschaft (landtag) beschlossene gesetz: artikel 1 änderung des gesetzes über die sonn- und feiertage das gesetz über die sonn- und feiertage vom 12. november 1954 (gvbl. 1954, 115 sabremr 113-c-1), das zuletzt durch gesetz vom 26
2020_012	1	gedenk	672	ber die sonn- und feiertage das gesetz über die sonn- und feiertage vom 12. november 1954 (gvbl. 1954, 115 sabremr 113-c-1), das zuletzt durch gesetz vom 26. juni 2018 (brem.gbl. s. 302) geändert worden ist, wird wie folgt geändert: 1. die überschrift wird wie folgt gefasst: „gesetz über die sonn-, [[gedenk]]- und feiertage“. 2. die überschrift des i. abschnittes wird wie folgt gefasst: „die sonntage und die staatlich anerkannten gedenk- und feiertage“ 3. nach § 7 wird folgender § 7a eingefügt: „§ 7a (1) der 8. mai als tag der befreiung vom nationalsozialismus und der beendigung des zweiten weltkrieges 
2020_012	1	gedenk	802	uletzt durch gesetz vom 26. juni 2018 (brem.gbl. s. 302) geändert worden ist, wird wie folgt geändert: 1. die überschrift wird wie folgt gefasst: „gesetz über die sonn-, gedenk- und feiertage“. 2. die überschrift des i. abschnittes wird wie folgt gefasst: „die sonntage und die staatlich anerkannten [[gedenk]]- und feiertage“ 3. nach § 7 wird folgender § 7a eingefügt: „§ 7a (1) der 8. mai als tag der befreiung vom nationalsozialismus und der beendigung des zweiten weltkrieges in europa ist staatlich anerkannter gedenktag. (2) den in einem beschäftigungs- oder ausbildungsverhältnis stehenden personen ist,
2020_012	1	gedenk	1014	 des i. abschnittes wird wie folgt gefasst: „die sonntage und die staatlich anerkannten gedenk- und feiertage“ 3. nach § 7 wird folgender § 7a eingefügt: „§ 7a (1) der 8. mai als tag der befreiung vom nationalsozialismus und der beendigung des zweiten weltkrieges in europa ist staatlich anerkannter [[gedenk]]tag. (2) den in einem beschäftigungs- oder ausbildungsverhältnis stehenden personen ist, soweit betriebliche notwendigkeiten nicht entgegenstehen, an diesem gedenktag gelegenheit zum besuch der gedenkveranstaltungen zu geben.“ artikel 2 inkrafttreten dieses gesetz tritt am tag nach seiner verkündung
2020_012	1	gedenk	1177	 der 8. mai als tag der befreiung vom nationalsozialismus und der beendigung des zweiten weltkrieges in europa ist staatlich anerkannter gedenktag. (2) den in einem beschäftigungs- oder ausbildungsverhältnis stehenden personen ist, soweit betriebliche notwendigkeiten nicht entgegenstehen, an diesem [[gedenk]]tag gelegenheit zum besuch der gedenkveranstaltungen zu geben.“ artikel 2 inkrafttreten dieses gesetz tritt am tag nach seiner verkündung in kraft. bremen, den 3. märz 2020 der senat
2020_012	1	gedenk	1214	 nationalsozialismus und der beendigung des zweiten weltkrieges in europa ist staatlich anerkannter gedenktag. (2) den in einem beschäftigungs- oder ausbildungsverhältnis stehenden personen ist, soweit betriebliche notwendigkeiten nicht entgegenstehen, an diesem gedenktag gelegenheit zum besuch der [[gedenk]]veranstaltungen zu geben.“ artikel 2 inkrafttreten dieses gesetz tritt am tag nach seiner verkündung in kraft. bremen, den 3. märz 2020 der senat
2020_012	1	113-c	487	 zweiten weltkrieges in europa als gedenktag vom 3. märz 2020 der senat verkündet das nachstehende, von der bürgerschaft (landtag) beschlossene gesetz: artikel 1 änderung des gesetzes über die sonn- und feiertage das gesetz über die sonn- und feiertage vom 12. november 1954 (gvbl. 1954, 115 sabremr [[113-c]]-1), das zuletzt durch gesetz vom 26. juni 2018 (brem.gbl. s. 302) geändert worden ist, wird wie folgt geändert: 1. die überschrift wird wie folgt gefasst: „gesetz über die sonn-, gedenk- und feiertage“. 2. die überschrift des i. abschnittes wird wie folgt gefasst: „die sonntage und die staatlich an
2020_015	84	einmalig	798	me an einem strukturierten früherkennungsprogramm zusammen und sind mit den nachstehenden pauschalen beihilfefähig, wenn diese untersuchungen in einer in nummer 4 aufgeführten klinik durchgeführt werden. 1. risikofeststellung und interdisziplinäre beratung pro familie sind die aufwendungen für eine [[einmalig]]e risikofeststellung mit interdisziplinärer erstberatung, stammbaumerfassung und mitteilung des genbefundes pauschal in höhe von 900 euro beihilfefähig. die pauschale beinhaltet auch die beratung weiterer familienmitglieder. 2. genetische analyse aufwendungen für eine genetische analyse bei einer an
2020_015	87	einmalig	1027	nter der voraussetzung, dass die revidierten bethesda-kriterien in der familie der ratsuchenden person erfüllt sind, sind die aufwendungen für die erstmalige risikofeststellung und interdisziplinäre beratung einschliesslich erhebung des familienbefundes und organisation der diagnostischen abklärung [[einmalig]] in höhe von 600 euro beihilfefähig. aufwendungen für jede weitere beratung einer person, in deren familie bereits das lynch- syndrom bekannt ist, sind in höhe von 300 euro beihilfefähig. 2. tumorgewebsdiagnostik aufwendungen für die immunhistochemische untersuchung am tumorgewebe hinsichtlich der e
2020_032	9	gedenk	270	nr. 32 gesetzblatt der freien hansestadt bremen vom 5. mai 2020 252 13. buchhandlungen, 14. blumenläden, 15. brief- und versandhandel, 16. verkaufsstellen für fahrkarten des öffentlichen personennahverkehrs, 17. der grosshandel, 18. museen, ausstellungen, galerien, 19. [[gedenk]]stätten, 20. zoologische und botanische gärten, 21. bibliotheken und archive. (4) öffentliche spielplätze unter freiem himmel (outdoorspielplätze) sind unter folgenden bedingungen für den publikumsverkehr geöffnet: 1. outdoorspielplätze dürfen nur von kindern unter 14 jahren in begleitung einer a) p
2020_034	9	gedenk	1217	. buchhandlungen, 14. blumenläden, 15. brief- und versandhandel, 16. verkaufsstellen für fahrkarten des öffentlichen personennahverkehrs, 17. der grosshandel. (4) folgende weitere einrichtungen werden nicht für den publikumsverkehr geschlossen: 1. museen, ausstellungen, galerien, science center, 2. [[gedenk]]stätten, 3. zoologische und botanische gärten, 4. bibliotheken und archive, 5. touristische angebote, freizeitangebote und dienstleistungen wie etwa stadtführungen und stadtrundgänge, touristischer schiffsverkehr, tourismusinformationen ab dem 18. mai 2020, wenn die betreiberin oder der betreiber od
2020_044	1	feiertag	858	em.gbl. s. 287 ― 3-a-1) wird verordnet: artikel 1 § 4 der verordnung über die zuständigkeiten von amtsgerichten vom 18. dezember 2018 (brem.gbl. 2019, s. 1) wird wie folgt gefasst: „§ 4 gemeinsamer bereitschaftsdienst (1) für die durch den bereitschaftsdienst abzudeckenden zeiten an wochenenden und [[feiertag]]en sowie am 24. dezember und am 31. dezember eines jahres wird für die amtsgerichte bremen, bremerhaven und bremen-blumenthal ein gemeinsamer bereitschaftsdienstplan aufgestellt. (2) für die durch den bereitschaftsdienst von montags bis freitags abzudeckenden zeiten wird für die amtsgerichte bremen 
2020_067	1	feiertag	836	ostenverordnung für die innere verwaltung vom 20. august 2002 (brem.gbi. s. 455 ― 203-c-2), die zuletzt durch die verordnung vom 28. november 2017 (brem.gbl. s. 584) geändert worden ist, wird wie folgt gefasst: „inhaltsübersicht“ nummer kostentatbestand 101 legalisation und apostillen 110 sonn- und [[feiertag]]srecht, titel, orden und ehrenzeichen 111 stiftungen und vereine 112 namensänderungsrecht 114 glücksspiel 115 sammlungen 118 schornsteinfegerwesen 120 allgemeines polizeirecht 121 melde- und ausweiswesen 122 sondernutzungen und allgemeine ordnungsangelegenheiten 123 sonstiges 131 prüfung der ehevora
2020_067	2	feiertag	696	setz und der allgemeinen waffengesetz-verordnung nummer kostentatbestand kosten in eur 101 legalisation und apostillen 101.01 beglaubigung von urkunden zur verwendung im ausland zum zwecke der legalisation 16 101.02 erteilung der apostille nach haager übereinkommen vom 5. märz 1961 16 110 sonn- und [[feiertag]]srecht, titel, orden und ehrenzeichen 110.01 befreiung von beschränkungen und verboten nach § 11 i.v.m. § 4 absatz 1 und absatz 4 § 5 absatz 1 § 6 § 7 und § 8 absatz 1 bis absatz 3 gesetz über die sonn- und feiertage 63 110.02 genehmigung zum erwerb von orden und ehrenzeichen zu sammlerzwecken 63 11
2020_067	2	feiertag	911	 erteilung der apostille nach haager übereinkommen vom 5. märz 1961 16 110 sonn- und feiertagsrecht, titel, orden und ehrenzeichen 110.01 befreiung von beschränkungen und verboten nach § 11 i.v.m. § 4 absatz 1 und absatz 4 § 5 absatz 1 § 6 § 7 und § 8 absatz 1 bis absatz 3 gesetz über die sonn- und [[feiertag]]e 63 110.02 genehmigung zum erwerb von orden und ehrenzeichen zu sammlerzwecken 63 110.03 erteilung von erlaubnissen für die durchführung von nicht nach §§ 68 und 69 gewerbeordnung (gewo) festgesetzten märkten oder marktähnlichen veranstaltungen, insbesondere flohmärkten an sonn- und feiertagen 63 b
2020_067	2	feiertag	1204	n- und feiertage 63 110.02 genehmigung zum erwerb von orden und ehrenzeichen zu sammlerzwecken 63 110.03 erteilung von erlaubnissen für die durchführung von nicht nach §§ 68 und 69 gewerbeordnung (gewo) festgesetzten märkten oder marktähnlichen veranstaltungen, insbesondere flohmärkten an sonn- und [[feiertag]]en 63 bis 1 300
2020_074	4	einmalig	287	nr. 74 gesetzblatt der freien hansestadt bremen vom 23. juli 2020 715 b) es wird folgender satz angefügt: „die erbringung der nachweise nach den nummern 2, 3, 4 und 7 kann für die immatrikulation zum wintersemester 2020/21 nach entscheidung des rektors oder der rektorin der hochschulen [[einmalig]] insgesamt oder durch entscheidung im einzelfall zur vermeidung einer unbilligen härte angemessen hinausgeschoben werden.“ 11. in § 49 absatz 1 werden nach dem wort „hochschule“ die wörter „einschliesslich digitaler module“ eingefügt. 12. § 55 wird wie folgt geändert: a) absatz 3 wird wie folgt geän
2020_147	43	einmalig	2939	ffene personen), an eine von der senatorin für gesundheit, frauen und verbraucherschutz bestimmte beratungsstelle. der polizeivollzugsdienst protokolliert die datenübermittlung an die beratungsstelle. absatz 3 satz 3 findet keine anwendung. die beratungsstelle darf die daten ausschliesslich und nur [[einmalig]] dazu nutzen, den betroffenen personen unverzüglich beratung zur verhütung weiterer handlungen häuslicher gewalt anzubieten. lehnt die betroffene person die beratung ab, hat die beratungsstelle die zu dieser person übermittelten daten unverzüglich zu löschen und den polizeivollzugsdienst sowie die b
2020_147	87	einmalig	437	ngig, weisungsfrei und nur dem gesetz unterworfen. § 2 wahl und amtszeit (1) die deputation für inneres wählt die beauftragte person in geheimer wahl mit der mehrheit ihrer mitglieder. die bürgerschaft bestätigt die wahl auf gleiche weise. (2) die beauftragte person wird für fünf jahre gewählt. die [[einmalig]]e wiederwahl ist zulässig. die oder der gewählte ist von der präsidentin oder dem präsidenten der bürgerschaft zu ernennen. § 3 tätigkeit als hilfsorgan der bürgerschaft und der deputation für inneres (1) die bürgerschaft, mitglieder der bürgerschaft in fraktionsstärke, die deputation für inneres, d
2020_151	3	einmalig	154	nr. 151 gesetzblatt der freien hansestadt bremen vom 8. dezember 2020 1613 (7) der antrag auf bewilligung von fördermitteln nach den absätzen 2 bis 4 ist [[einmalig]] vor beginn der förderung bei der zuständigen behörde zu stellen. ein vorzeitiger massnahmenbeginn muss schriftlich und mit begründung bei der zuständigen behörde beantragt werden. ein beginn der massnahme ist erst nach der erteilung einer genehmigung zulässig. der krankenhausträger muss die übernah
2021_026	2	einmalig	2750	 digitalisierten formaten durch satzung festlegen, soweit dazu keine abschliessenden regelungen durch rechtsverordnung vorgesehen sind.“ b) in absatz 2 satz 1 nummer 14 werden nach dem wort „fristenregelung“ die wörter „sowie im fall besonderer umstände die möglichkeit und die voraussetzungen eines [[einmalig]]en freiversuchs, soweit die prüfung nicht vor ablauf der für die meldung festgesetzten fristen im sinne von nummer 11 erfolgt“ eingefügt.
2021_030	11	einmalig	251	nr. 30 gesetzblatt der freien hansestadt bremen vom 2. märz 2021 261 101.22.01.01 digitale 1-wöchige bereitstellung der bauakte mit passwort zum download via externem online-zugang gebührenfrei 101.22.01.02 digitale abgabe der akte auf speicherstick, [[einmalig]] 8 101.22.01.03 ausdrucke aus der digitalen bauakte 101.22.01.03. 00 din a 4 je ausdruck schwarz/weiss 0,15 101.22.01.03. 01 din a 4 je ausdruck farbig 0,20 101.22.01.03. 02 din a 3 je ausdruck schwarz/weiss 0,25 101.22.01.03. 03 din a 3 je ausdruck farbig 0,35 101.22.01.03. 04 format bis din a 2 od
2021_030	20	einmalig	1770	gunsten oder zugunsten eines nicht wohnberechtigten mieters (ausnahme: globalfreistellung im rahmen eines kooperationsvertrages nach §§ 14 und 15 wofg) 55 160.08 genehmigung von leerstand, zweckentfremdung oder von baulichen änderungen von wohnraum nach § 27 absatz 7 wofg/§ 6 bremwobindg 5 v. h der [[einmalig]]en ausgleichszahlung, mindestens 138 160.08.00 ablehnung der genehmigung nach 160.08 83 160.09 sonstige amtshandlungen auf dem gebiete des wohnungswesens (ausgenommen rechtsbehelfsverfahren – 101.09 u. 101.10 – und verwaltungszwang – 102 der allkostv gebührenfrei 161 massnahmen nach bremwschg 161.01
2021_031	3	gedenk	1685	nstigen begegnungstreffs, einrichtungen der kinder- und jugendhilfe oder einrichtungen nach § 5a.“ 7. nach § 5 wird folgender § 5a eingefügt: „§ 5a museen und andere ausstellungseinrichtungen die betreiber von öffentlichen oder privaten museen, kunsthallen, zoologischen und botanischen gärten sowie [[gedenk]]stätten dürfen den besuch nur nach vorheriger telefonischer oder elektronischer terminbuchung zulassen.“
2021_055	10	gedenk	409	gen mit ausnahme von begegnungsstätten und sonstigen begegnungstreffs, einrichtungen der kinder- und jugendhilfe oder einrichtungen nach § 5a. § 5a museen und andere ausstellungseinrichtungen die betreiber von öffentlichen oder privaten museen, kunsthallen, zoologischen und botanischen gärten sowie [[gedenk]]stätten dürfen den besuch nur nach vorheriger telefonischer oder elektronischer terminbuchung zulassen. § 6 dienstleistungen und handwerk (1) das erbringen von körpernahen dienstleistungen sowie von handwerksleistungen, bei denen ein abstand von 1,5 metern von mensch zu mensch nicht eingehalten werd
2021_059	11	gedenk	686	gen mit ausnahme von begegnungsstätten und sonstigen begegnungstreffs, einrichtungen der kinder- und jugendhilfe oder einrichtungen nach § 5a. § 5a museen und andere ausstellungseinrichtungen die betreiber von öffentlichen oder privaten museen, kunsthallen, zoologischen und botanischen gärten sowie [[gedenk]]stätten dürfen den besuch nur nach vorheriger telefonischer oder elektronischer terminbuchung zulassen. § 6 dienstleistungen und handwerk (1) das erbringen von körpernahen dienstleistungen sowie von handwerksleistungen, bei denen ein abstand von 1,5 metern von mensch zu mensch nicht eingehalten werd
2021_083	4	einmalig	804	hreitet und 6. der ersatzwohnraum dem wohnungsmarkt in gleicher weise wie der durch die zweckentfremdung entfallende wohnraum zu verfügung steht. (4) die genehmigung kann dem verfügungsberechtigten oder dem nutzungsberechtigten befristet, bedingt oder unter auflagen, insbesondere zur leistung einer [[einmalig]]en oder laufenden ausgleichszahlung, erteilt werden. (5) die höhe der ausgleichszahlung soll den nachteil, der dem wohnungsmarkt durch das leerstehenlassen des wohnraums entsteht, ausgleichen. die ausgleichszahlung kann im einzelfall abgesenkt werden. gründe für die absenkung sind insbesondere gegeb
2021_083	5	einmalig	234	nr. 83 gesetzblatt der freien hansestadt bremen vom 21. juli 2021 570 zustandes nicht oder nur mit unzumutbarem aufwand möglich, so soll die zuständige behörde die schaffung von ersatzwohnraum nach § 4 absatz 3 oder die zahlung einer [[einmalig]]en ausgleichszahlung nach § 4 absatz 4 verlangen. (3) widerspruch und anfechtungsklage gegen verwaltungsakte nach absatz 1 haben keine aufschiebende wirkung. (4) verwaltungsakte zur beseitigung einer zweckentfremdung können mit mitteln des verwaltungszwangs durchgesetzt werden. § 6 datenverarbeitung
2021_096	1	feiertag	1009	eils von 13.00 bis 18.00 uhr, 2. im stadtteil mitte am 22. august 2021, am 5. september 2021, am 10. oktober 2021 und am 7. november 2021, jeweils von 13.00 bis 18.00 uhr, 3. im stadtteil geestemünde am 26. september 2021 von 12.00 bis 17.00 uhr. § 2 die vorschriften des gesetzes über die sonn- und [[feiertag]]e, des § 13 des bremischen ladenschlussgesetzes, des arbeitszeitgesetzes, des manteltarifvertrages für arbeitnehmer im einzelhandel, des jugendarbeitsschutzgesetzes und des mutterschutzgesetzes bleiben unberührt. § 3 bei werbemassnahmen des veranstalters haben die jeweiligen anlässe für die öffnung 
2021_145	22	feiertag	1078	ng verlangen.” es wird folgender absatz 3 angefügt: „(3) die von der anstalt festgelegten abfuhrtermine zu den jeweiligen abfallbehältern können auf der internetseite der anstalt oder aus den von ihr zur verfügung gestellten informationsmaterialien entnommen werden. änderungen der abfuhrtermine und [[feiertag]]sverschiebungen werden von der anstalt nur auf ihrer internetseite veröffentlicht.“ 24. § 22 wird wie folgt geändert: in absatz 1 wird die angabe „anlage 2” durch die angabe „anlage 3” ersetzt. 25. in § 24 absatz 1 wird die angabe „§ 8 abs. 2“ durch die angabe „§ 8 absatz 2“ ersetzt. 26. in § 25 wer
2022_012	2	feiertag	2065	n dienst aufzunehmen, wenn dabei zeiten ohne arbeitsleistung überwiegen, 6. schichtdienst der dienst nach einem schichtplan, der einen regelmässigen wechsel der täglichen arbeitszeit vorsieht, 7. wechselschichtdienst ein schichtdienst, in dem ununterbrochen bei tag und nacht, werktags, sonntags und [[feiertag]]s gearbeitet wird, 8. sonderdienst der dienst im justizvollzug, der aufgrund besonderer justizvollzuglicher lagen und vorkommnisse unregelmässig geleistet wird,
2022_012	3	feiertag	244	nr. 12 gesetzblatt der freien hansestadt bremen vom 9. februar 2022 80 9. nachtdienst der dienstplanmässige dienst zwischen 20 uhr und 6 uhr. § 3 arbeitstage (1) arbeitstag ist grundsätzlich der werktag. (2) arbeitstag kann auch ein sonn- oder [[feiertag]] sein, soweit dienstliche gründe dies erfordern. in diesem fall soll die als ausgleich zu gewährende freizeit nicht aufgeteilt werden. (3) die sonnabende sind grundsätzlich dienstfrei, soweit nicht aus dienstlichen gründen dienst geleistet werden muss. darüber hinaus wird die oberste dienstbehörde e
2022_012	3	feiertag	1848	t beträgt, sofern nicht in dieser verordnung etwas anderes bestimmt ist, 40 stunden. bei teilzeitbeschäftigung gilt die im einzelfall festgelegte wochenarbeitszeit als regelmässige wöchentliche arbeitszeit. (2) die regelmässige wöchentliche arbeitszeit verkürzt sich für jeden gesetzlich anerkannten [[feiertag]], heiligabend und silvester, der auf die tage montag bis freitag fällt, um die darauf entfallende arbeitszeit. im selben umfang wird die arbeitszeit für beamtinnen und beamte, die im schicht- oder wechselschichtdienst eingesetzt sind, verkürzt. hierbei bleibt unberücksichtigt, ob und wie lange an di
2022_016	1	einmalig	1251	1 werden vor dem wort „rechtsreferendare“ die wörter „rechtsreferendarinnen und“ eingefügt. b) folgender absatz 4 wird angefügt: „(4) zur abmilderung zusätzlicher belastungen durch die covid-19- pandemie wird den rechtsreferendarinnen und rechtsreferendaren zusätzlich zu der unterhaltsbeihilfe eine [[einmalig]]e sonderzahlung gewährt. die höhe der sonderzahlung beträgt 650 euro. die sonderzahlung wird nur gewährt, wenn das öffentlich-rechtliche ausbildungsverhältnis am 29. november 2021 bestanden hat und in der zeit vom 1. januar 2021 bis zum 29. november 2021 an mindestens einem tag anspruch auf unterhal
2022_017	1	feiertag	836	“ der kostenverordnung für die innere verwaltung vom 20. august 2002 (brem.gbi. s. 455 — 203-c-2), die zuletzt durch die verordnung vom 7. juli 2020 (brem.gbi. s. 575) geändert worden ist, wird wie folgt gefasst: inhaltsübersicht nummer kostentatbestand 101 legalisation und apostillen 110 sonn- und [[feiertag]]srecht, titel, orden und ehrenzeichen 111 stiftungen und vereine 112 namensänderungsrecht 114 glücksspiel 115 sammlungen 118 schornsteinfegerwesen 120 allgemeines polizeirecht 121 melde- und ausweiswesen 122 sondernutzungen und allgemeine ordnungsangelegenheiten 123 sonstiges 131 prüfung der ehevora
2022_017	2	feiertag	622	setz und der allgemeinen waffengesetz-verordnung nummer kostentatbestand kosten in eur 101 legalisation und apostillen 101.01 beglaubigung von urkunden zur verwendung im ausland zum zwecke der legalisation 18 101.02 erteilung der apostille nach haager übereinkommen vom 5. märz 1961 18 110 sonn- und [[feiertag]]srecht, titel, orden und ehrenzeichen 110.01 befreiung von beschränkungen und verboten nach § 11 i.v.m. § 4 absatz 1 und absatz 4, § 5 absatz 1, § 6, § 7 und § 8 absatz 1 bis absatz 3 gesetz über die sonnund feiertage 48 bis 420 110.02 genehmigung zum erwerb von orden und ehrenzeichen zu sammlerzwec
2022_017	2	feiertag	838	erteilung der apostille nach haager übereinkommen vom 5. märz 1961 18 110 sonn- und feiertagsrecht, titel, orden und ehrenzeichen 110.01 befreiung von beschränkungen und verboten nach § 11 i.v.m. § 4 absatz 1 und absatz 4, § 5 absatz 1, § 6, § 7 und § 8 absatz 1 bis absatz 3 gesetz über die sonnund [[feiertag]]e 48 bis 420 110.02 genehmigung zum erwerb von orden und ehrenzeichen zu sammlerzwecken 72 110.03 erteilung von erlaubnissen für die durchführung von nicht nach §§ 68 und 69 gewerbeordnung (gewo) festgesetzten märkten oder marktähnlichen veranstaltungen, insbesondere flohmärkten an sonn- und feierta
2022_017	2	feiertag	1139	eiertage 48 bis 420 110.02 genehmigung zum erwerb von orden und ehrenzeichen zu sammlerzwecken 72 110.03 erteilung von erlaubnissen für die durchführung von nicht nach §§ 68 und 69 gewerbeordnung (gewo) festgesetzten märkten oder marktähnlichen veranstaltungen, insbesondere flohmärkten an sonn- und [[feiertag]]en 72 bis 1 300 111 stiftungen und vereine bei juristischen personen, die weder gemeinnützig sind noch mildtätigen zwecken dienen bei juristischen personen, die gemeinnützig sind oder mildtätigen zwecken dienen
2022_035	2	feiertag	250	nr. 35 gesetzblatt der freien hansestadt bremen vom 7. april 2022 195 - am 30. oktober 2022 aus anlass der veranstaltung „bremerhavener auto- meile 2022 im stadtteil mitte von 12.00 bis 17.00 uhr. § 2 die vorschriften des gesetzes über die sonn- und [[feiertag]]e, des § 13 des bremischen ladenschlussgesetzes, des arbeitszeitgesetzes, des manteltarifvertrages für arbeitnehmer im einzelhandel, des jugendarbeitsschutzgesetzes und des mutterschutzgesetzes bleiben unberührt. § 3 bei werbemassnahmen des veranstalters haben die jeweiligen anlässe für die öffnung 
2022_038	1	einmalig	111	200 gesetzblatt der freien hansestadt bremen 2022 verkündet am 8. april 2022 nr. 38 gesetz zur gewährung einer [[einmalig]]en corona-sonderzahlung im jahr 2021 vom 29. märz 2022 der senat verkündet das nachstehende, von der bürgerschaft (landtag) beschlossene gesetz: artikel 1 bremisches gesetz zur gewährung einer einmaligen corona-sonderzahlung im jahr 2021 aus anlass der covid-19-pandemie (bremisches corona-sonderzahl
2022_038	1	einmalig	312	att der freien hansestadt bremen 2022 verkündet am 8. april 2022 nr. 38 gesetz zur gewährung einer einmaligen corona-sonderzahlung im jahr 2021 vom 29. märz 2022 der senat verkündet das nachstehende, von der bürgerschaft (landtag) beschlossene gesetz: artikel 1 bremisches gesetz zur gewährung einer [[einmalig]]en corona-sonderzahlung im jahr 2021 aus anlass der covid-19-pandemie (bremisches corona-sonderzahlungsgesetz – bremcoronaszg) § 1 geltungsbereich (1) dieses gesetz regelt die gewährung einer einmaligen corona-sonderzahlung zur abmilderung der zusätzlichen belastung durch die covid-19-pandemie in de
2022_038	1	einmalig	512	von der bürgerschaft (landtag) beschlossene gesetz: artikel 1 bremisches gesetz zur gewährung einer einmaligen corona-sonderzahlung im jahr 2021 aus anlass der covid-19-pandemie (bremisches corona-sonderzahlungsgesetz – bremcoronaszg) § 1 geltungsbereich (1) dieses gesetz regelt die gewährung einer [[einmalig]]en corona-sonderzahlung zur abmilderung der zusätzlichen belastung durch die covid-19-pandemie in der zeit vom 1. januar 2021 bis zum 29. november 2021. (2) die corona-sonderzahlung nach diesem gesetz erhalten beamtinnen und beamte sowie richterinnen und richter im geltungsbereich des bremischen bes
2022_062	6	feiertag	1608	x (mortalitätsindex-verordnung - bremmiv) 506.01 übermittlung von daten nach § 2 absatz 1 oder absatz 2, je angefangene stunde 84,00 € 507 allgemeine kosten 507.01 fahrtkostenpauschale 5,00 € 507.02 neben den gebühren sind von dem zahlungspflichtigen für verrichtungen, die an sonnabenden, sonn- und [[feiertag]]en (einschliesslich 24. + 31.12.) oder an werktagen von 21.00 bis 6.00 uhr gefordert werden, je angefangene 1/4 stunde zu entrichten 10,00 € 507.03 gebühren für jede im interesse der nachgesuchten leistung (z.b. probenahme) aufgewandte 1/4 arbeitsstunde einschliesslich fahrzeiten nach nummer 103.00 
2022_062	11	feiertag	1348	ungen des landesuntersuchungsamtes setzen sich aus verschiedenen positionen zusammen. werden innerhalb eines auftrages verschiedene parameter untersucht, werden die gebühren addiert. gebühren für zeitaufwände werden je nach einzelfall hinzugerechnet. bei einlieferung von proben an wochenenden/wochen[[feiertag]]en können sich die untersuchungsgebühren um 100 von hundert erhöhen. für leistungen, die vom auftraggeber als besonders eilbedürftig angesehen werden, können sich die gebühren um 50 von hundert; ausserhalb der normalen geschäftszeiten um 100 von hundert erhöhen. 2. davon abweichend können schriftlic
2022_062	50	einmalig	1642	€ 580.06 schwein bis 25 kg 0,50 € bis 10,00 € 580.07 schwein ab 25 kg 1,00 € bis 20,00 € 580.08 fleischuntersuchung bei wild-, zucht- und gatterwild 0,25 € bis 5,00 € 580.09 bei schlachtungen ausserhalb eines öffentlichen schlachtbetriebes erhöht sich die mindestgebühr der nummern 580.01 bis 580.08 [[einmalig]] um 18,50 € 580.10 ergänzungsuntersuchung, wenn diese dadurch erforderlich wird, dass 580.10.01 das schlachttier vor der untersuchung unzulässig zerlegt worden ist oder 580.10.02 einzelne teile des schlachttieres entfernt oder unzulässig bearbeitet worden sind oder
2022_062	57	feiertag	1103	absatz 5 oder § 12 satz 2 in verbindung mit § 7 absatz 5 327,50 € bis 4 200,00 € 602.01.02 feststellung der zulässigkeit einer beschäftigung nach § 13 absatz 3 nummer 1 191,50 € bis 1 000,00 € 602.01.03 bewilligung einer ausnahme nach § 13 absatz 3 nummer 2 für 1 bis 5 beschäftigte für 1 sonn- oder [[feiertag]] 129,50 € 2 sonn- oder feiertage 149,50 € 3 sonn- oder feiertage 199,50 € 4 sonn- oder feiertage 239,50 € 5 sonn- oder feiertage 289,50 € für jeden weiteren sonn- oder feiertag zusätzlich 44,00 € 602.01.04 bewilligung einer ausnahme nach § 13 absatz 3 nummer 2 für 6 bis 20 beschäftigte für 1 sonn- o
2022_062	57	feiertag	1134	rbindung mit § 7 absatz 5 327,50 € bis 4 200,00 € 602.01.02 feststellung der zulässigkeit einer beschäftigung nach § 13 absatz 3 nummer 1 191,50 € bis 1 000,00 € 602.01.03 bewilligung einer ausnahme nach § 13 absatz 3 nummer 2 für 1 bis 5 beschäftigte für 1 sonn- oder feiertag 129,50 € 2 sonn- oder [[feiertag]]e 149,50 € 3 sonn- oder feiertage 199,50 € 4 sonn- oder feiertage 239,50 € 5 sonn- oder feiertage 289,50 € für jeden weiteren sonn- oder feiertag zusätzlich 44,00 € 602.01.04 bewilligung einer ausnahme nach § 13 absatz 3 nummer 2 für 6 bis 20 beschäftigte für 1 sonn- oder feiertag 149,50 € 2 sonn- o
2022_062	57	feiertag	1166	 € bis 4 200,00 € 602.01.02 feststellung der zulässigkeit einer beschäftigung nach § 13 absatz 3 nummer 1 191,50 € bis 1 000,00 € 602.01.03 bewilligung einer ausnahme nach § 13 absatz 3 nummer 2 für 1 bis 5 beschäftigte für 1 sonn- oder feiertag 129,50 € 2 sonn- oder feiertage 149,50 € 3 sonn- oder [[feiertag]]e 199,50 € 4 sonn- oder feiertage 239,50 € 5 sonn- oder feiertage 289,50 € für jeden weiteren sonn- oder feiertag zusätzlich 44,00 € 602.01.04 bewilligung einer ausnahme nach § 13 absatz 3 nummer 2 für 6 bis 20 beschäftigte für 1 sonn- oder feiertag 149,50 € 2 sonn- oder feiertage 199,50 € 3 sonn- o
2022_062	57	feiertag	1198	stellung der zulässigkeit einer beschäftigung nach § 13 absatz 3 nummer 1 191,50 € bis 1 000,00 € 602.01.03 bewilligung einer ausnahme nach § 13 absatz 3 nummer 2 für 1 bis 5 beschäftigte für 1 sonn- oder feiertag 129,50 € 2 sonn- oder feiertage 149,50 € 3 sonn- oder feiertage 199,50 € 4 sonn- oder [[feiertag]]e 239,50 € 5 sonn- oder feiertage 289,50 € für jeden weiteren sonn- oder feiertag zusätzlich 44,00 € 602.01.04 bewilligung einer ausnahme nach § 13 absatz 3 nummer 2 für 6 bis 20 beschäftigte für 1 sonn- oder feiertag 149,50 € 2 sonn- oder feiertage 199,50 € 3 sonn- oder feiertage 239,50 € 4 sonn- o
2022_062	57	feiertag	1230	beschäftigung nach § 13 absatz 3 nummer 1 191,50 € bis 1 000,00 € 602.01.03 bewilligung einer ausnahme nach § 13 absatz 3 nummer 2 für 1 bis 5 beschäftigte für 1 sonn- oder feiertag 129,50 € 2 sonn- oder feiertage 149,50 € 3 sonn- oder feiertage 199,50 € 4 sonn- oder feiertage 239,50 € 5 sonn- oder [[feiertag]]e 289,50 € für jeden weiteren sonn- oder feiertag zusätzlich 44,00 € 602.01.04 bewilligung einer ausnahme nach § 13 absatz 3 nummer 2 für 6 bis 20 beschäftigte für 1 sonn- oder feiertag 149,50 € 2 sonn- oder feiertage 199,50 € 3 sonn- oder feiertage 239,50 € 4 sonn- oder feiertage 289,50 € 5 sonn- o
2022_062	57	feiertag	1279	€ bis 1 000,00 € 602.01.03 bewilligung einer ausnahme nach § 13 absatz 3 nummer 2 für 1 bis 5 beschäftigte für 1 sonn- oder feiertag 129,50 € 2 sonn- oder feiertage 149,50 € 3 sonn- oder feiertage 199,50 € 4 sonn- oder feiertage 239,50 € 5 sonn- oder feiertage 289,50 € für jeden weiteren sonn- oder [[feiertag]] zusätzlich 44,00 € 602.01.04 bewilligung einer ausnahme nach § 13 absatz 3 nummer 2 für 6 bis 20 beschäftigte für 1 sonn- oder feiertag 149,50 € 2 sonn- oder feiertage 199,50 € 3 sonn- oder feiertage 239,50 € 4 sonn- oder feiertage 289,50 € 5 sonn- oder feiertage 339,50 € für jeden weiteren sonn- o
2022_062	57	feiertag	1415	,50 € 2 sonn- oder feiertage 149,50 € 3 sonn- oder feiertage 199,50 € 4 sonn- oder feiertage 239,50 € 5 sonn- oder feiertage 289,50 € für jeden weiteren sonn- oder feiertag zusätzlich 44,00 € 602.01.04 bewilligung einer ausnahme nach § 13 absatz 3 nummer 2 für 6 bis 20 beschäftigte für 1 sonn- oder [[feiertag]] 149,50 € 2 sonn- oder feiertage 199,50 € 3 sonn- oder feiertage 239,50 € 4 sonn- oder feiertage 289,50 € 5 sonn- oder feiertage 339,50 € für jeden weiteren sonn- oder feiertag zusätzlich 54,00 € 602.01.05 bewilligung einer ausnahme nach § 13 absatz 3 nummer 2 für 21 bis 50 beschäftigte für 1 sonn- 
2022_062	57	feiertag	1446	9,50 € 3 sonn- oder feiertage 199,50 € 4 sonn- oder feiertage 239,50 € 5 sonn- oder feiertage 289,50 € für jeden weiteren sonn- oder feiertag zusätzlich 44,00 € 602.01.04 bewilligung einer ausnahme nach § 13 absatz 3 nummer 2 für 6 bis 20 beschäftigte für 1 sonn- oder feiertag 149,50 € 2 sonn- oder [[feiertag]]e 199,50 € 3 sonn- oder feiertage 239,50 € 4 sonn- oder feiertage 289,50 € 5 sonn- oder feiertage 339,50 € für jeden weiteren sonn- oder feiertag zusätzlich 54,00 € 602.01.05 bewilligung einer ausnahme nach § 13 absatz 3 nummer 2 für 21 bis 50 beschäftigte für 1 sonn- oder feiertag 199,50 € 2 sonn- 
2022_062	57	feiertag	1478	9,50 € 4 sonn- oder feiertage 239,50 € 5 sonn- oder feiertage 289,50 € für jeden weiteren sonn- oder feiertag zusätzlich 44,00 € 602.01.04 bewilligung einer ausnahme nach § 13 absatz 3 nummer 2 für 6 bis 20 beschäftigte für 1 sonn- oder feiertag 149,50 € 2 sonn- oder feiertage 199,50 € 3 sonn- oder [[feiertag]]e 239,50 € 4 sonn- oder feiertage 289,50 € 5 sonn- oder feiertage 339,50 € für jeden weiteren sonn- oder feiertag zusätzlich 54,00 € 602.01.05 bewilligung einer ausnahme nach § 13 absatz 3 nummer 2 für 21 bis 50 beschäftigte für 1 sonn- oder feiertag 199,50 € 2 sonn- oder feiertage 239,50 € 3 sonn- 
2022_062	57	feiertag	1510	9,50 € 5 sonn- oder feiertage 289,50 € für jeden weiteren sonn- oder feiertag zusätzlich 44,00 € 602.01.04 bewilligung einer ausnahme nach § 13 absatz 3 nummer 2 für 6 bis 20 beschäftigte für 1 sonn- oder feiertag 149,50 € 2 sonn- oder feiertage 199,50 € 3 sonn- oder feiertage 239,50 € 4 sonn- oder [[feiertag]]e 289,50 € 5 sonn- oder feiertage 339,50 € für jeden weiteren sonn- oder feiertag zusätzlich 54,00 € 602.01.05 bewilligung einer ausnahme nach § 13 absatz 3 nummer 2 für 21 bis 50 beschäftigte für 1 sonn- oder feiertag 199,50 € 2 sonn- oder feiertage 239,50 € 3 sonn- oder feiertage 289,50 € 4 sonn- 
2022_062	57	feiertag	1542	9,50 € für jeden weiteren sonn- oder feiertag zusätzlich 44,00 € 602.01.04 bewilligung einer ausnahme nach § 13 absatz 3 nummer 2 für 6 bis 20 beschäftigte für 1 sonn- oder feiertag 149,50 € 2 sonn- oder feiertage 199,50 € 3 sonn- oder feiertage 239,50 € 4 sonn- oder feiertage 289,50 € 5 sonn- oder [[feiertag]]e 339,50 € für jeden weiteren sonn- oder feiertag zusätzlich 54,00 € 602.01.05 bewilligung einer ausnahme nach § 13 absatz 3 nummer 2 für 21 bis 50 beschäftigte für 1 sonn- oder feiertag 199,50 € 2 sonn- oder feiertage 239,50 € 3 sonn- oder feiertage 289,50 € 4 sonn- oder feiertage 339,50 € 5 sonn- 
2022_062	57	feiertag	1591	ätzlich 44,00 € 602.01.04 bewilligung einer ausnahme nach § 13 absatz 3 nummer 2 für 6 bis 20 beschäftigte für 1 sonn- oder feiertag 149,50 € 2 sonn- oder feiertage 199,50 € 3 sonn- oder feiertage 239,50 € 4 sonn- oder feiertage 289,50 € 5 sonn- oder feiertage 339,50 € für jeden weiteren sonn- oder [[feiertag]] zusätzlich 54,00 € 602.01.05 bewilligung einer ausnahme nach § 13 absatz 3 nummer 2 für 21 bis 50 beschäftigte für 1 sonn- oder feiertag 199,50 € 2 sonn- oder feiertage 239,50 € 3 sonn- oder feiertage 289,50 € 4 sonn- oder feiertage 339,50 € 5 sonn- oder feiertage 369,50 € für jeden weiteren sonn- 
2022_062	57	feiertag	1728	50 € 2 sonn- oder feiertage 199,50 € 3 sonn- oder feiertage 239,50 € 4 sonn- oder feiertage 289,50 € 5 sonn- oder feiertage 339,50 € für jeden weiteren sonn- oder feiertag zusätzlich 54,00 € 602.01.05 bewilligung einer ausnahme nach § 13 absatz 3 nummer 2 für 21 bis 50 beschäftigte für 1 sonn- oder [[feiertag]] 199,50 € 2 sonn- oder feiertage 239,50 € 3 sonn- oder feiertage 289,50 € 4 sonn- oder feiertage 339,50 € 5 sonn- oder feiertage 369,50 € für jeden weiteren sonn- oder feiertag zusätzlich 64,00 €
2022_062	57	feiertag	1759	,50 € 3 sonn- oder feiertage 239,50 € 4 sonn- oder feiertage 289,50 € 5 sonn- oder feiertage 339,50 € für jeden weiteren sonn- oder feiertag zusätzlich 54,00 € 602.01.05 bewilligung einer ausnahme nach § 13 absatz 3 nummer 2 für 21 bis 50 beschäftigte für 1 sonn- oder feiertag 199,50 € 2 sonn- oder [[feiertag]]e 239,50 € 3 sonn- oder feiertage 289,50 € 4 sonn- oder feiertage 339,50 € 5 sonn- oder feiertage 369,50 € für jeden weiteren sonn- oder feiertag zusätzlich 64,00 €
2022_062	57	feiertag	1791	,50 € 4 sonn- oder feiertage 289,50 € 5 sonn- oder feiertage 339,50 € für jeden weiteren sonn- oder feiertag zusätzlich 54,00 € 602.01.05 bewilligung einer ausnahme nach § 13 absatz 3 nummer 2 für 21 bis 50 beschäftigte für 1 sonn- oder feiertag 199,50 € 2 sonn- oder feiertage 239,50 € 3 sonn- oder [[feiertag]]e 289,50 € 4 sonn- oder feiertage 339,50 € 5 sonn- oder feiertage 369,50 € für jeden weiteren sonn- oder feiertag zusätzlich 64,00 €
2022_062	57	feiertag	1823	,50 € 5 sonn- oder feiertage 339,50 € für jeden weiteren sonn- oder feiertag zusätzlich 54,00 € 602.01.05 bewilligung einer ausnahme nach § 13 absatz 3 nummer 2 für 21 bis 50 beschäftigte für 1 sonn- oder feiertag 199,50 € 2 sonn- oder feiertage 239,50 € 3 sonn- oder feiertage 289,50 € 4 sonn- oder [[feiertag]]e 339,50 € 5 sonn- oder feiertage 369,50 € für jeden weiteren sonn- oder feiertag zusätzlich 64,00 €
2022_062	57	feiertag	1855	,50 € für jeden weiteren sonn- oder feiertag zusätzlich 54,00 € 602.01.05 bewilligung einer ausnahme nach § 13 absatz 3 nummer 2 für 21 bis 50 beschäftigte für 1 sonn- oder feiertag 199,50 € 2 sonn- oder feiertage 239,50 € 3 sonn- oder feiertage 289,50 € 4 sonn- oder feiertage 339,50 € 5 sonn- oder [[feiertag]]e 369,50 € für jeden weiteren sonn- oder feiertag zusätzlich 64,00 €
2022_062	57	feiertag	1904	tzlich 54,00 € 602.01.05 bewilligung einer ausnahme nach § 13 absatz 3 nummer 2 für 21 bis 50 beschäftigte für 1 sonn- oder feiertag 199,50 € 2 sonn- oder feiertage 239,50 € 3 sonn- oder feiertage 289,50 € 4 sonn- oder feiertage 339,50 € 5 sonn- oder feiertage 369,50 € für jeden weiteren sonn- oder [[feiertag]] zusätzlich 64,00 €
2022_062	58	feiertag	179	nr. 62 gesetzblatt der freien hansestadt bremen vom 5. juli 2022 356 602.01.06 bewilligung einer ausnahme nach § 13 absatz 3 nummer 2 für 51 bis 100 beschäftigte für 1 sonn- oder [[feiertag]] 239,50 € 2 sonn- oder feiertage 289,50 € 3 sonn- oder feiertage 339,50 € 4 sonn- oder feiertage 369,50 € 5 sonn- oder feiertage 409,50 € für jeden weiteren sonn- oder feiertag zusätzlich 74,00 € 602.01.07 bewilligung einer ausnahme nach § 13 absatz 3 nummer 2 für 101 bis 300 beschäftigte für 1 sonn
2022_062	58	feiertag	210	nr. 62 gesetzblatt der freien hansestadt bremen vom 5. juli 2022 356 602.01.06 bewilligung einer ausnahme nach § 13 absatz 3 nummer 2 für 51 bis 100 beschäftigte für 1 sonn- oder feiertag 239,50 € 2 sonn- oder [[feiertag]]e 289,50 € 3 sonn- oder feiertage 339,50 € 4 sonn- oder feiertage 369,50 € 5 sonn- oder feiertage 409,50 € für jeden weiteren sonn- oder feiertag zusätzlich 74,00 € 602.01.07 bewilligung einer ausnahme nach § 13 absatz 3 nummer 2 für 101 bis 300 beschäftigte für 1 sonn- oder feiertag 289,50 € 2 sonn
2022_062	58	feiertag	242	nr. 62 gesetzblatt der freien hansestadt bremen vom 5. juli 2022 356 602.01.06 bewilligung einer ausnahme nach § 13 absatz 3 nummer 2 für 51 bis 100 beschäftigte für 1 sonn- oder feiertag 239,50 € 2 sonn- oder feiertage 289,50 € 3 sonn- oder [[feiertag]]e 339,50 € 4 sonn- oder feiertage 369,50 € 5 sonn- oder feiertage 409,50 € für jeden weiteren sonn- oder feiertag zusätzlich 74,00 € 602.01.07 bewilligung einer ausnahme nach § 13 absatz 3 nummer 2 für 101 bis 300 beschäftigte für 1 sonn- oder feiertag 289,50 € 2 sonn- oder feiertage 339,50 € 3 sonn
2022_062	58	feiertag	274	nr. 62 gesetzblatt der freien hansestadt bremen vom 5. juli 2022 356 602.01.06 bewilligung einer ausnahme nach § 13 absatz 3 nummer 2 für 51 bis 100 beschäftigte für 1 sonn- oder feiertag 239,50 € 2 sonn- oder feiertage 289,50 € 3 sonn- oder feiertage 339,50 € 4 sonn- oder [[feiertag]]e 369,50 € 5 sonn- oder feiertage 409,50 € für jeden weiteren sonn- oder feiertag zusätzlich 74,00 € 602.01.07 bewilligung einer ausnahme nach § 13 absatz 3 nummer 2 für 101 bis 300 beschäftigte für 1 sonn- oder feiertag 289,50 € 2 sonn- oder feiertage 339,50 € 3 sonn- oder feiertage 369,50 € 4 sonn
2022_062	58	feiertag	306	 gesetzblatt der freien hansestadt bremen vom 5. juli 2022 356 602.01.06 bewilligung einer ausnahme nach § 13 absatz 3 nummer 2 für 51 bis 100 beschäftigte für 1 sonn- oder feiertag 239,50 € 2 sonn- oder feiertage 289,50 € 3 sonn- oder feiertage 339,50 € 4 sonn- oder feiertage 369,50 € 5 sonn- oder [[feiertag]]e 409,50 € für jeden weiteren sonn- oder feiertag zusätzlich 74,00 € 602.01.07 bewilligung einer ausnahme nach § 13 absatz 3 nummer 2 für 101 bis 300 beschäftigte für 1 sonn- oder feiertag 289,50 € 2 sonn- oder feiertage 339,50 € 3 sonn- oder feiertage 369,50 € 4 sonn- oder feiertage 409,50 € 5 sonn
2022_062	58	feiertag	355	juli 2022 356 602.01.06 bewilligung einer ausnahme nach § 13 absatz 3 nummer 2 für 51 bis 100 beschäftigte für 1 sonn- oder feiertag 239,50 € 2 sonn- oder feiertage 289,50 € 3 sonn- oder feiertage 339,50 € 4 sonn- oder feiertage 369,50 € 5 sonn- oder feiertage 409,50 € für jeden weiteren sonn- oder [[feiertag]] zusätzlich 74,00 € 602.01.07 bewilligung einer ausnahme nach § 13 absatz 3 nummer 2 für 101 bis 300 beschäftigte für 1 sonn- oder feiertag 289,50 € 2 sonn- oder feiertage 339,50 € 3 sonn- oder feiertage 369,50 € 4 sonn- oder feiertage 409,50 € 5 sonn- oder feiertage 469,50 € für jeden weiteren sonn
2022_062	58	feiertag	494	 € 2 sonn- oder feiertage 289,50 € 3 sonn- oder feiertage 339,50 € 4 sonn- oder feiertage 369,50 € 5 sonn- oder feiertage 409,50 € für jeden weiteren sonn- oder feiertag zusätzlich 74,00 € 602.01.07 bewilligung einer ausnahme nach § 13 absatz 3 nummer 2 für 101 bis 300 beschäftigte für 1 sonn- oder [[feiertag]] 289,50 € 2 sonn- oder feiertage 339,50 € 3 sonn- oder feiertage 369,50 € 4 sonn- oder feiertage 409,50 € 5 sonn- oder feiertage 469,50 € für jeden weiteren sonn- oder feiertag zusätzlich 84,00 € 602.01.08 bewilligung einer ausnahme nach § 13 absatz 3 nummer 2 für 301 bis 500 beschäftigte für 1 sonn
2022_062	58	feiertag	525	0 € 3 sonn- oder feiertage 339,50 € 4 sonn- oder feiertage 369,50 € 5 sonn- oder feiertage 409,50 € für jeden weiteren sonn- oder feiertag zusätzlich 74,00 € 602.01.07 bewilligung einer ausnahme nach § 13 absatz 3 nummer 2 für 101 bis 300 beschäftigte für 1 sonn- oder feiertag 289,50 € 2 sonn- oder [[feiertag]]e 339,50 € 3 sonn- oder feiertage 369,50 € 4 sonn- oder feiertage 409,50 € 5 sonn- oder feiertage 469,50 € für jeden weiteren sonn- oder feiertag zusätzlich 84,00 € 602.01.08 bewilligung einer ausnahme nach § 13 absatz 3 nummer 2 für 301 bis 500 beschäftigte für 1 sonn- oder feiertag 339,50 € 2 sonn
2022_062	58	feiertag	557	0 € 4 sonn- oder feiertage 369,50 € 5 sonn- oder feiertage 409,50 € für jeden weiteren sonn- oder feiertag zusätzlich 74,00 € 602.01.07 bewilligung einer ausnahme nach § 13 absatz 3 nummer 2 für 101 bis 300 beschäftigte für 1 sonn- oder feiertag 289,50 € 2 sonn- oder feiertage 339,50 € 3 sonn- oder [[feiertag]]e 369,50 € 4 sonn- oder feiertage 409,50 € 5 sonn- oder feiertage 469,50 € für jeden weiteren sonn- oder feiertag zusätzlich 84,00 € 602.01.08 bewilligung einer ausnahme nach § 13 absatz 3 nummer 2 für 301 bis 500 beschäftigte für 1 sonn- oder feiertag 339,50 € 2 sonn- oder feiertage 369,50 € 3 sonn
2022_062	58	feiertag	589	0 € 5 sonn- oder feiertage 409,50 € für jeden weiteren sonn- oder feiertag zusätzlich 74,00 € 602.01.07 bewilligung einer ausnahme nach § 13 absatz 3 nummer 2 für 101 bis 300 beschäftigte für 1 sonn- oder feiertag 289,50 € 2 sonn- oder feiertage 339,50 € 3 sonn- oder feiertage 369,50 € 4 sonn- oder [[feiertag]]e 409,50 € 5 sonn- oder feiertage 469,50 € für jeden weiteren sonn- oder feiertag zusätzlich 84,00 € 602.01.08 bewilligung einer ausnahme nach § 13 absatz 3 nummer 2 für 301 bis 500 beschäftigte für 1 sonn- oder feiertag 339,50 € 2 sonn- oder feiertage 369,50 € 3 sonn- oder feiertage 409,50 € 4 sonn
2022_062	58	feiertag	621	0 € für jeden weiteren sonn- oder feiertag zusätzlich 74,00 € 602.01.07 bewilligung einer ausnahme nach § 13 absatz 3 nummer 2 für 101 bis 300 beschäftigte für 1 sonn- oder feiertag 289,50 € 2 sonn- oder feiertage 339,50 € 3 sonn- oder feiertage 369,50 € 4 sonn- oder feiertage 409,50 € 5 sonn- oder [[feiertag]]e 469,50 € für jeden weiteren sonn- oder feiertag zusätzlich 84,00 € 602.01.08 bewilligung einer ausnahme nach § 13 absatz 3 nummer 2 für 301 bis 500 beschäftigte für 1 sonn- oder feiertag 339,50 € 2 sonn- oder feiertage 369,50 € 3 sonn- oder feiertage 409,50 € 4 sonn- oder feiertage 469,50 € 5 sonn
2022_062	58	feiertag	670	lich 74,00 € 602.01.07 bewilligung einer ausnahme nach § 13 absatz 3 nummer 2 für 101 bis 300 beschäftigte für 1 sonn- oder feiertag 289,50 € 2 sonn- oder feiertage 339,50 € 3 sonn- oder feiertage 369,50 € 4 sonn- oder feiertage 409,50 € 5 sonn- oder feiertage 469,50 € für jeden weiteren sonn- oder [[feiertag]] zusätzlich 84,00 € 602.01.08 bewilligung einer ausnahme nach § 13 absatz 3 nummer 2 für 301 bis 500 beschäftigte für 1 sonn- oder feiertag 339,50 € 2 sonn- oder feiertage 369,50 € 3 sonn- oder feiertage 409,50 € 4 sonn- oder feiertage 469,50 € 5 sonn- oder feiertage 509,50 € für jeden weiteren sonn
2022_062	58	feiertag	809	 € 2 sonn- oder feiertage 339,50 € 3 sonn- oder feiertage 369,50 € 4 sonn- oder feiertage 409,50 € 5 sonn- oder feiertage 469,50 € für jeden weiteren sonn- oder feiertag zusätzlich 84,00 € 602.01.08 bewilligung einer ausnahme nach § 13 absatz 3 nummer 2 für 301 bis 500 beschäftigte für 1 sonn- oder [[feiertag]] 339,50 € 2 sonn- oder feiertage 369,50 € 3 sonn- oder feiertage 409,50 € 4 sonn- oder feiertage 469,50 € 5 sonn- oder feiertage 509,50 € für jeden weiteren sonn- oder feiertag zusätzlich 94,00 € 602.01.09 bewilligung einer ausnahme nach § 13 absatz 3 nummer 2 für mehr als 500 beschäftigte für 1 son
2022_062	58	feiertag	840	0 € 3 sonn- oder feiertage 369,50 € 4 sonn- oder feiertage 409,50 € 5 sonn- oder feiertage 469,50 € für jeden weiteren sonn- oder feiertag zusätzlich 84,00 € 602.01.08 bewilligung einer ausnahme nach § 13 absatz 3 nummer 2 für 301 bis 500 beschäftigte für 1 sonn- oder feiertag 339,50 € 2 sonn- oder [[feiertag]]e 369,50 € 3 sonn- oder feiertage 409,50 € 4 sonn- oder feiertage 469,50 € 5 sonn- oder feiertage 509,50 € für jeden weiteren sonn- oder feiertag zusätzlich 94,00 € 602.01.09 bewilligung einer ausnahme nach § 13 absatz 3 nummer 2 für mehr als 500 beschäftigte für 1 sonn- oder feiertag 369,50 € 2 son
2022_062	58	feiertag	872	0 € 4 sonn- oder feiertage 409,50 € 5 sonn- oder feiertage 469,50 € für jeden weiteren sonn- oder feiertag zusätzlich 84,00 € 602.01.08 bewilligung einer ausnahme nach § 13 absatz 3 nummer 2 für 301 bis 500 beschäftigte für 1 sonn- oder feiertag 339,50 € 2 sonn- oder feiertage 369,50 € 3 sonn- oder [[feiertag]]e 409,50 € 4 sonn- oder feiertage 469,50 € 5 sonn- oder feiertage 509,50 € für jeden weiteren sonn- oder feiertag zusätzlich 94,00 € 602.01.09 bewilligung einer ausnahme nach § 13 absatz 3 nummer 2 für mehr als 500 beschäftigte für 1 sonn- oder feiertag 369,50 € 2 sonn- oder feiertage 409,50 € 3 son
2022_062	58	feiertag	904	0 € 5 sonn- oder feiertage 469,50 € für jeden weiteren sonn- oder feiertag zusätzlich 84,00 € 602.01.08 bewilligung einer ausnahme nach § 13 absatz 3 nummer 2 für 301 bis 500 beschäftigte für 1 sonn- oder feiertag 339,50 € 2 sonn- oder feiertage 369,50 € 3 sonn- oder feiertage 409,50 € 4 sonn- oder [[feiertag]]e 469,50 € 5 sonn- oder feiertage 509,50 € für jeden weiteren sonn- oder feiertag zusätzlich 94,00 € 602.01.09 bewilligung einer ausnahme nach § 13 absatz 3 nummer 2 für mehr als 500 beschäftigte für 1 sonn- oder feiertag 369,50 € 2 sonn- oder feiertage 409,50 € 3 sonn- oder feiertage 469,50 € 4 son
2022_062	58	feiertag	936	0 € für jeden weiteren sonn- oder feiertag zusätzlich 84,00 € 602.01.08 bewilligung einer ausnahme nach § 13 absatz 3 nummer 2 für 301 bis 500 beschäftigte für 1 sonn- oder feiertag 339,50 € 2 sonn- oder feiertage 369,50 € 3 sonn- oder feiertage 409,50 € 4 sonn- oder feiertage 469,50 € 5 sonn- oder [[feiertag]]e 509,50 € für jeden weiteren sonn- oder feiertag zusätzlich 94,00 € 602.01.09 bewilligung einer ausnahme nach § 13 absatz 3 nummer 2 für mehr als 500 beschäftigte für 1 sonn- oder feiertag 369,50 € 2 sonn- oder feiertage 409,50 € 3 sonn- oder feiertage 469,50 € 4 sonn- oder feiertage 509,50 € 5 son
2022_062	58	feiertag	985	lich 84,00 € 602.01.08 bewilligung einer ausnahme nach § 13 absatz 3 nummer 2 für 301 bis 500 beschäftigte für 1 sonn- oder feiertag 339,50 € 2 sonn- oder feiertage 369,50 € 3 sonn- oder feiertage 409,50 € 4 sonn- oder feiertage 469,50 € 5 sonn- oder feiertage 509,50 € für jeden weiteren sonn- oder [[feiertag]] zusätzlich 94,00 € 602.01.09 bewilligung einer ausnahme nach § 13 absatz 3 nummer 2 für mehr als 500 beschäftigte für 1 sonn- oder feiertag 369,50 € 2 sonn- oder feiertage 409,50 € 3 sonn- oder feiertage 469,50 € 4 sonn- oder feiertage 509,50 € 5 sonn- oder feiertage 559,50 € für jeden weiteren son
2022_062	58	feiertag	1125	€ 2 sonn- oder feiertage 369,50 € 3 sonn- oder feiertage 409,50 € 4 sonn- oder feiertage 469,50 € 5 sonn- oder feiertage 509,50 € für jeden weiteren sonn- oder feiertag zusätzlich 94,00 € 602.01.09 bewilligung einer ausnahme nach § 13 absatz 3 nummer 2 für mehr als 500 beschäftigte für 1 sonn- oder [[feiertag]] 369,50 € 2 sonn- oder feiertage 409,50 € 3 sonn- oder feiertage 469,50 € 4 sonn- oder feiertage 509,50 € 5 sonn- oder feiertage 559,50 € für jeden weiteren sonn- oder feiertag zusätzlich 104,00 € 602.01.10 bewilligung nach § 13 absatz 4 366,00 € bis 3 500,00 € 602.01.11 bewilligung nach § 13 absatz
2022_062	58	feiertag	1156	 € 3 sonn- oder feiertage 409,50 € 4 sonn- oder feiertage 469,50 € 5 sonn- oder feiertage 509,50 € für jeden weiteren sonn- oder feiertag zusätzlich 94,00 € 602.01.09 bewilligung einer ausnahme nach § 13 absatz 3 nummer 2 für mehr als 500 beschäftigte für 1 sonn- oder feiertag 369,50 € 2 sonn- oder [[feiertag]]e 409,50 € 3 sonn- oder feiertage 469,50 € 4 sonn- oder feiertage 509,50 € 5 sonn- oder feiertage 559,50 € für jeden weiteren sonn- oder feiertag zusätzlich 104,00 € 602.01.10 bewilligung nach § 13 absatz 4 366,00 € bis 3 500,00 € 602.01.11 bewilligung nach § 13 absatz 5 366,00 € bis 5 500,00 € 602.
2022_062	58	feiertag	1188	 € 4 sonn- oder feiertage 469,50 € 5 sonn- oder feiertage 509,50 € für jeden weiteren sonn- oder feiertag zusätzlich 94,00 € 602.01.09 bewilligung einer ausnahme nach § 13 absatz 3 nummer 2 für mehr als 500 beschäftigte für 1 sonn- oder feiertag 369,50 € 2 sonn- oder feiertage 409,50 € 3 sonn- oder [[feiertag]]e 469,50 € 4 sonn- oder feiertage 509,50 € 5 sonn- oder feiertage 559,50 € für jeden weiteren sonn- oder feiertag zusätzlich 104,00 € 602.01.10 bewilligung nach § 13 absatz 4 366,00 € bis 3 500,00 € 602.01.11 bewilligung nach § 13 absatz 5 366,00 € bis 5 500,00 € 602.01.12 bewilligung nach § 15 absa
2022_062	58	feiertag	1220	 € 5 sonn- oder feiertage 509,50 € für jeden weiteren sonn- oder feiertag zusätzlich 94,00 € 602.01.09 bewilligung einer ausnahme nach § 13 absatz 3 nummer 2 für mehr als 500 beschäftigte für 1 sonn- oder feiertag 369,50 € 2 sonn- oder feiertage 409,50 € 3 sonn- oder feiertage 469,50 € 4 sonn- oder [[feiertag]]e 509,50 € 5 sonn- oder feiertage 559,50 € für jeden weiteren sonn- oder feiertag zusätzlich 104,00 € 602.01.10 bewilligung nach § 13 absatz 4 366,00 € bis 3 500,00 € 602.01.11 bewilligung nach § 13 absatz 5 366,00 € bis 5 500,00 € 602.01.12 bewilligung nach § 15 absatz 1 für 1 bis 10 beschäftigte f
2022_062	58	feiertag	1252	 € für jeden weiteren sonn- oder feiertag zusätzlich 94,00 € 602.01.09 bewilligung einer ausnahme nach § 13 absatz 3 nummer 2 für mehr als 500 beschäftigte für 1 sonn- oder feiertag 369,50 € 2 sonn- oder feiertage 409,50 € 3 sonn- oder feiertage 469,50 € 4 sonn- oder feiertage 509,50 € 5 sonn- oder [[feiertag]]e 559,50 € für jeden weiteren sonn- oder feiertag zusätzlich 104,00 € 602.01.10 bewilligung nach § 13 absatz 4 366,00 € bis 3 500,00 € 602.01.11 bewilligung nach § 13 absatz 5 366,00 € bis 5 500,00 € 602.01.12 bewilligung nach § 15 absatz 1 für 1 bis 10 beschäftigte für 1 bis 7 tage 129,50 € 8 bis 1
2022_062	58	feiertag	1301	ich 94,00 € 602.01.09 bewilligung einer ausnahme nach § 13 absatz 3 nummer 2 für mehr als 500 beschäftigte für 1 sonn- oder feiertag 369,50 € 2 sonn- oder feiertage 409,50 € 3 sonn- oder feiertage 469,50 € 4 sonn- oder feiertage 509,50 € 5 sonn- oder feiertage 559,50 € für jeden weiteren sonn- oder [[feiertag]] zusätzlich 104,00 € 602.01.10 bewilligung nach § 13 absatz 4 366,00 € bis 3 500,00 € 602.01.11 bewilligung nach § 13 absatz 5 366,00 € bis 5 500,00 € 602.01.12 bewilligung nach § 15 absatz 1 für 1 bis 10 beschäftigte für 1 bis 7 tage 129,50 € 8 bis 14 tage 149,50 € 15 bis 21 tage 199,50 €
2022_086	2	einmalig	1168	r für den ausfall der fahrt ein entgelt von 5,00 euro zu entrichten. voraussetzung für die zahlung des entgeltes ist, dass die fahrt zum bestellungsort vor der rücknahme des fahrtauftrages bereits angetreten wurde. (6) bei bestellung einer grossraumtaxe (beförderung von mehr als 4 personen) ist ein [[einmalig]]er zuschlag in höhe von 5,00 € zu entrichten.“ 3. § 5 erhält folgende fassung: „§ 5 zuschläge a) absatz 4 entfällt. b) absatz 5 wird absatz 4.“ 4. § 6 erhält folgende fassung: „§ 6 wartegeld der wartezeitpreis (kunden- und verkehrsbedingt) beträgt je stunde 30,00 euro (0,10 euro pro 12 sekunden).“
2022_118	1	einmalig	104	725 gesetzblatt der freien hansestadt bremen 2022 verkündet am 7. november 2022 nr. 118 gesetz über die [[einmalig]]e gewährung einer energiepreispauschale 2022 für versorgungsempfängerinnen und versorgungsempfänger in der freien hansestadt bremen (bremeppg 2022) vom 18. oktober 2022 der senat verkündet das nachstehende, von der bürgerschaft (landtag) beschlossene gesetz: § 1 sinn und zweck; geltungsbereich (1) d
2022_118	1	einmalig	450	e 2022 für versorgungsempfängerinnen und versorgungsempfänger in der freien hansestadt bremen (bremeppg 2022) vom 18. oktober 2022 der senat verkündet das nachstehende, von der bürgerschaft (landtag) beschlossene gesetz: § 1 sinn und zweck; geltungsbereich (1) dieses gesetz regelt die zahlung einer [[einmalig]]en energiepreispauschale zur stärkung der einkommen des in absatz 2 bezeichneten personenkreises im jahr 2022. (2) die energiepreispauschale erhalten unter den voraussetzungen der §§ 2 und 3 die empfängerinnen und empfänger von 1. versorgungsbezügen oder 2. altersgeld oder hinterbliebenenaltersgeld 
2022_142	1	reformationstag	743	setzes vom 14. dezember 2021 (brem.gbl. s. 913), geändert worden ist, wird verordnet: § 1 die schulferien werden wie folgt festgelegt: (angegeben ist jeweils der erste und letzte ferientag) ferientermine im schuljahr 2024/2025 von bis sommer 2024 montag, 24.6. freitag, 2.8. herbst 2024 tag nach dem [[reformationstag]] 2024 freitag, freitag, 4.10. 1.11. samstag, 19.10. weihnachten 2024 montag, 23.12. samstag, 4.1. halbjahresferien 2025 montag, 3.2. dienstag, 4.2. ostern 2025 montag, 7.4. samstag, 19.4. kirchentag und tag nach dem 1. mai 2025 tag nach himmelfahrt 2025 mittwoch, freitag, 30.4. 30.5. freitag, 2.5. p
2022_142	5	feiertag	1051	. und 21. april 2029 12. mai 2029 9. und 23. juni 2029 7. juli 2029 8. und 22. september 2029 13. oktober 2029 10. und 24. november 2029 8. dezember 2029 12. januar 2030 16. februar 2030 9. und 23. märz 2030 4. und 18. mai 2030 1., 15. und 29. juni 2030 § 4 weitere unterrichtsfreie tage gesetzliche [[feiertag]]e sind in bremen: der neujahrstag, der karfreitag, der ostermontag, der 1. mai, der himmelfahrtstag, der pfingstmontag, der 3. oktober (tag der deutschen einheit), der 31. oktober (reformationstag), der 1. und der 2. weihnachtstag. die unterrichtsbefreiung aus anlass kirchlicher feiertage und verans
2022_142	5	feiertag	1339	gesetzliche feiertage sind in bremen: der neujahrstag, der karfreitag, der ostermontag, der 1. mai, der himmelfahrtstag, der pfingstmontag, der 3. oktober (tag der deutschen einheit), der 31. oktober (reformationstag), der 1. und der 2. weihnachtstag. die unterrichtsbefreiung aus anlass kirchlicher [[feiertag]]e und veranstaltungen ist im bezugserlass geregelt.
2022_142	5	reformationstag	1240	 und 23. märz 2030 4. und 18. mai 2030 1., 15. und 29. juni 2030 § 4 weitere unterrichtsfreie tage gesetzliche feiertage sind in bremen: der neujahrstag, der karfreitag, der ostermontag, der 1. mai, der himmelfahrtstag, der pfingstmontag, der 3. oktober (tag der deutschen einheit), der 31. oktober ([[reformationstag]]), der 1. und der 2. weihnachtstag. die unterrichtsbefreiung aus anlass kirchlicher feiertage und veranstaltungen ist im bezugserlass geregelt.
2022_158	3	einmalig	264	nr. 158 gesetzblatt der freien hansestadt bremen vom 20. dezember 2022 1016 wasserentnahme vorgenommen wird. bei gewässerbenutzungen auf grundlage einer befristet erteilten erlaubnis für einen zeitraum von weniger als 12 monaten erfolgt abweichend von satz 1 eine [[einmalig]]e festsetzung nach abschluss der massnahme.“ b) absatz 2 wird wie folgt gefasst: „(2) für die gebühr ist eine vorauszahlung zu entrichten. bei gewässerbenutzungen auf grundlage einer befristet erteilten erlaubnis kann die behörde von einer vorausleistung absehen.“ 6. § 7 wird aufgehoben. 7. die §§ 8
2023_001	2	feiertag	278	nr. 1 gesetzblatt der freien hansestadt bremen vom 6. januar 2023 2 - am 5. november 2023 aus anlass der veranstaltung „bauernmarkt/fair trade“ in den stadtteilen wulsdorf und fischereihafen, jeweils von 13.00 bis 18.00 uhr. § 2 die vorschriften des gesetzes über die sonn- und [[feiertag]]e, des § 13 des bremischen ladenschlussgesetzes, des arbeitszeitgesetzes, des manteltarifvertrages für arbeitnehmer im einzelhandel, des jugendarbeitsschutzgesetzes und des mutterschutzgesetzes bleiben unberührt. § 3 bei werbemassnahmen des veranstalters haben die jeweiligen anlässe für die öffnung 
2023_058	8	einmalig	1024	werke und umspannwerke 6 a 9.3 kläranlage 6 a 9.4 müllverbrennungsanlagen 6 a 9.5 grossgaragen nach mgarvo 6 a 9.6 unterirdische verkehrsanlagen 6 b 9.7 sonstige kritische infrastrukturen1 1 a 10 sonstige objekte 10.1 denkmalgeschützte gebäude mit grosser ausdehnung oder besonderer brandgefahr oder [[einmalig]]em kulturwert 6 c 10.2 flächen für die feuerwehr ausserhalb der klassifizierten objekte1 6 a 10.3 sonstige bauliche anlagen nach örtlicher festlegung bzw. gefährdungsanalyse1 1 c 1 einstufung durch die berufsfeuerwehr bremerhaven
2023_063	1	feiertag	750	fügt: „§ 9a zusätzlicher verkauf im gebiet zwischen alter hafen, museumshafen und weser in der stadtgemeinde bremerhaven (1) in dem gebiet zwischen alter hafen, museumshafen und weser in der stadtgemeinde bremerhaven dürfen an 20 der 40 in der rechtsverordnung nach § 9 absatz 3 bestimmten sonn- und [[feiertag]]e zusätzlich waren, die für die touristische nutzung von bedeutung sind, verkauft werden. (2) die nach absatz 1 infrage kommenden sonn- und feiertage, die öffnungszeiten sowie die zum verkauf zugelassenen waren werden vom magistrat der stadt bremerhaven durch rechtsverordnung bestimmt. (3) bei der f
2023_063	1	feiertag	898	alter hafen, museumshafen und weser in der stadtgemeinde bremerhaven dürfen an 20 der 40 in der rechtsverordnung nach § 9 absatz 3 bestimmten sonn- und feiertage zusätzlich waren, die für die touristische nutzung von bedeutung sind, verkauft werden. (2) die nach absatz 1 infrage kommenden sonn- und [[feiertag]]e, die öffnungszeiten sowie die zum verkauf zugelassenen waren werden vom magistrat der stadt bremerhaven durch rechtsverordnung bestimmt. (3) bei der festsetzung der öffnungszeiten soll eine freigabe nicht vor 11 uhr erfolgen. für die 20 nach absatz 1 bestimmten sonn- und feiertage gilt § 10 absatz
2023_063	1	feiertag	1180	mmenden sonn- und feiertage, die öffnungszeiten sowie die zum verkauf zugelassenen waren werden vom magistrat der stadt bremerhaven durch rechtsverordnung bestimmt. (3) bei der festsetzung der öffnungszeiten soll eine freigabe nicht vor 11 uhr erfolgen. für die 20 nach absatz 1 bestimmten sonn- und [[feiertag]]e gilt § 10 absatz 3 entsprechend. sonn- und feiertage nach absatz 1 dürfen nur freigegeben werden, soweit die zahl dieser tage zusammen mit den nach § 10 absatz 1 freigegebenen sonn- und feiertagen 20 nicht übersteigt.“ artikel 2 dieses gesetz tritt am tage nach seiner verkündung in kraft. bremen, 
2023_063	1	feiertag	1233	 die zum verkauf zugelassenen waren werden vom magistrat der stadt bremerhaven durch rechtsverordnung bestimmt. (3) bei der festsetzung der öffnungszeiten soll eine freigabe nicht vor 11 uhr erfolgen. für die 20 nach absatz 1 bestimmten sonn- und feiertage gilt § 10 absatz 3 entsprechend. sonn- und [[feiertag]]e nach absatz 1 dürfen nur freigegeben werden, soweit die zahl dieser tage zusammen mit den nach § 10 absatz 1 freigegebenen sonn- und feiertagen 20 nicht übersteigt.“ artikel 2 dieses gesetz tritt am tage nach seiner verkündung in kraft. bremen, den 2. mai 2023 der senat
2023_063	1	feiertag	1376	nungszeiten soll eine freigabe nicht vor 11 uhr erfolgen. für die 20 nach absatz 1 bestimmten sonn- und feiertage gilt § 10 absatz 3 entsprechend. sonn- und feiertage nach absatz 1 dürfen nur freigegeben werden, soweit die zahl dieser tage zusammen mit den nach § 10 absatz 1 freigegebenen sonn- und [[feiertag]]en 20 nicht übersteigt.“ artikel 2 dieses gesetz tritt am tage nach seiner verkündung in kraft. bremen, den 2. mai 2023 der senat
2023_075	4	feiertag	675	itt des urlaubsjahres auf weniger als fünf arbeitstage in der kalenderwoche verteilt, vermindert sich der urlaub für jeden zusätzlichen arbeitsfreien tag im urlaubsjahr um ein zweihundertsechzigstel des urlaubs nach absatz 1; die zusätzlichen arbeitsfreien tage werden ohne rücksicht auf gesetzliche [[feiertag]]e ermittelt. in verwaltungen, in denen die verteilung der regelmässigen arbeitszeit häufig wechselt, kann die oberste dienstbehörde eine abweichende berechnungsweise zulassen. (4) die dienststelle kann den erholungsurlaub einschliesslich eines etwaigen zusatzurlaubs nach stunden berechnen, wobei jed
2023_107	5	einmalig	1465	lzeiten am unterricht teilgenommen hat, ist die schulung zu wiederholen. ist die sachkundeprüfung nach absatz 1 nicht bestanden worden, weil die kenntnisse der schulungsinhalte im rahmen der schriftlichen leistungskontrolle nicht nachgewiesen werden konnten, kann die schriftliche leistungskontrolle [[einmalig]] ohne erneute teilnahme an der schulung wiederholt werden. wird die prüfung im rahmen der wiederholung erneut nicht bestanden, ist für eine weitere wiederholung der schriftlichen leistungskontrolle auch die teilnahme an der schulung zu wiederholen. abschnitt 4 schlussvorschriften § 11 inkrafttreten 
2023_116	2	einmalig	117	nr. 116 gesetzblatt der freien hansestadt bremen vom 20. dezember 2023 581 (2) die gebühren betragen bei wöchentlich [[einmalig]]er entleerung eines 1. 35-l-abfallbehälters 136,56 euro/jahr 2. 50-l-abfallbehälters 178,20 euro/jahr 3. 60-l-abfallbehälters 219,60 euro/jahr 4. 90-l-abfallbehälters 326,88 euro/jahr 5. 120-l-abfallbehälters 430,56 euro/jahr 6. 240-l-abfallbehälters 860,76 euro/jahr 7. 770-l-abfallbehälters 2 491,2
2023_116	2	einmalig	640	 euro/jahr 6. 240-l-abfallbehälters 860,76 euro/jahr 7. 770-l-abfallbehälters 2 491,20 euro/jahr 8. 1100-l-abfallbehälters 3 227,76 euro/jahr (3) bei wöchentlich mehrmaliger entleerung vervielfachen sich die gebühren gemäss absatz 2 entsprechend der leerungshäufigkeit. (4) die gebühren betragen bei [[einmalig]]er entleerung und abfuhr (polterabend) eines abfallbehälters (120 l) 15,65 euro. (5) für die entsorgung der vorübergehend mehr anfallenden abfälle in den vorgeschriebenen „amtlichen bremerhavener abfallsäcken“ beträgt die gebühr je abfallsack 5,00 euro. (6) die gebühren für die einmalige entleerung 
2023_116	2	einmalig	927	betragen bei einmaliger entleerung und abfuhr (polterabend) eines abfallbehälters (120 l) 15,65 euro. (5) für die entsorgung der vorübergehend mehr anfallenden abfälle in den vorgeschriebenen „amtlichen bremerhavener abfallsäcken“ beträgt die gebühr je abfallsack 5,00 euro. (6) die gebühren für die [[einmalig]]e entleerung von hausabfallähnlichen gewerbe- und industrieabfällen betragen für 1. einen 120-l-abruf-abfallbehälter 15,65 euro, 2. einen 240-l-abruf-abfallbehälter 25,56 euro. (7) die gebühr bei selbstanlieferung von restabfällen aus haushaltungen in kleinmengen (maximal 1 m³) beträgt pro anlieferu
2023_120	2	feiertag	406	s der veranstaltung „„bauernmarkt/fair trade“ in den stadtteilen wulsdorf und fischereihafen, jeweils von 13.00 bis 18.00 uhr, - am 10. november 2024 aus anlass der veranstaltung „laternenfest“ im stadtteil mitte, jeweils von 12.00 bis 17.00 uhr. § 2 die vorschriften des gesetzes über die sonn- und [[feiertag]]e, des § 13 des bremischen ladenschlussgesetzes, des arbeitszeitgesetzes, des manteltarifvertrages für arbeitnehmer im einzelhandel, des jugendarbeitsschutzgesetzes und des mutterschutzgesetzes bleiben unberührt. § 3 bei werbemassnahmen des veranstalters haben die jeweiligen anlässe für die öffnung 
2023_126	2	einmalig	1011	 vom 2. mai 2023 (brem.gbl. s. 415) geändert worden ist, wird wie folgt geändert: 1. in § 18 werden nach dem wort „kann“ die wörter „auf antrag“ eingefügt. 2. in § 30 absatz 1 werden nach dem wort „kann“ die wörter „auf antrag“ eingefügt. 3. § 33 absatz 2 satz 1 nummer 7 wird wie folgt gefasst: „7. [[einmalig]]e unfallentschädigung und einmalige entschädigung (§ 48),“ 4. § 39 absatz 1 wird wie folgt gefasst: „(1) liegt infolge des dienstunfalls ein grad der schädigungsfolgen von mindestens 25 länger als sechs monate vor, so erhält die oder der verletzte, solange dieser zustand andauert, neben den dienstbe
2023_126	2	einmalig	1045	) geändert worden ist, wird wie folgt geändert: 1. in § 18 werden nach dem wort „kann“ die wörter „auf antrag“ eingefügt. 2. in § 30 absatz 1 werden nach dem wort „kann“ die wörter „auf antrag“ eingefügt. 3. § 33 absatz 2 satz 1 nummer 7 wird wie folgt gefasst: „7. einmalige unfallentschädigung und [[einmalig]]e entschädigung (§ 48),“ 4. § 39 absatz 1 wird wie folgt gefasst: „(1) liegt infolge des dienstunfalls ein grad der schädigungsfolgen von mindestens 25 länger als sechs monate vor, so erhält die oder der verletzte, solange dieser zustand andauert, neben den dienstbezügen, den anwärterbezügen oder de
2023_126	2	einmalig	1842	lausgleich in höhe desjenigen grades der schädigungsfolgen zu zahlen, der wenigstens sechs monate bestand hat.“ 5. § 48 wird wie folgt geändert: a) absatz 1 wird wie folgt gefasst: „(1) eine beamtin oder ein beamter, die oder der einen dienstunfall der in § 41 bezeichneten art erleidet, erhält eine [[einmalig]]e unfallentschädigung in höhe von 150 000 euro, wenn von der obersten dienstbehörde infolge des unfalls ein dauerhafter grad der schädigungsfolgen von mindestens 50 festgestellt wird.“ b) absatz 2 wird wie folgt geändert: aa) in nummer 1 wird die angabe „75 000“ durch die angabe „100 000“ ersetzt.
2023_126	3	einmalig	1255	vor dem 1. januar 2015 einen dienstunfall der in § 41 bezeichneten art erlitten hat und bei der oder dem infolge des dienstunfalls im zeitraum vom 1. januar 2015 bis 31. dezember 2023 ein grad der schädigungsfolgen von 50, 60 oder 70 festgestellt wurde, erhält unter den voraussetzungen des § 48 als [[einmalig]]e unfallentschädigung anstelle eines der in § 48 absatz 1 satz 2 in der bis zum 31. dezember 2023 geltenden fassung genannten beträge 80 000 euro; soweit der grad der schädigungsfolgen ab dem 1. januar 2024 festgestellt wurde, gilt der unfallentschädigungsbetrag nach § 48; b) ab dem 1. januar 2015 e
2024_015	1	einmalig	110	47 gesetzblatt der freien hansestadt bremen 2024 verkündet am 13. märz 2024 nr. 15 gesetz zur gewährung einer [[einmalig]]en und einer monatlichen sonderzahlung in den jahren 2023 und 2024 zur abmilderung der folgen der gestiegenen verbraucherpreise (bremisches inflationsausgleichssonderzahlungsgesetz – bremiszg) vom 20. februar 2024 der senat verkündet das nachstehende, von der bürgerschaft (landtag) beschlossene gese
2024_015	1	einmalig	487	r abmilderung der folgen der gestiegenen verbraucherpreise (bremisches inflationsausgleichssonderzahlungsgesetz – bremiszg) vom 20. februar 2024 der senat verkündet das nachstehende, von der bürgerschaft (landtag) beschlossene gesetz: § 1 geltungsbereich (1) dieses gesetz regelt die gewährung einer [[einmalig]]en und einer monatlichen sonderzahlung zur abmilderung der folgen der gestiegenen verbraucherpreise in der zeit vom 1. dezember 2023 bis 31. oktober 2024. (2) die sonderzahlungen nach diesem gesetz erhalten 1. beamtinnen und beamte sowie richterinnen und richter im geltungsbereich des bremischen bes
2024_015	1	einmalig	1205	chter sowie 2. empfängerinnen und empfänger von versorgungsbezügen im geltungsbereich des bremischen beamtenversorgungsgesetzes. (3) dieses gesetz gilt nicht für die öffentlich-rechtlichen religionsgesellschaften und ihre verbände. § 2 höhe und voraussetzung für die entstehung des anspruchs auf die [[einmalig]]e sonderzahlung (1) für den kalendermonat dezember 2023 wird den beamtinnen und beamten sowie richterinnen und richtern mit anspruch auf dienstbezüge eine einmalige sonderzahlung in höhe von 1 800 euro gewährt, wenn 1. das dienstverhältnis am 1. dezember 2023 bestanden hat und
2024_015	1	einmalig	1368	ie öffentlich-rechtlichen religionsgesellschaften und ihre verbände. § 2 höhe und voraussetzung für die entstehung des anspruchs auf die einmalige sonderzahlung (1) für den kalendermonat dezember 2023 wird den beamtinnen und beamten sowie richterinnen und richtern mit anspruch auf dienstbezüge eine [[einmalig]]e sonderzahlung in höhe von 1 800 euro gewährt, wenn 1. das dienstverhältnis am 1. dezember 2023 bestanden hat und
2024_015	2	einmalig	333	sestadt bremen vom 13. märz 2024 48 2. im zeitraum vom 1. august 2023 bis zum 31. dezember 2023 mindestens an einem tag ein anspruch auf dienstbezüge bestanden hat. (2) für den kalendermonat dezember 2023 wird den nach § 1 absatz 2 nummer 2 am 1. dezember 2023 vorhandenen anspruchsberechtigten eine [[einmalig]]e sonderzahlung für den monat dezember 2023 gewährt, die sich nach dem jeweils massgeblichen ruhegehaltsatz und den anteilssätzen des witwen-, witwerund waisengeldes sowie des unterhaltsbeitrages aus dem betrag von 1 800 euro ergibt. bei empfängerinnen oder empfängern von mindestversorgungsbezügen g
2024_015	2	einmalig	1428	1 und § 10 des bremischen besoldungsgesetzes entsprechend. massgebend sind jeweils die verhältnisse am 1. dezember 2023. (5) für die am 1. dezember 2023 ohne dienstbezüge beurlaubten oder in elternzeit ohne dienstbezüge befindlichen beamtinnen und beamten sowie richterinnen und richter sind für die [[einmalig]]e sonderzahlung nach absatz 1 die verhältnisse der berechtigten am letzten tag vor beginn der beurlaubung oder der elternzeit massgeblich. § 3 höhe und voraussetzung für die entstehung des anspruchs auf die monatliche sonderzahlung (1) für die kalendermonate januar 2024 bis oktober 2024 wird den ans
2024_017	1	feiertag	1304	ugust 2002 (brem.gbi. s. 455 — 203-c-2), die zuletzt durch artikel 3 der verordnung vom 28. märz 2023 (brem.gbi. s. 325, 330) geändert worden ist, wird wie folgt gefasst: anlage (zu § 1) kostenverzeichnis inneres inhaltsübersicht nummer kostentatbestand 101 legalisation und apostillen 110 sonn- und [[feiertag]]srecht, titel, orden und ehrenzeichen 111 stiftungen und vereine 112 namensänderungsrecht
2024_017	2	feiertag	923	setz und der allgemeinen waffengesetz-verordnung nummer kostentatbestand kosten in eur 101 legalisation und apostillen 101.01 beglaubigung von urkunden zur verwendung im ausland zum zwecke der legalisation 20 101.02 erteilung der apostille nach haager übereinkommen vom 5. märz 1961 20 110 sonn- und [[feiertag]]srecht, titel, orden und ehrenzeichen 110.01 befreiung von beschränkungen und verboten nach § 11 i.v.m. § 4 absatz 1 und absatz 4, § 5 absatz 1, § 6, § 7 und § 8 absatz 1 bis absatz 3 gesetz über die sonn- und feiertage 49 bis 426 110.02 genehmigung zum erwerb von orden und ehrenzeichen zu sammlerzw
2024_017	2	feiertag	1141	teilung der apostille nach haager übereinkommen vom 5. märz 1961 20 110 sonn- und feiertagsrecht, titel, orden und ehrenzeichen 110.01 befreiung von beschränkungen und verboten nach § 11 i.v.m. § 4 absatz 1 und absatz 4, § 5 absatz 1, § 6, § 7 und § 8 absatz 1 bis absatz 3 gesetz über die sonn- und [[feiertag]]e 49 bis 426 110.02 genehmigung zum erwerb von orden und ehrenzeichen zu sammlerzwecken 73
2024_017	3	feiertag	309	setzblatt der freien hansestadt bremen vom 13. märz 2024 55 nummer kostentatbestand kosten in eur 110.03 erteilung von erlaubnissen für die durchführung von nicht nach §§ 68 und 69 gewerbeordnung (gewo) festgesetzten märkten oder marktähnlichen veranstaltungen, insbesondere flohmärkten an sonn- und [[feiertag]]en 136 bis 1 300 111 stiftungen und vereine bei juristischen personen, die weder gemeinnützig sind noch mildtätigen zwecken dienen bei juristischen personen, die gemeinnützig sind oder mildtätigen zwecken dienen 111.01 entscheidung über anerkennung einer stiftung nach §§ 80 absatz 2, 82 bürgerliches
2024_037	1	einmalig	789	ung und leitung (1) bei der bürgerschaft wird die landesantidiskriminierungsstelle errichtet. (2) die bürgerschaft wählt auf vorschlag der für soziales zuständigen deputation in geheimer wahl eine person zur leitung der landesantidiskriminierungsstelle. die leitung wird für sechs jahre gewählt. die [[einmalig]]e wiederwahl ist zulässig. die gewählte person ist von der präsidentin oder dem präsidenten der bürgerschaft zu ernennen. (3) die gewählte person muss zur erfüllung ihrer aufgaben und zur ausübung ihrer befugnisse über die erforderliche qualifikation, erfahrung und sachkunde insbesondere im bereich 
2024_075	7	einmalig	953	 im einzelunterricht 30 oder 45 minuten mit der entsprechenden einzelunterrichtsgebühr fortgesetzt. bei einer zweier gruppe nach 2.2.6 (45 minuten) kann der unterricht auch mit der halben unterrichtszeit von 23 minuten bei gleichbleibender gebühr fortgesetzt werden. 2.3. schnupperkurs (pro fach nur [[einmalig]]e belegung möglich) normaltarif 2.3.1. 6x30 minuten einzelunterricht 150 euro kinder- und jugendtarif 2.3.2. 6x30 minuten einzelunterricht 130 euro 3. ensemble- und ergänzungsfächer (pro ensemble-/ergänzungsfach) (monatsgebühr) 3.1. orchester, chöre, big bands 11 euro 3.2. ensembles, kammermusik, ba
2024_100	5	einmalig	952	 nach § 65 absatz 2 wird folgender absatz 2a eingefügt: „(2a) beamtinnen und beamte sowie richterinnen und richter erhalten neben ihren dienst- oder anwärterbezügen für den monat dezember 2023 für jedes kind, für das ihnen in bezug auf den monat dezember 2023 ein familienzuschlag gewährt wird, eine [[einmalig]]e sonderzahlung in höhe von 830 euro.“ 2. die anlagen 1 bis 10 erhalten die aus dem anhang 5 zu diesem gesetz ersichtliche fassung. artikel 7 änderung des bremischen besoldungsgesetzes zum 1. januar 2024 und 1. november 2024 das bremische besoldungsgesetz vom 20. dezember 2016 (brem.gbl. s. 924), da
2024_115	1	feiertag	1132	schen arbeitszeitverordnung kann aus zwingenden dienstlichen gründen verlängert werden. (2) arbeitstage sind die wochentage montag bis freitag. im wechselschichtdienst, im schichtdienst, im sonderdienst sowie bei rufbereitschaft sind arbeitstage die wochentage montag bis sonntag einschliesslich der [[feiertag]]e. (3) die regelmässige wöchentliche arbeitszeit vermindert sich für jeden gesetzlichen feiertag sowie heiligabend und silvester, die auf wochentage von montag bis freitag fallen, um ein fünftel. dies gilt auch, wenn an diesen tagen dienst zu leisten ist, unabhängig von der zeitdauer des dienstes.“ 
2024_115	1	feiertag	1228	itstage sind die wochentage montag bis freitag. im wechselschichtdienst, im schichtdienst, im sonderdienst sowie bei rufbereitschaft sind arbeitstage die wochentage montag bis sonntag einschliesslich der feiertage. (3) die regelmässige wöchentliche arbeitszeit vermindert sich für jeden gesetzlichen [[feiertag]] sowie heiligabend und silvester, die auf wochentage von montag bis freitag fallen, um ein fünftel. dies gilt auch, wenn an diesen tagen dienst zu leisten ist, unabhängig von der zeitdauer des dienstes.“ 2. § 3 wird aufgehoben. 3. § 4 wird § 3. 4. § 5 wird § 4 und wie folgt gefasst:
2024_115	2	feiertag	315	latt der freien hansestadt bremen vom 5. november 2024 802 „§ 4 wechselschicht- und schichtdienst (1) die höchstdauer einer dienstschicht im wechselschicht- und schichtdienst soll nicht mehr als zehn stunden betragen. die mindestdauer soll sechs stunden nicht unterschreiten. an samstagen, sonn- und [[feiertag]]en kann die höchstdauer der dienstschichten zwölf stunden betragen. (2) im wechselschicht- und schichtdienst werden pausenzeiten gewährt, soweit die dienstlichen verhältnisse es zulassen. während der pausenzeiten müssen sich die beamtinnen und beamten zur dienstleistung bereithalten. sie zählen als 
2024_118	3	gedenk	348	 vom 19. november 2024 810 überlassungszeit gemäss § 4 absatz 1 und § 5 absätze 1, 3 und 4 der geltenden friedhofsordnung. 2.1 reihengrabstätten 2.10 reihengrab pro jahr 21,00 € 2.11 grab in gemeinschaftsanlagen (anonymes gräberfeld) pro jahr 13,00 € 2.12 aschefeld einschliesslich eintrag auf einem [[gedenk]]stein pro jahr 44,00 € 2.2 wahlgrabstätten 2.20 in normaler lage pro jahr 38,00 € 2.21 in einzellage pro jahr 47,00 € 2.22 in besonderer lage pro jahr 56,00 € 2.23 am hauptweg, zweistellig (nur friedhof lehe) pro jahr 67,00 € 2.24 in gärtnerischer lage, die ausschliesslich vom friedhof gepflegt werd
2024_118	6	einmalig	965	bühren nicht erfasst sind, werden die tatsächlich anfallenden kosten erhoben. 10. gewerbliche betätigung 10.1 genehmigung zur ausübung einer mehrmaligen gewerblichen tätigkeit im jahr auf den städtischen friedhöfen nach § 18 der geltenden friedhofsordnung 28,00 € 10.2 genehmigung zur ausübung einer [[einmalig]]en gewerblichen tätigkeit im jahr auf einem städtischen friedhof nach § 18 der geltenden friedhofsordnung 14,00 €“
2024_120	180	feiertag	2039	schläge gezahlt: a) an werktagen, im betriebs- und verkehrsdienst auch im anschluss an dienstplanmässige arbeit an sonntagen und an ausgleichsruhetagen 30 %, b) an sonntagen und bei nacht, im betriebs- und verkehrsdienst auch an den anstelle des sonntags gewährten ruhetagen 60 %, c) an gesetzlichen [[feiertag]]en 100 %, treffen mehrere zuschläge zusammen, wird nur der jeweils höchste zuschlag gezahlt. individuelle arbeitszeitregelungen sind zu berücksichtigen (z.b. arbeitszeitkonten, teilzeitmodelle). diese entgelttabelle enthält die vertraglichen entgelte, die bei der erbringung von leistungen durch eise
2024_120	185	feiertag	1785	tgeltgruppe. 2.4 werden mehrere entgeltgruppenübergreifende tätigkeiten ausgeführt, ist die im schwerpunkt ausgeübte tätigkeit massgeblich für die eingruppierung. 2.5 für mehrarbeit (überstunden) fällt ein zuschlag i.h.v. 25 % an. bei mehrarbeit an samstagen ist ein zuschlag von 50 %, an sonn - und [[feiertag]]en ein zuschlag von 100 % für jede arbeitsstunde zu zahlen. individuelle arbeitszeitregelungen sind zu berücksichtigen (z.b. arbeitszeitkonten, teilzeitmodelle). diese entgelttabelle enthält die vertraglichen entgelte, die bei der erbringung von leistungen durch das versicherungsmittlergewerbe zur e
2024_136	3	einmalig	934	hlmöglichkeiten und -voraussetzungen, sofern wahlmodule vorgesehen sind, sowie des in der staatlichen anerkennung zum führen der fachweiterbildungsbezeichnung auszuweisende vertiefungsbereich. (5) die grundmodule werden von der senatorin oder dem senator für gesundheit, frauen und verbraucherschutz [[einmalig]] genehmigt und sind im zuge der beantragung der genehmigung nachfolgender modulhandbücher unverändert zu übernehmen. (6) nach erfolgter genehmigung werden die modulhandbücher durch die senatorin oder den senator für gesundheit, frauen und verbraucherschutz veröffentlicht. die modulhandbücher und die
2024_139	2	feiertag	405	ass der veranstaltung „„bauernmarkt/fair trade“ in den stadtteilen wulsdorf und fischereihafen, jeweils von 13.00 bis 18.00 uhr, - am 9. november 2025 aus anlass der veranstaltung „lichtermeer“ im stadtteil mitte, jeweils von 12.00 bis 17.00 uhr. § 2 die vorschriften des gesetzes über die sonn- und [[feiertag]]e, des § 13 des bremischen ladenschlussgesetzes, des arbeitszeitgesetzes, des manteltarifvertrages für arbeitnehmer im einzelhandel, des jugendarbeitsschutzgesetzes und des mutterschutzgesetzes bleiben unberührt. § 3 bei werbemassnahmen des veranstalters haben die jeweiligen anlässe für die öffnung 
2025_044	5	einmalig	898	r des vorsitzenden. § 6 wiederholung der eignungsprüfung (1) wer die eignungsprüfung nicht bestanden hat, kann sie einmal wiederholen. von wiederholungen ausgenommen sind jene prüfungsteile, die mit bestanden bewertet wurden. (2) wer die eignungsprüfung auch beim zweiten versuch nicht besteht, kann [[einmalig]] einen weiteren antrag auf anerkennung des ausländischen ausbildungsabschlusses bei der anerkennenden stelle beantragen. in diesem fall ist die teilnahme an einem anpassungslehrgang verpflichtend. § 7 inkrafttreten diese verordnung tritt am tag nach ihrer verkündung in kraft. bremen, 11. märz 2025 d
2025_049	2	einmalig	664	r für den ausfall der fahrt ein entgelt von 5,00 euro zu entrichten. voraussetzung für die zahlung des entgeltes ist, dass die fahrt zum bestellungsort vor der rücknahme des fahrtauftrages bereits angetreten wurde. (6) bei bestellung einer grossraumtaxe (beförderung von mehr als 4 personen) ist ein [[einmalig]]er zuschlag in höhe von 7,00 € zu entrichten.“ 2. § 5 erhält folgende fassung: „§ 5 zuschläge § 5 wird gestrichen“. 3. § 6 erhält folgende fassung: „§ 6 wartegeld der wartezeitpreis (kunden- und verkehrsbedingt) beträgt je stunde 35,00 euro (0,10 euro pro 10,29 sekunden).“ „§ 11 entgelte für sonderl
2025_060	2	einmalig	91	nr. 60 gesetzblatt der freien hansestadt bremen vom 30. mai 2025 473 1. jahresgebühren 1.6 [[einmalig]]e ausleihe, max. 5 medien, keine verlängerung 6,00 euro 1.7 halbjahreskarte 13,00 euro 2. überschreitung der leihfrist 2.1 erwachsene zahlen pro medium und öffnungstag der stadtbibliothek 0,50 euro bis zu einer höchstgrenze von 15,00 euro 2.2 kinder und jugendliche bis zum 18. geburtstag zahlen pro 
2025_062	2	einmalig	1639	freien hansestadt bremen stehen. die leiterin oder der leiter der landesregulierungsbehörde soll über energiewirtschaftliche erfahrungen, kenntnisse der netzregulierung sowie mehrjährige verwaltungserfahrung verfügen. die bestellung hat für eine amtszeit von fünf bis sieben jahren zu erfolgen. eine [[einmalig]]e wiederbestellung für weitere fünf bis sieben jahre ist zulässig. (2) vor ablauf der amtszeit kann die leiterin oder der leiter der landesregulierungsbehörde ohne ihre oder seine schriftliche zustimmung nur versetzt, abgeordnet, umgesetzt oder auf sonstige weise aus dem amt abberufen werden, wenn 1
2025_079	2	einmalig	1111	 im einzelunterricht 30 oder 45 minuten mit der entsprechenden einzelunterrichtsgebühr fortgesetzt. bei einer zweier gruppe nach 2.2.6 (45 minuten) kann der unterricht auch mit der halben unterrichtszeit von 23 minuten bei gleichbleibender gebühr fortgesetzt werden. 2.3. schnupperkurs (pro fach nur [[einmalig]]e belegung möglich) normaltarif 2.3.1. 6 x 30 minuten einzelunterricht 160 euro kinder- und jugendtarif 2.3.2. 6 x 30 minuten einzelunterricht 160 euro
2025_080	6	einmalig	923	ollendung des dritten lebensmonats, jedenfalls aber vor der ersten weitergabe fälschungssicher zu kennzeichnen. (2) fälschungssichere kennzeichnung ist die dauerhafte kennzeichnung eines hundes mit einem elektronisch lesbaren transponder (mikrochip) gemäss iso-norm 11784 oder 11785, in welchem eine [[einmalig]] vergebene, unveränderliche chipnummer gespeichert ist. (3) die tatsache der fälschungssicheren kennzeichnung ist unter angabe der chipnummer der ortspolizeibehörde auf verlangen nachzuweisen. (4) hierdurch entstehende kosten für tiere, welche sich in der obhut eines tierheims oder einer tierheimähn
2025_098	2	feiertag	485	hlgesetz bek. v. 23. mai 1990 brem.gbl. s. 321 § 11 abs. 1 s. 2, § 58 s. 1, § 58a abs. 1 s. 1 bremische landeswahlordnung 23. mai 1990 brem.gbl. s. 334 § 3 s. 2 gesetz über das verfahren beim volksentscheid 27. februar 1996 brem.gbl. s. 41; 1997 s. 323 § 27 abs. 3 gesetz über die sonn-, gedenk- und [[feiertag]]e 12. november 1954 sabremr § 11 verordnung zur durchführung des bundesgesetzes über titel, orden und ehrenzeichen 6. oktober 1959 sabremr § 1 gesetz zur ausführung des gesetzes zur beschränkung des brief-, post- und fernmeldegeheimnisses 14. oktober 1969 brem.gbl. s. 131 § 1 abs. 1, § 2, § 3 abs. 1
2025_098	2	gedenk	473	remisches wahlgesetz bek. v. 23. mai 1990 brem.gbl. s. 321 § 11 abs. 1 s. 2, § 58 s. 1, § 58a abs. 1 s. 1 bremische landeswahlordnung 23. mai 1990 brem.gbl. s. 334 § 3 s. 2 gesetz über das verfahren beim volksentscheid 27. februar 1996 brem.gbl. s. 41; 1997 s. 323 § 27 abs. 3 gesetz über die sonn-, [[gedenk]]- und feiertage 12. november 1954 sabremr § 11 verordnung zur durchführung des bundesgesetzes über titel, orden und ehrenzeichen 6. oktober 1959 sabremr § 1 gesetz zur ausführung des gesetzes zur beschränkung des brief-, post- und fernmeldegeheimnisses 14. oktober 1969 brem.gbl. s. 131 § 1 abs. 1, §
2025_100	1	feiertag	951	1 der verordnung vom 26. november 2024 (brem.gbi. s. 1120) geändert worden ist, wird wie folgt geändert: die anlage zu § 1 wird durch die folgende anlage zu § 1 ersetzt: "anlage (zu § 1) kostenverzeichnis inneres inhaltsübersicht nummer kostentatbestand 101 legalisation und apostillen 110 sonn- und [[feiertag]]srecht, titel, orden und ehrenzeichen 111 stiftungen und vereine 112 namensänderungsrecht 114 glücksspiel 115 sammlungen 118 schornsteinfegerwesen 120 allgemeines polizeirecht 121 melde- und ausweiswesen
2025_100	2	feiertag	829	setz und der allgemeinen waffengesetz-verordnung nummer kostentatbestand kosten in eur 101 legalisation und apostillen 101.01 beglaubigung von urkunden zur verwendung im ausland zum zwecke der legalisation 20 101.02 erteilung der apostille nach haager übereinkommen vom 5. märz 1961 20 110 sonn- und [[feiertag]]srecht, titel, orden und ehrenzeichen 110.01 befreiung von beschränkungen und verboten nach § 11 i.v.m. § 4 absatz 1 und absatz 4, § 5 absatz 1, § 6, § 7 und § 8 gesetz über die sonn-, gedenk- und feiertage 104,13 110.02 genehmigung zum erwerb von orden und ehrenzeichen zu sammlerzwecken 73 110.03 e
2025_100	2	feiertag	1034	 20 101.02 erteilung der apostille nach haager übereinkommen vom 5. märz 1961 20 110 sonn- und feiertagsrecht, titel, orden und ehrenzeichen 110.01 befreiung von beschränkungen und verboten nach § 11 i.v.m. § 4 absatz 1 und absatz 4, § 5 absatz 1, § 6, § 7 und § 8 gesetz über die sonn-, gedenk- und [[feiertag]]e 104,13 110.02 genehmigung zum erwerb von orden und ehrenzeichen zu sammlerzwecken 73 110.03 erteilung von erlaubnissen für die durchführung von nicht nach §§ 68 und 69 gewerbeordnung (gewo) festgesetzten märkten oder marktähnlichen veranstaltungen, insbesondere flohmärkten an sonn- und feiertagen 
2025_100	2	feiertag	1331	nd feiertage 104,13 110.02 genehmigung zum erwerb von orden und ehrenzeichen zu sammlerzwecken 73 110.03 erteilung von erlaubnissen für die durchführung von nicht nach §§ 68 und 69 gewerbeordnung (gewo) festgesetzten märkten oder marktähnlichen veranstaltungen, insbesondere flohmärkten an sonn- und [[feiertag]]en 136 bis 1 300
2025_100	2	gedenk	1022	legalisation 20 101.02 erteilung der apostille nach haager übereinkommen vom 5. märz 1961 20 110 sonn- und feiertagsrecht, titel, orden und ehrenzeichen 110.01 befreiung von beschränkungen und verboten nach § 11 i.v.m. § 4 absatz 1 und absatz 4, § 5 absatz 1, § 6, § 7 und § 8 gesetz über die sonn-, [[gedenk]]- und feiertage 104,13 110.02 genehmigung zum erwerb von orden und ehrenzeichen zu sammlerzwecken 73 110.03 erteilung von erlaubnissen für die durchführung von nicht nach §§ 68 und 69 gewerbeordnung (gewo) festgesetzten märkten oder marktähnlichen veranstaltungen, insbesondere flohmärkten an sonn- u
2025_103	4	gedenk	2062	t farge west (gemarkung vr 134, flur 134, flurstück 873/1) (punkt w14); wird als erddeich fortgeführt an der strasse „unterm berg“ (punkt w15) in höhe des betriebsgeländes des wasser- und schifffahrtsamtes („unterm berg 24“), verläuft weiter als erddeich parallel zum weserufer und der bucht vor der [[gedenk]]stätte bunker valentin bis zur landesgrenze (punkt w16); b) an der linken weserseite beginnend an der landesgrenze (punkt w17) auf dem arster weserdeich unter der bundesautobahn a1 und weiter als erddeich bis zum einlaufbereich der flutmulde werdersee; neben dem werdersee auf dem habenhauser deich n
2025_108	6	gedenk	1781	ahrzeuge der friedhofsverwaltung sowie von bestattungsunternehmen, friedhofsgärtnern und steinmetzen in erfüllung ihrer aufgaben. die friedhofsverwaltung kann im einzelfall von den verboten des absatzes 3 befreiungen erteilen. (5) das abhalten von veranstaltungen auf den friedhöfen, einschliesslich [[gedenk]]feiern oder gottesdiensten, bedarf der zustimmung der friedhofsverwaltung. der antrag ist spätestens sechs wochen vor der geplanten veranstaltung zu stellen. § 11 gewerbliche betätigung (1) auf den friedhöfen dürfen nur solche gewerblichen tätigkeiten ausgeübt werden, die dem zweck der friedhöfe die
2025_124	183	feiertag	2191	ge gezahlt: i. an werktagen, im betriebs - und verkehrsdienst auch im anschluss an dienstplanmässige arbeit an sonntagen und an ausgleichsruhetagen 30 %, ii. an sonntagen und bei nacht, im betriebs - und verkehrsdienst auch an den anstelle des sonntags gewährten ruhetagen 60 %, iii. an gesetzlichen [[feiertag]]en 100 %, treffen mehrere zuschläge zusammen, wird nur der jeweils höchste zuschlag gezahlt. individuelle arbeitszeitregelungen sind zu berücksichtigen (z.b. arbeitszeitkonten, teilzeitmodelle). diese entgelttabelle enthält die vertraglichen entgelte, die bei der erbringung von leistungen durch eise
2025_124	188	feiertag	1934	tgeltgruppe. 2.4 werden mehrere entgeltgruppenübergreifende tätigkeiten ausgeführt, ist die im schwerpunkt ausgeübte tätigkeit massgeblich für die eingruppierung. 2.5 für mehrarbeit (überstunden) fällt ein zuschlag i.h.v. 25 % an. bei mehrarbeit an samstagen ist ein zuschlag von 50 %, an sonn - und [[feiertag]]en ein zuschlag von 100 % für jede arbeitsstunde zu zahlen. individuelle arbeitszeitregelungen sind zu berücksichtigen (z.b. arbeitszeitkonten, teilzeitmodelle). diese entgelttabelle enthält die vertraglichen entgelte, die bei der erbringung von leistungen durch das versicherungsmittlergewerbe zur e
2025_125	2	feiertag	299	nr. 125 gesetzblatt der freien hansestadt bremen vom 26. november 2025 1249 - am 8. november 2026 aus anlass der veranstaltung „laternenfest mit lichtermeer“ im stadtteil mitte. die öffnungszeiten betragen für alle stadtteile 12.00 bis 17.00 uhr § 2 die vorschriften des gesetzes über die sonn- und [[feiertag]]e, des § 13 des bremischen ladenschlussgesetzes, des arbeitszeitgesetzes, des manteltarifvertrages für arbeitnehmer im einzelhandel, des jugendarbeitsschutzgesetzes und des mutterschutzgesetzes bleiben unberührt. § 3 bei werbemassnahmen des veranstalters haben die jeweiligen anlässe für die öffnung 
2025_132	22	einmalig	1550	ch tz. 220.1. und tz. 220.2. beinhalten eine standardpräsentation liegenschaftskarte sowie die für die mitteilung der veränderungen im liegenschaftskataster erforderlichen auszüge aus dem liegenschaftskataster. zu tz. 231., anmerkung für die abgabe und das recht zur nutzung von geobasisdaten werden [[einmalig]] oder jährlich gebühren erhoben. zu tz. 231.1., anmerkung die gebühr für datensätze der eigentumsangaben ergibt sich aus dem basisbetrag multipliziert mit der anzahl der grundbuchkennzeichen. zu tz. 233.4., anmerkung die gebühr für die datensätze des afis ergibt sich aus dem basisbetrag multiplizier
2026_018	30	einmalig	151	nr. 18 gesetzblatt der freien hansestadt bremen vom 3. märz 2026 71 findet keine anwendung. die beratungsstelle darf die daten ausschliesslich und nur [[einmalig]] dazu nutzen, den personen, deren daten übermittelt wurden, unverzüglich beratung zur verhütung weiterer handlungen häuslicher gewalt anzubieten. lehnt eine person die beratung ab, hat die beratungsstelle die zu dieser person übermittelten daten unverzüglich zu löschen und den polizeivollzugsdienst 
2026_021	2	einmalig	1145	en. (2) der vorstand kann über auf der tagesordnung verzeichnete punkte beschliessen, wenn mindestens zwei seiner mitglieder anwesend sind. ein an der sitzung verhindertes mitglied des vorstandes kann verlangen, dass ein beschluss über punkte der tagesordnung bis zur nächsten sitzung des vorstandes [[einmalig]] zurückgestellt wird. der präsident oder die präsidentin hat in diesem falle zur nächsten vorstandssitzung innerhalb einer frist von 14 tagen einzuladen.“ 4. § 6 wird durch folgenden § 6 ersetzt: „§ 6 präsident/präsidentin (1) der präsident oder die präsidentin leitet die sitzungen der kammerversamm
2026_069	11	einmalig	1305	abyte (mb) der digitalen akte 20 101.22.01.00.01 für jede weiteren angefangenen 30 mb 30 101.22.01.00.02 anmerkung zu 101.22.01.00: zur grundgebühr nach 101.22.01.00 werden zusätzlich gebühren nach 101.22.01.00.00 bis 101.22.01.00.01 erhoben. 101.22.01.01 digitale abgabe der akte auf speicherstick, [[einmalig]] 8 101.22.02 einsicht in die analoge bauakte 101.22.02.00 bereitstellung von archivakten zur einsichtnahme, zur anfertigungen von ablichtungen, pausen oder dergleichen je grundstück oder zu beiden zwecken (zusätzlich entstehende bare aufwendungen durch dritte, die aufgrund eines besonderen verlangen
2026_069	19	einmalig	2165	gunsten oder zugunsten eines nicht wohnberechtigten mieters (ausnahme: globalfreistellung im rahmen eines kooperationsvertrages nach §§ 14 und 15 wofg) 63 160.04 genehmigung von leerstand, zweckentfremdung oder von baulichen änderungen von wohnraum nach § 27 absatz 7 wofg/§ 6 bremwobindg 5 v. h der [[einmalig]]en
2026_083	4	feiertag	405	 technisch erzeugte grosse kälte, lärm und andere umgebungseinflüsse, wenn durch die eigenart des stoffes und seiner einwirkungsdauer über das übliche mass hinausgehende reizwirkungen hervorgerufen werden. (3) ungünstige zeiten im sinne von absatz 1 nummer 2 liegen vor: 1. an sonn- und gesetzlichen [[feiertag]]en, 2. an sonnabenden, 3. am 24. und 31. dezember nach 13.00 uhr und 4. an den übrigen tagen in der zeit von 20.00 bis 6.00 uhr. § 6 leistungszulage (1) auf das arbeitsentgelt (§ 4) können für überdurchschnittlich erbrachte leistungen monatliche zulagen in höhe von bis zu 15 prozent des grundlohns g
