file	year	nr	norm_type	rule	title
2020_011.pdf	2020	11	Zustimmungsgesetz zu Staatsvertrag	R5	Gesetz zum Dreiundzwanzigsten Rundfunkänderungsstaatsvertrag
2020_014.pdf	2020	14	Verordnung	R8	Verordnung über die Aufwandsentschädigung der Interessenvertretungen für Menschen mit Behinderung in der Vertragskommission Neuntes Buch Sozialgesetzbuch und ihren Unterkommissionen zur Umsetzung des Bundesteilhabegesetztes (Aufwandsentschädigungsverordnung)
2020_022.pdf	2020	22	Zustimmungsgesetz zu Staatsvertrag	R5	Gesetz zum vierten Staatsvertrag zur Änderung des Dataport-Staatsvertrages
2020_023.pdf	2020	23	Verordnung	R8	Verordnung zur Änderung der Verordnung zum Schutz vor Neuinfektionen mit dem Coronavirus SARS-CoV-2
2020_033.pdf	2020	33	Verordnung	R8	Verordnung über das Verfahren zur Bestimmung der Konjunkturkomponente sowie ihrer Bestandteile nach § 18a Absatz 7 der Landeshaushaltsordnung (Konjunkturbereinigungsverfahrensverordnung – KBVV)
2020_063.pdf	2020	63	Verordnung	R8	Zweite Verordnung zur Änderung der Ordnung zur staatlichen Anerkennung der Sozialpädagoginnen/Sozialarbeiterinnen und Sozialpädagogen/Sozialarbeiter im Lande Bremen
2020_089.pdf	2020	89	Verordnung	R8	Verordnung zur Änderung der Verordnung zur Übertragung von Zuständigkeiten im Bereich der beruflichen Bildung (Berufsbildungszuständigkeitsverordnung)
2020_104.pdf	2020	104	Gesetz	R7	Gesetz zur Einführung vorübergehender vergaberechtlicher Erleichterungen
2020_108.pdf	2020	108	Zustimmungsgesetz zu Staatsvertrag	R5	Gesetz zum Staatsvertrag zur Modernisierung der Medienordnung in Deutschland
2020_115.pdf	2020	115	Verordnung	R8	Erste Verordnung zur Änderung der Kostenverordnung der Bildungsverwaltung
2020_118.pdf	2020	118	Gesetz	R7	Bremisches Ausführungsgesetz zu § 30 Absatz 2 des Infektionsschutzgesetzes
2020_123.pdf	2020	123	Verordnung	R8	Verordnung zur Änderung der Neunzehnten Coronaverordnung
2020_139.pdf	2020	139	Gesetz	R7	Haushaltsgesetz der Freien Hansestadt Bremen für das Haushaltsjahr 2021
2020_145.pdf	2020	145	Zustimmungsgesetz zu Staatsvertrag	R5	Gesetz zum Ersten Medienänderungsstaatsvertrag
2020_160.pdf	2020	160	other(Ortsgesetz)	R4	Ortsgesetz der Stadt Bremerhaven über die Gestaltung von privater Möblierung im Bereich der Bgm.-Smidt-Straße (Bremerhavener Gestaltungsatzung Innenstadt)
2020_162.pdf	2020	162	Verordnung	R8	Verordnung zur Änderung der Dreiundzwanzigsten Verordnung zum Schutz vor Neuinfektionen mit dem Coronavirus SARS-CoV-2
2020_170.pdf	2020	170	Zustimmungsgesetz zu Staatsvertrag	R5	Gesetz zu dem Staatsvertrag zwischen der Freien Hansestadt Bremen und dem Land Niedersachsen über die Zuständigkeit für die Durchführung von immissionsschutzrechtlichen Genehmigungsverfahren und die Anlagenüberwachung für ein Vorhaben der Lürssen Werft GmbH & Co. KG am Betriebsstandort Berne
2020_171.pdf	2020	171	Gesetz	R7	Erstes Gesetz zur Änderung des Bremischen Gesetzes über die Vollstreckung von Geldforderungen im Verwaltungswege
2020_175.pdf	2020	175	Verordnung	R8	Erste Verordnung zur Änderung der Bremischen Landesdüngeverordnung
2021_021.pdf	2021	21	unclear	R11	Fortbildungsprüfungsregelung nach § 54 des Berufsbildungsgesetzes zur Lebensmittelkontrolleurin oder zum Lebensmittelkontrolleur
2021_027.pdf	2021	27	Verordnung	R8	Verordnung zu Prüfungen in digitalisierten Formaten an den Bremischen Hochschulen (Digitalprüfungsverordnung)
2021_029.pdf	2021	29	Verordnung	R8	Zweite Verordnung zur Änderung der Verordnung über die Festsetzung des Lärmschutzbereichs für den Verkehrsflughafen Bremen
2021_045.pdf	2021	45	other(Ortsgesetz)	R4	Ortsgesetz zur Änderung des Ortsgesetzes über die öffentliche Ordnung
2021_048.pdf	2021	48	Zustimmungsgesetz zu Staatsvertrag	R5	Gesetz zum Staatsvertrag zur Neuregulierung des Glücksspielwesens in Deutschland
2021_058.pdf	2021	58	Verordnung	R8	Erste Verordnung zur Änderung der Fünfundzwanzigsten Coronaverordnung
2021_067.pdf	2021	67	Verordnung	R8	Siebzehnte Verordnung zur Änderung der Finanzämter-Zuständigkeitsverordnung
2021_082.pdf	2021	82	Gesetz	R7	Gesetz zur Änderung reise- und umzugskostenrechtlicher Vorschriften
2021_085.pdf	2021	85	Gesetz	R7	Gesetz zur Änderung des Bremischen Hilfeleistungsgesetzes
2021_096.pdf	2021	96	Verordnung	R8	Verordnung über die Sonntagsöffnung von Verkaufsstellen in der Stadt Bremerhaven
2021_110.pdf	2021	110	Verordnung	R8	Zweite Verordnung zur Änderung der Verordnung zur Anerkennung und Förderung von Angeboten zur Unterstützung im Alltag nach § 45a, der Weiterentwicklung der Versorgungsstrukturen und des Ehrenamtes nach § 45c sowie der Selbsthilfe nach § 45d des Elften Buches Sozialgesetzbuch für das Land Bremen
2021_125.pdf	2021	125	Verordnung	R8	Polizeiverordnung über das Verbot des Führens und Abbrennens von pyrotechnischen Gegenständen
2021_128.pdf	2021	128	Verordnung	R8	Erste Verordnung zur Änderung der Bremischen Verordnung über die Ausbildung und Prüfung für die Laufbahngruppe 2, erstes Einstiegsamt in der Fachrichtung Polizei
2021_132.pdf	2021	132	Verordnung	R8	Vierte Verordnung zur Änderung der Neunundzwanzigsten Verordnung zum Schutz vor Neuinfektionen mit dem Coronavirus SARS-CoV-2
2021_133.pdf	2021	133	Gesetz	R7	Gesetz zur Änderung besoldungsrechtlicher Vorschriften
2021_134.pdf	2021	134	Zustimmungsgesetz zu Staatsvertrag	R5	Bremisches Gesetz zu dem Staatsvertrag über die Errichtung und den Betrieb des elektronischen Gesundheitsberuferegisters als gemeinsame Stelle der Länder zur Ausgabe elektronischer Heilberufs- und Berufsausweise sowie zur Herausgabe der Komponenten zur Authentifizierung von Leistungserbringerinstitutionen (eGBR-Staatsvertrag – eGBRStVtr)
2021_138.pdf	2021	138	Gesetz	R7	Erstes Gesetz zur Änderung des Haushaltsgesetzes der Freien Hansestadt Bremen (Stadtgemeinde) für das Haushaltsjahr 2021
2021_141.pdf	2021	141	Gesetz	R7	Erstes Gesetz zur Änderung des Haushaltsgesetzes der Freien Hansestadt Bremen für das Haushaltsjahr 2021
2021_142.pdf	2021	142	Gesetz	R7	Haushaltsgesetz der Freien Hansestadt Bremen für das Haushaltsjahr 2022
2021_143.pdf	2021	143	Gesetz	R7	Haushaltsgesetz der Freien Hansestadt Bremen für das Haushaltsjahr 2023
2021_152.pdf	2021	152	Gesetz	R7	Viertes Gesetz zur Änderung des Bremischen Justizkostengesetzes
2021_153.pdf	2021	153	Zustimmungsgesetz zu Staatsvertrag	R5	Gesetz zu dem Staatsvertrag zwischen der Freien Hansestadt Bremen und dem Land Niedersachsen im Bereich des ökologischen Landbaus
2022_004.pdf	2022	4	Verordnung	R8	Vierzehnte Verordnung zur Änderung der eAkten-Verordnung
2022_016.pdf	2022	16	Verordnung	R8	Dritte Verordnung zur Änderung der Verordnung über die Gewährung von Unterhaltsbeihilfen an Rechtsreferendare
2022_018.pdf	2022	18	Gesetz	R7	Gesetz zur Änderung des Gesetzes über eine unabhängige Polizeibeauftragte oder einen unabhängigen Polizeibeauftragten für die Freie Hansestadt Bremen und des Bremischen Hilfeleistungsgesetzes
2022_025.pdf	2022	25	Gesetz	R7	Gesetz zur Ausführung des Gesetzes über das Studium und den Beruf von Hebammen und der Studien- und Prüfungsverordnung für Hebammen (Hebammenausführungsgesetz – HebAusfG)
2022_040.pdf	2022	40	Zustimmungsgesetz zu Staatsvertrag	R5	Gesetz zum Zweiten Medienänderungsstaatsvertrag
2022_045.pdf	2022	45	Zustimmungsgesetz zu Staatsvertrag	R5	Gesetz zum Staatsvertrag zwischen der Freien Hansestadt Bremen und dem Land Niedersachsen im Bereich der beiden EU-Fonds Europäischer Garantiefonds für die Landwirtschaft und Europäischer Landwirtschaftsfonds für die Entwicklung des ländlichen Raums sowie nationaler Fördermaßnahmen
2022_046.pdf	2022	46	Verordnung	R8	Zweite Verordnung zur Änderung der Ersten Verordnung zum Basisschutz vor Neuinfektionen mit dem Coronavirus SARS-CoV-2
2022_052.pdf	2022	52	Verordnung	R8	Zweite Verordnung zur Änderung der Zeugnisverordnung
2022_074.pdf	2022	74	other(Ortsgesetz)	R4	Ortsgesetz zur Änderung des Ortsgesetzes über die Werkstatt Bremen der Stadtgemeinde Bremen
2022_075.pdf	2022	75	Gesetz	R7	Gesetz zur Änderung des Gesetzes über die Behandlung von Petitionen durch die Bürgerschaft
2022_084.pdf	2022	84	Verordnung	R8	39. Verordnung zur Änderung der Verordnung zum Schutze von Landschaftsteilen im Gebiet der Stadtgemeinde Bremen
2022_092.pdf	2022	92	other(Ortsgesetz)	R4	Ortsgesetz über vorhabenbezogene Stellplätze für Kraftfahrzeuge, Fahrradabstellplätze und Mobilitätsmanagement bei Bauvorhaben in der Stadtgemeinde Bremen (Mobilitäts-Bau-Ortsgesetz - MobBauOG HB)
2022_104.pdf	2022	104	other(Vertrag)	R10	Vertrag zwischen der Freien Hansestadt Bremen (Stadtgemeinde) und der Stadt Bremerhaven über den Brandschutz, die Hilfeleistung und den Rettungsdienst im stadtbremischen Überseehafengebiet Bremerhaven
2022_107.pdf	2022	107	Verordnung	R8	Achtzehnte Verordnung zur Änderung der eAkten-Verordnung
2022_108.pdf	2022	108	other(Ortsgesetz)	R4	Drittes Ortsgesetz zur Änderung der Sondernutzungskostenordnung
2022_109.pdf	2022	109	other(Ortsgesetz)	R4	Ortsgesetz zur Änderung des Ortsgesetzes über die Werkstatt Bremen der Stadtgemeinde Bremen
2022_113.pdf	2022	113	Gesetz	R7	Gesetz zur Änderung des Bremischen Performa Nord Gesetzes
2022_114.pdf	2022	114	Zustimmungsgesetz zu Staatsvertrag	R5	Gesetz über die Zustimmung zum Staatsvertrag zur Änderung des Glücksspielstaatsvertrags 2021
2022_117.pdf	2022	117	Gesetz	R7	Gesetz zur Änderung des Ersten Gesetzes zur Ausführung des Achten Buches Sozialgesetzbuch - Gesetz zur Ausführung des Kinder- und Jugendhilfegesetzes im Lande Bremen
2022_131.pdf	2022	131	Gesetz	R7	Gesetz zur Änderung des Tariftreue- und Vergabegesetzes
2022_132.pdf	2022	132	Gesetz	R7	Gesetz zur Anpassung des Bremischen Klimaschutz- und Energiegesetzes an das Gebäudeenergiegesetz
2022_133.pdf	2022	133	Zustimmungsgesetz zu Staatsvertrag	R5	Gesetz zu dem Beitritt des Landes Bremen zu dem Staatsvertrag über die erweiterte Zuständigkeit der mit der Begleitung aufenthalts¬beendender Maßnahmen betrauten Bediensteten in den Ländern
2022_134.pdf	2022	134	Gesetz	R7	Fünftes Gesetz zur Änderung des Bremischen Ausbildungsgesetzes für Lehrämter
2022_141.pdf	2022	141	other(Ortsgesetz)	R4	Ortsgesetz zur Änderung des Ortsgesetzes zur Aufnahme von Kindern und zur Regelung der Betreuungszeiten in Tageseinrichtungen und der Tagespflege in der Stadt Bremerhaven (Aufnahme- und Betreuungszeitenortsgesetz)
2022_145.pdf	2022	145	other(Ortsgesetz)	R4	Ortsgesetz zur Einrichtung des Innovationsbereiches Ansgari Quartier
2022_146.pdf	2022	146	other(Ortsgesetz)	R4	Ortsgesetz zur Einrichtung des Innovationsbereiches Sögestraße
2022_147.pdf	2022	147	other(Ortsgesetz)	R4	Zweites Ortsgesetz zur Änderung des Haushaltsgesetzes der Stadtgemeinde Bremen für das Haushaltsjahr 2022
2022_148.pdf	2022	148	other(Ortsgesetz)	R4	Zweites Ortsgesetz zur Änderung der Feuerwehrkostenordnung
2022_152.pdf	2022	152	Gesetz	R7	Gesetz zur Änderung des Gesetzes zur Ausführung des Gerichtsverfassungsgesetzes und des Bremischen Justizkostengesetzes
2022_153.pdf	2022	153	Gesetz	R7	Erstes Gesetz zur Änderung des Bremischen Gesetzes zur Ausführung des Bundesmeldegesetzes
2022_162.pdf	2022	162	Verordnung	R8	Zweite Verordnung zur Änderung der Bremischen Landesdüngeverordnung
2023_016.pdf	2023	16	Verordnung	R8	Verordnung zur Ausnahme bestimmter Personengruppen von der Testpflicht in Einrichtungen der medizinischen oder pflegerischen Versorgung
2023_022.pdf	2023	22	Zustimmungsgesetz zu Staatsvertrag	R5	Gesetz zu dem Dritten Medienänderungsstaatsvertrag
2023_026.pdf	2023	26	Gesetz	R7	Gesetz zur Änderung der Landesverfassung der Freien Hansestadt Bremen
2023_037.pdf	2023	37	other(Ortsgesetz)	R4	Ortsgesetz zur Änderung des Haushaltsgesetzes der Stadtgemeinde Bremen für das Haushaltsjahr 2023
2023_042.pdf	2023	42	unclear	R6	Gesetz zum Abkommen über die Errichtung und Finanzierung der Akademie für Öffentliches Gesundheitswesen in Düsseldorf
2023_047.pdf	2023	47	Gesetz	R7	Sechstes Gesetz zur Änderung des Bremischen Ausbildungsgesetzes für Lehrämter
2023_049.pdf	2023	49	other(Ortsgesetz)	R4	Zweites Ortsgesetz zur Änderung des Ortsgesetzes über die Bremer Volkshochschule, Eigenbetrieb der Stadtgemeinde Bremen
2023_064.pdf	2023	64	Gesetz	R7	Gesetz zur Änderung des Bremischen Abgeordnetengesetzes
2023_065.pdf	2023	65	Gesetz	R7	Gesetz zur Änderung dienstrechtlicher Vorschriften
2023_070.pdf	2023	70	Gesetz	R7	Gesetz zur Sicherstellung bedarfsgerechter Angebote zur Vornahme von Schwangerschaftsabbrüchen
2023_094.pdf	2023	94	Verordnung	R8	Verordnung zur Änderung der Verordnung über die Zuständigkeit für die Verfolgung und Ahndung von Ordnungswidrigkeiten
2023_095.pdf	2023	95	Gesetz	R7	Gesetz über das Verbot des Konsums von Betäubungsmitteln und Alkohol am Hauptbahnhof Bremen
2023_098.pdf	2023	98	other(Ortsgesetz)	R4	Ortsgesetz zur Änderung des Entschädigungsortsgesetzes
2023_101.pdf	2023	101	Verordnung	R8	Achte Verordnung zur Änderung der Allgemeinen Kostenverordnung
2023_103.pdf	2023	103	Verordnung	R8	Zweite Verordnung zur Änderung der Wahlordnung zur Wahl der Frauenbeauftragten
2023_106.pdf	2023	106	Verordnung	R8	Verordnung über die Einzelheiten des Beurteilungswesens für Richterinnen und Richter sowie Staatsanwältinnen und Staatsanwälte
2023_109.pdf	2023	109	Zustimmungsgesetz zu Staatsvertrag	R5	Gesetz zu dem Vierten Medienänderungsstaatsvertrag
2023_116.pdf	2023	116	other(Ortsgesetz)	R4	Ortsgesetz zur Änderung der Gebührenordnung für die Benutzung der öffentlichen Abfallentsorgung in der Stadt Bremerhaven und zur Änderung der Gebührenordnung zum Entwässerungsortsgesetz der Stadt Bremerhaven
2023_129.pdf	2023	129	Gesetz	R7	Zweites Gesetz zur Änderung des Haushaltsgesetzes der Freien Hansestadt Bremen für das Haushaltsjahr 2023 (Zweites Nachtragshaushaltsgesetz 2023 Land Bremen)
2024_016.pdf	2024	16	Gesetz	R7	Bremisches Ausführungsgesetz zum Hinweisgeberschutzgesetz und zur ergänzenden Umsetzung der Richtlinie (EU) 2019/1937 des Europäischen Parlaments und des Rates vom 23. Oktober 2019 zum Schutz von Personen, die Verstöße gegen das Unionsrecht melden (BremHinSchGAG)
2024_017.pdf	2024	17	Verordnung	R8	Verordnung zur Änderung der Allgemeinen Kostenverordnung und der Kostenverordnung für die innere Verwaltung
2024_039.pdf	2024	39	Verordnung	R8	Erste Verordnung zur Änderung der Verordnung über das Verbot des Führens von Waffen
2024_043.pdf	2024	43	Verordnung	R8	Siebte Polizeiverordnung zur Änderung der Polizeiverordnung über das Verbot des Führens von gefährlichen Gegenständen
2024_054.pdf	2024	54	Gesetz	R7	Haushaltsgesetz der Freien Hansestadt Bremen für das Haushaltsjahr 2024
2024_055.pdf	2024	55	Gesetz	R7	Haushaltsgesetz der Stadtgemeinde Bremen für das Haushaltsjahr 2024
2024_059.pdf	2024	59	Gesetz	R7	Gesetz über die Errichtung eines sonstigen Sondervermögens der Freien Hansestadt Bremen zur Bewältigung der klimaneutralen Transformation der Wirtschaft
2024_074.pdf	2024	74	Verordnung	R8	Verordnung über den Sachverständigenrat für Fragen des Klimaschutzes und der Energiepolitik (SVRKlimaV)
2024_076.pdf	2024	76	Berichtigung	R1	Berichtigung des Gesetzblattes Nr. 70
2024_087.pdf	2024	87	Verordnung	R8	Dritte Verordnung zur Änderung der Verordnung zur Übermittlung von Meldedaten
2024_095.pdf	2024	95	other(Ortsgesetz)	R4	Erstes Ortsgesetz zur Änderung des Ortsgesetzes über die Ordnung und das Verhalten auf Volksfesten in der Stadt Bremen
2024_097.pdf	2024	97	other(Ortsgesetz)	R4	Ortsgesetz zur Änderung des Ortsgesetzes über die Errichtung eines „sonstigen Sondervermögens Hafen“
2024_101.pdf	2024	101	Berichtigung	R1	Berichtigung des Gesetzblattes Nr. 99
2024_103.pdf	2024	103	Berichtigung	R1	Berichtigung des Gesetzblattes Nr. 100
2024_117.pdf	2024	117	Verordnung	R8	Erste Verordnung zur Änderung der Verordnung zur Übertragung von Ermächtigungen zur elektronischen Aktenführung bei den Gerichten und Staatsanwaltschaften
2024_118.pdf	2024	118	other(Ortsgesetz)	R4	Ortsgesetz zur Änderung der Friedhofsgebührenordnung für die Stadt Bremerhaven
2024_125.pdf	2024	125	Verordnung	R8	Sechsundzwanzigste Verordnung zur Änderung der eAkten-Verordnung
2024_133.pdf	2024	133	unclear	R11	Gebührenordnung für Unterbringungen nach dem Aufnahmegesetz
2024_145.pdf	2024	145	other(Ortsgesetz)	R4	Viertes Ortsgesetz zur Änderung der Feuerwehrkostenordnung
2024_150.pdf	2024	150	Gesetz	R7	Gesetz zur Änderung des Bremisches Personalvertretungsgesetzes
2024_151.pdf	2024	151	Gesetz	R7	Drittes Gesetz zur Änderung des Bremischen Fischereigesetzes
2024_154.pdf	2024	154	Zustimmungsgesetz zu Staatsvertrag	R5	Gesetz zum Staatsvertrag zur Änderung des Staatsvertrages zwischen der Freien Hansestadt Bremen und dem Land Niedersachsen im Bereich der beiden EU-Fonds Europäischer Garantiefonds für die Landwirtschaft und Europäischer Landwirtschaftsfonds für die Entwicklung des ländlichen Raums sowie nationaler Fördermaßnahmen
2024_155.pdf	2024	155	Verordnung	R8	Verordnung zur Änderung der Bremischen Hafengebührenordnung
2025_001.pdf	2025	1	Verordnung	R8	Siebenundzwanzigste Verordnung zur Änderung der eAkten-Verordnung
2025_009.pdf	2025	9	Gesetz	R7	Zweites Gesetz zur Änderung des Gesetzes über die Festsetzung des Steuersatzes für die Grunderwerbsteuer
2025_019.pdf	2025	19	Gesetz	R7	Gesetz zur Änderung des Gesetzes über die Errichtung eines „sonstigen Sondervermögens Fischereihafen“
2025_023.pdf	2025	23	Berichtigung	R1	Berichtigung des Gesetzblattes Nr. 18
2025_028.pdf	2025	28	Verordnung	R8	Verordnung zur Errichtung und Ausgestaltung des Hanseatic Commercial Court for Aerospace, Logistics and Maritime Trade der Freien Hansestadt Bremen (Bremische Commercial Court Verordnung – BremCCVO)
2025_034.pdf	2025	34	Gesetz	R7	Gesetz zur Änderung des Bremischen Schulgesetzes und des Bremischen Schuldatenschutzgesetzes
2025_036.pdf	2025	36	Zustimmungsgesetz zu Staatsvertrag	R5	Bremisches Gesetz zu dem Staatsvertrag zur Aufgabenerfüllung nach dem Barrierefreiheitsstärkungsgesetz
2025_039.pdf	2025	39	Verordnung	R8	Zweite Verordnung zur Änderung der Verordnung über die Berufsfachschule für sozialpädagogische Assistenz
2025_040.pdf	2025	40	Verordnung	R8	Neunte Verordnung zur Änderung der Allgemeinen Kostenverordnung
2025_060.pdf	2025	60	other(Ortsgesetz)	R4	Ortsgesetz zur Änderung der Benutzungs- und Gebührenordnung der Stadtbibliothek Bremerhaven
2025_075.pdf	2025	75	Verordnung	R8	Verordnung zur Änderung der Verordnung über Zuständigkeiten nach der Gewerbeordnung und zur Änderung der Verordnung über die für die Verfolgung und Ahndung von Ordnungswidrigkeiten nach den §§ 144, 145, 146, 147a und 147b der Gewerbeordnung zuständigen Behörden
2025_077.pdf	2025	77	Verordnung	R8	Erste Verordnung zur Änderung der Bremischen Verordnung zur Studienakkreditierung
2025_079.pdf	2025	79	other(Ortsgesetz)	R4	Erstes Ortsgesetz zur Änderung des Ortsgesetzes über die Erhebung von Unterrichtsgebühren an der Musikschule Bremen der Stadtgemeinde Bremen
2025_089.pdf	2025	89	Verordnung	R8	Zweite Verordnung zur Änderung der Verordnung zur Übertragung von Ermächtigungen zur Regelung von Zuständigkeiten in der Finanzverwaltung
2025_094.pdf	2025	94	Gesetz	R7	Sechstes Gesetz zur Änderung des Bremischen Tageseinrichtungs- und Kindertagespflegegesetzes
2025_095.pdf	2025	95	unclear	R3	Entwurf eines Verwaltungsverfahrenseffektivierungsgesetzes
2025_096.pdf	2025	96	Verordnung	R8	Verordnung zur Neufassung der Bremischen Leistungsprämien- und ‑zulagenverordnung
2025_103.pdf	2025	103	Verordnung	R8	Verordnung zur Neuregelung der Festsetzung der Hochwasserschutzlinie im Land Bremen
2025_108.pdf	2025	108	other(Ortsgesetz)	R4	Ortsgesetz zur Neufassung der Friedhofsordnung für die stadteigenen Friedhöfe in Bremen
2025_109.pdf	2025	109	Zustimmungsgesetz zu Staatsvertrag	R5	Gesetz zu dem Sechsten Medienänderungsstaatsvertrag und zur Änderung des Bremischen Landesmediengesetzes
2025_110.pdf	2025	110	Zustimmungsgesetz zu Staatsvertrag	R5	Gesetz zu dem Siebten Staatsvertrag zur Änderung medienrechtlicher Staatsverträge – Reform des öffentlich-rechtlichen Rundfunks (Reformstaatsvertrag)
2025_111.pdf	2025	111	Zustimmungsgesetz zu Staatsvertrag	R5	Gesetz zu dem Achten Staatsvertrag zur Änderung medienrechtlicher Staatsverträge – Reform des Verfahrens zur Festsetzung des Rundfunkbeitrages
2025_114.pdf	2025	114	Verordnung	R8	Verordnung über das Landschaftsschutzgebiet „Uni-Wildnis und Umgebung“ im Stadtteil Horn-Lehe, Ortsteil Lehe der Stadtgemeinde Bremen
2025_116.pdf	2025	116	Verordnung	R8	Zweite Verordnung zur Änderung der Verordnung über die Ermittlungspersonen der Staatsanwaltschaft
2025_124.pdf	2025	124	Verordnung	R8	Zweite Verordnung zur Änderung der Bremischen Mindestentgeltbestimmungsverordnung
2025_127.pdf	2025	127	Verordnung	R8	Verordnung über die zulässige Miethöhe gemäß § 556d Absatz 2 des Bürgerlichen Gesetzbuchs (Mietenbegrenzungsverordnung)
2025_139.pdf	2025	139	unclear	R11	Gebührenordnung für die Unterbringung von zugewiesenen ausländischen Personen und Spätaussiedelnden in der Stadt Bremerhaven
2025_147.pdf	2025	147	Verordnung	R8	Erste Verordnung zur Änderung der Bremischen Ausbildungsunterstützungsfondsdurch-führungsverordnung
2025_149.pdf	2025	149	Gesetz	R7	Gesetz zur Regelung der Nachhaltigkeitsberichterstattung im Geschäftsbereich Wissenschaft
2025_159.pdf	2025	159	Berichtigung	R1	Berichtigung des Gesetzblattes Nr. 8 aus 2002
2025_162.pdf	2025	162	Verordnung	R8	Verordnung über die vorübergehende Fortführung von Papierakten bis zur Einführung der elektronischen Akte bei der Senatorin für Wirtschaft, Häfen und Transformation
2026_006.pdf	2026	6	Verordnung	R8	Zehnte Verordnung zur Änderung der Allgemeinen Kostenverordnung
2026_009.pdf	2026	9	Verordnung	R8	Dritte Verordnung zur Änderung der Verordnung über das Verbot des Führens von Waffen
2026_017.pdf	2026	17	Verordnung	R8	Neunte Verordnung zur Änderung der Kostenverordnung der Umweltverwaltung
2026_031.pdf	2026	31	Gesetz	R7	Haushaltsgesetz der Stadtgemeinde Bremen für das Haushaltsjahr 2026
2026_032.pdf	2026	32	Gesetz	R7	Haushaltsgesetz der Stadtgemeinde Bremen für das Haushaltsjahr 2027
2026_035.pdf	2026	35	Gesetz	R7	Haushaltsbegleitgesetz 2026/2027
2026_036.pdf	2026	36	other(Ortsgesetz)	R4	Sechzehntes Ortsgesetz zur Änderung der Kostenordnung für die Feuerwehr der Stadt Bremerhaven (Feuerwehrkostenordnung)
2026_043.pdf	2026	43	Verordnung	R8	Bremische Verordnung für die Teilnahme und Ausgestaltung der Erprobung des Online-Zivilverfahrens
2026_051.pdf	2026	51	other(Ortsgesetz)	R4	Ortsgesetz zur Einrichtung des Innovationsbereiches BID Hanseatenhof 2026 bis 2029
2026_054.pdf	2026	54	Bekanntmachung	R2	Bekanntmachung einer Entscheidung des Staatsgerichtshofs der Freien Hansestadt Bremen vom 23. April 2026 über eine einstweilige Anordnung gegen eine in einem parlamentarischen Untersuchungsausschuss angeordneten Beweiserhebung
2026_061.pdf	2026	61	Gesetz	R7	Gesetz zur Änderung des Bremischen Beamtengesetzes
2026_062.pdf	2026	62	Gesetz	R7	Gesetz zur Änderung des Bremischen Ausführungsgesetzes zum Kreislaufwirtschafts- und Abfallgesetz
2026_063.pdf	2026	63	Zustimmungsgesetz zu Staatsvertrag	R5	Gesetz zur Zustimmung zum Vertrag über die Errichtung, den Betrieb und die Weiterentwicklung des Nationalen Once-Only Technical-Systems (NOOTS) – Vertrag zur Ausführung von Artikel 91c Absatz 1, Absatz 2 GG – NOOTS-Staatsvertrag
2026_065.pdf	2026	65	Gesetz	R7	Drittes Gesetz zur Änderung des Bremischen Sicherheitsüberprüfungsgesetzes
2026_066.pdf	2026	66	Verordnung	R8	Erste Verordnung zur Änderung der Bremischen Verordnung über Zuständigkeiten nach abfallrechtlichen Vorschriften
2026_067.pdf	2026	67	other(Ortsgesetz)	R4	Ortsgesetz zur Änderung des Ortsgesetzes über die Errichtung der Anstalt Die Bremer Stadtreinigung, Anstalt öffentlichen Rechts
2026_082.pdf	2026	82	Zustimmungsgesetz zu Staatsvertrag	R5	Gesetz zum Staatsvertrag zwischen der Freien Hansestadt Bremen und dem Land Niedersachsen über den Zusammenschluss der
2026_086.pdf	2026	86	Verordnung	R8	Erste Verordnung zur Änderung der Bremischen Verordnung über Zuständigkeiten für die Ausführung von Rechtsvorschriften nach dem Gesetz über die Beförderung gefährlicher Güter und dem Gesetz zu dem Übereinkommen über sichere Container
2026_090.pdf	2026	90	other(Ortsgesetz)	R4	Ortsgesetz zur Einrichtung des Innovationsbereiches BID Balgequartier 2026 bis 2031
2026_092.pdf	2026	92	Zustimmungsgesetz zu Staatsvertrag	R5	Gesetz über die Zustimmung zum Zweiten Staatsvertrag zur Änderung des Glücksspielstaatsvertrags 2021
2026_097.pdf	2026	97	Verordnung	R8	Elfte Verordnung zur Änderung der Allgemeinen Kostenverordnung
2026_098.pdf	2026	98	Verordnung	R8	Erste Verordnung zur Änderung der Bremischen Verordnung zur Regelung von Zuständigkeiten für Aufgaben und Befugnisse nach der Bundesnotarordnung
