file	page	class	path_ops	m	l	c	v	y	h	re	S	s	f	F	f*	B	B*	b	b*	n	W	W*
2026_098.pdf	2	OTHER	58	0	0	0	0	0	0	29	0	0	0	0	0	0	0	0	0	29	0	29
2026_097.pdf	3	OTHER	80	0	0	0	0	0	0	40	0	0	0	0	0	0	0	0	0	40	0	40
2026_086.pdf	2	OTHER	68	0	0	0	0	0	0	34	0	0	0	0	0	0	0	0	0	34	0	34
2026_067.pdf	4	OTHER	54	0	0	0	0	0	0	27	0	0	0	0	0	0	0	0	0	27	0	27
2026_066.pdf	2	OTHER	72	0	0	0	0	0	0	36	0	0	0	0	0	0	0	0	0	36	0	36
2026_065.pdf	7	OTHER	54	0	0	0	0	0	0	27	0	0	0	0	0	0	0	0	0	27	0	27
2026_062.pdf	2	OTHER	54	0	0	0	0	0	0	27	0	0	0	0	0	0	0	0	0	27	0	27
2026_061.pdf	4	OTHER	50	0	0	0	0	0	0	25	0	0	0	0	0	0	0	0	0	25	0	25
2026_054.pdf	2	OTHER	58	0	0	0	0	0	0	29	0	0	0	0	0	0	0	0	0	29	0	29
2026_043.pdf	2	BLANK	48	0	0	0	0	0	0	24	0	0	0	0	0	0	0	0	0	24	0	24
2026_036.pdf	2	BLANK	0	0	0	0	0	0	0	0	0	0	0	0	0	0	0	0	0	0	0	0
2026_035.pdf	2	OTHER	56	0	0	0	0	0	0	28	0	0	0	0	0	0	0	0	0	28	0	28
2026_017.pdf	2	OTHER	58	0	0	0	0	0	0	29	0	0	0	0	0	0	0	0	0	29	0	29
2026_006.pdf	3	OTHER	68	0	0	0	0	0	0	34	0	0	0	0	0	0	0	0	0	34	0	34
2025_162.pdf	2	OTHER	62	0	0	0	0	0	0	31	0	0	0	0	0	0	0	0	0	31	0	31
2025_149.pdf	4	OTHER	66	0	0	0	0	0	0	33	0	0	0	0	0	0	0	0	0	33	0	33
2025_147.pdf	2	OTHER	72	0	0	0	0	0	0	36	0	0	0	0	0	0	0	0	0	36	0	36
2025_139.pdf	3	OTHER	78	0	0	0	0	0	0	39	0	0	0	0	0	0	0	0	0	39	0	39
2025_124.pdf	2	BLANK	46	0	0	0	0	0	0	23	0	0	0	0	0	0	0	0	0	23	0	23
2025_116.pdf	6	OTHER	56	0	0	0	0	0	0	28	0	0	0	0	0	0	0	0	0	28	0	28
2025_114.pdf	5	OTHER	64	0	0	0	0	0	0	32	0	0	0	0	0	0	0	0	0	32	0	32
2025_108.pdf	9	OTHER	94	0	0	0	0	0	0	47	0	0	0	0	0	0	0	0	0	47	0	47
2025_096.pdf	5	OTHER	132	0	0	0	0	0	0	66	0	0	0	0	0	0	0	0	0	66	0	66
2025_095.pdf	5	OTHER	114	0	0	0	0	0	0	57	0	0	0	0	0	0	0	0	0	57	0	57
2025_094.pdf	5	OTHER	114	0	0	0	0	0	0	57	0	0	0	0	0	0	0	0	0	57	0	57
2025_089.pdf	2	BLANK	48	0	0	0	0	0	0	24	0	0	0	0	0	0	0	0	0	24	0	24
2025_079.pdf	4	OTHER	92	0	0	0	0	0	0	46	0	0	0	0	0	0	0	0	0	46	0	46
2025_077.pdf	10	OTHER	64	0	0	0	0	0	0	32	0	0	0	0	0	0	0	0	0	32	0	32
2025_075.pdf	2	OTHER	106	0	0	0	0	0	0	53	0	0	0	0	0	0	0	0	0	53	0	53
2025_060.pdf	3	OTHER	76	0	0	0	0	0	0	38	0	0	0	0	0	0	0	0	0	38	0	38
2025_040.pdf	2	OTHER	58	0	0	0	0	0	0	29	0	0	0	0	0	0	0	0	0	29	0	29
2025_039.pdf	7	OTHER	92	0	0	0	0	0	0	46	0	0	0	0	0	0	0	0	0	46	0	46
2025_034.pdf	26	OTHER	94	0	0	0	0	0	0	47	0	0	0	0	0	0	0	0	0	47	0	47
2025_028.pdf	3	OTHER	94	0	0	0	0	0	0	47	0	0	0	0	0	0	0	0	0	47	0	47
2025_019.pdf	2	OTHER	148	0	0	0	0	0	0	74	0	0	0	0	0	0	0	0	0	74	0	74
2025_009.pdf	2	OTHER	104	0	0	0	0	0	0	52	0	0	0	0	0	0	0	0	0	52	0	52
2025_001.pdf	2	OTHER	92	0	0	0	0	0	0	46	0	0	0	0	0	0	0	0	0	46	0	46
2024_155.pdf	8	OTHER	72	0	0	0	0	0	0	36	0	0	0	0	0	0	0	0	0	36	0	36
2024_151.pdf	2	BLANK	48	0	0	0	0	0	0	24	0	0	0	0	0	0	0	0	0	24	0	24
2024_150.pdf	4	OTHER	120	0	0	0	0	0	0	60	0	0	0	0	0	0	0	0	0	60	0	60
2024_145.pdf	2	OTHER	164	0	0	0	0	0	0	82	0	0	0	0	0	0	0	0	0	82	0	82
2024_133.pdf	3	OTHER	154	0	0	0	0	0	0	77	0	0	0	0	42	0	0	0	0	35	0	35
2024_125.pdf	2	BLANK	0	0	0	0	0	0	0	0	0	0	0	0	0	0	0	0	0	0	0	0
2024_118.pdf	7	BLANK	0	0	0	0	0	0	0	0	0	0	0	0	0	0	0	0	0	0	0	0
2024_117.pdf	2	BLANK	0	0	0	0	0	0	0	0	0	0	0	0	0	0	0	0	0	0	0	0
2024_097.pdf	2	OTHER	160	0	0	0	0	0	0	80	0	0	0	0	0	0	0	0	0	80	0	80
2024_095.pdf	2	OTHER	92	0	0	0	0	0	0	46	0	0	0	0	0	0	0	0	0	46	0	46
2024_087.pdf	2	OTHER	104	0	0	0	0	0	0	52	0	0	0	0	0	0	0	0	0	52	0	52
2024_074.pdf	3	OTHER	64	0	0	0	0	0	0	32	0	0	0	0	0	0	0	0	0	32	0	32
2024_059.pdf	4	OTHER	150	0	0	0	0	0	0	75	0	0	0	0	0	0	0	0	0	75	0	75
2024_055.pdf	15	OTHER	66	0	0	0	0	0	0	33	0	0	0	0	0	0	0	0	0	33	0	33
2024_054.pdf	17	OTHER	70	0	0	0	0	0	0	35	0	0	0	0	0	0	0	0	0	35	0	35
2024_017.pdf	41	OTHER	68	0	0	0	0	0	0	34	0	0	0	0	0	0	0	0	0	34	0	34
2024_016.pdf	2	OTHER	54	0	0	0	0	0	0	27	0	0	0	0	0	0	0	0	0	27	0	27
2023_129.pdf	2	OTHER	56	0	0	0	0	0	0	28	0	0	0	0	0	0	0	0	0	28	0	28
2023_116.pdf	4	OTHER	70	0	0	0	0	0	0	35	0	0	0	0	0	0	0	0	0	35	0	35
2023_103.pdf	5	OTHER	64	0	0	0	0	0	0	32	0	0	0	0	0	0	0	0	0	32	0	32
2023_101.pdf	2	OTHER	68	0	0	0	0	0	0	34	0	0	0	0	0	0	0	0	0	34	0	34
2023_098.pdf	3	OTHER	68	0	0	0	0	0	0	34	0	0	0	0	0	0	0	0	0	34	0	34
2023_094.pdf	2	OTHER	58	0	0	0	0	0	0	29	0	0	0	0	0	0	0	0	0	29	0	29
2023_070.pdf	3	OTHER	54	0	0	0	0	0	0	27	0	0	0	0	0	0	0	0	0	27	0	27
2023_064.pdf	4	OTHER	60	0	0	0	0	0	0	30	0	0	0	0	0	0	0	0	0	30	0	30
2023_049.pdf	2	OTHER	54	0	0	0	0	0	0	27	0	0	0	0	0	0	0	0	0	27	0	27
2023_047.pdf	2	OTHER	58	0	0	0	0	0	0	29	0	0	0	0	0	0	0	0	0	29	0	29
2023_026.pdf	2	OTHER	60	0	0	0	0	0	0	30	0	0	0	0	0	0	0	0	0	30	0	30
2023_016.pdf	2	OTHER	66	0	0	0	0	0	0	33	0	0	0	0	0	0	0	0	0	33	0	33
2022_162.pdf	2	OTHER	50	0	0	0	0	0	0	25	0	0	0	0	0	0	0	0	0	25	0	25
2022_153.pdf	2	OTHER	50	0	0	0	0	0	0	25	0	0	0	0	0	0	0	0	0	25	0	25
2022_152.pdf	7	OTHER	62	0	0	0	0	0	0	31	0	0	0	0	0	0	0	0	0	31	0	31
2022_148.pdf	2	OTHER	54	0	0	0	0	0	0	27	0	0	0	0	0	0	0	0	0	27	0	27
2022_147.pdf	3	OTHER	58	0	0	0	0	0	0	29	0	0	0	0	0	0	0	0	0	29	0	29
2022_145.pdf	3	OTHER	64	0	0	0	0	0	0	32	0	0	0	0	0	0	0	0	0	32	0	32
2022_141.pdf	5	OTHER	62	0	0	0	0	0	0	31	0	0	0	0	0	0	0	0	0	31	0	31
2022_134.pdf	4	OTHER	54	0	0	0	0	0	0	27	0	0	0	0	0	0	0	0	0	27	0	27
2022_132.pdf	3	OTHER	54	0	0	0	0	0	0	27	0	0	0	0	0	0	0	0	0	27	0	27
2022_131.pdf	8	OTHER	54	0	0	0	0	0	0	27	0	0	0	0	0	0	0	0	0	27	0	27
2022_117.pdf	3	OTHER	52	0	0	0	0	0	0	26	0	0	0	0	0	0	0	0	0	26	0	26
2022_113.pdf	6	OTHER	50	0	0	0	0	0	0	25	0	0	0	0	0	0	0	0	0	25	0	25
2022_109.pdf	2	OTHER	58	0	0	0	0	0	0	29	0	0	0	0	0	0	0	0	0	29	0	29
2022_108.pdf	2	OTHER	64	0	0	0	0	0	0	32	0	0	0	0	0	0	0	0	0	32	0	32
2022_107.pdf	3	OTHER	62	0	0	0	0	0	0	31	0	0	0	0	0	0	0	0	0	31	0	31
2022_104.pdf	13	OTHER	42	0	0	0	0	0	0	21	0	0	0	0	0	0	0	0	0	21	0	21
2022_075.pdf	3	OTHER	58	0	0	0	0	0	0	29	0	0	0	0	0	0	0	0	0	29	0	29
2022_074.pdf	2	OTHER	54	0	0	0	0	0	0	27	0	0	0	0	0	0	0	0	0	27	0	27
2022_052.pdf	2	BLANK	0	0	0	0	0	0	0	0	0	0	0	0	0	0	0	0	0	0	0	0
2022_046.pdf	2	OTHER	72	0	0	0	0	0	0	36	0	0	0	0	0	0	0	0	0	36	0	36
2022_025.pdf	2	OTHER	54	0	0	0	0	0	0	27	0	0	0	0	0	0	0	0	0	27	0	27
2022_018.pdf	2	BLANK	0	0	0	0	0	0	0	0	0	0	0	0	0	0	0	0	0	0	0	0
2022_016.pdf	2	BLANK	0	0	0	0	0	0	0	0	0	0	0	0	0	0	0	0	0	0	0	0
2022_004.pdf	3	BLANK	0	0	0	0	0	0	0	0	0	0	0	0	0	0	0	0	0	0	0	0
2021_152.pdf	2	OTHER	54	0	0	0	0	0	0	27	0	0	0	0	0	0	0	0	0	27	0	27
2021_143.pdf	16	OTHER	60	0	0	0	0	0	0	30	0	0	0	0	0	0	0	0	0	30	0	30
2021_142.pdf	16	OTHER	60	0	0	0	0	0	0	30	0	0	0	0	0	0	0	0	0	30	0	30
2021_141.pdf	3	OTHER	50	0	0	0	0	0	0	25	0	0	0	0	0	0	0	0	0	25	0	25
2021_138.pdf	3	OTHER	50	0	0	0	0	0	0	25	0	0	0	0	0	0	0	0	0	25	0	25
2021_132.pdf	6	OTHER	78	0	0	0	0	0	0	39	0	0	0	0	0	0	0	0	0	39	0	39
2021_128.pdf	3	OTHER	56	0	0	0	0	0	0	28	0	0	0	0	0	0	0	0	0	28	0	28
2021_110.pdf	4	OTHER	60	0	0	0	0	0	0	30	0	0	0	0	0	0	0	0	0	30	0	30
2021_096.pdf	2	OTHER	70	0	0	0	0	0	0	35	0	0	0	0	0	0	0	0	0	35	0	35
2021_085.pdf	3	OTHER	56	0	0	0	0	0	0	28	0	0	0	0	0	0	0	0	0	28	0	28
2021_082.pdf	10	OTHER	58	0	0	0	0	0	0	29	0	0	0	0	0	0	0	0	0	29	0	29
2021_067.pdf	2	OTHER	58	0	0	0	0	0	0	29	0	0	0	0	0	0	0	0	0	29	0	29
2021_058.pdf	4	OTHER	60	0	0	0	0	0	0	30	0	0	0	0	0	0	0	0	0	30	0	30
2021_045.pdf	2	OTHER	491	23	110	0	0	0	8	164	15	0	1	0	16	0	0	0	0	154	0	154
2021_029.pdf	2	OTHER	54	0	0	0	0	0	0	27	0	0	0	0	0	0	0	0	0	27	0	27
2021_027.pdf	4	BLANK	0	0	0	0	0	0	0	0	0	0	0	0	0	0	0	0	0	0	0	0
2021_021.pdf	6	BLANK	0	0	0	0	0	0	0	0	0	0	0	0	0	0	0	0	0	0	0	0
2020_175.pdf	3	BLANK	0	0	0	0	0	0	0	0	0	0	0	0	0	0	0	0	0	0	0	0
2020_171.pdf	2	BLANK	0	0	0	0	0	0	0	0	0	0	0	0	0	0	0	0	0	0	0	0
2020_162.pdf	3	BLANK	0	0	0	0	0	0	0	0	0	0	0	0	0	0	0	0	0	0	0	0
2020_139.pdf	16	BLANK	0	0	0	0	0	0	0	0	0	0	0	0	0	0	0	0	0	0	0	0
2020_123.pdf	2	BLANK	0	0	0	0	0	0	0	0	0	0	0	0	0	0	0	0	0	0	0	0
2020_118.pdf	2	BLANK	0	0	0	0	0	0	0	0	0	0	0	0	0	0	0	0	0	0	0	0
2020_115.pdf	7	BLANK	0	0	0	0	0	0	0	0	0	0	0	0	0	0	0	0	0	0	0	0
2020_104.pdf	3	BLANK	0	0	0	0	0	0	0	0	0	0	0	0	0	0	0	0	0	0	0	0
2020_089.pdf	2	BLANK	0	0	0	0	0	0	0	0	0	0	0	0	0	0	0	0	0	0	0	0
2020_063.pdf	2	BLANK	0	0	0	0	0	0	0	0	0	0	0	0	0	0	0	0	0	0	0	0
2020_033.pdf	4	BLANK	0	0	0	0	0	0	0	0	0	0	0	0	0	0	0	0	0	0	0	0
2020_023.pdf	4	BLANK	0	0	0	0	0	0	0	0	0	0	0	0	0	0	0	0	0	0	0	0
2020_014.pdf	2	BLANK	0	0	0	0	0	0	0	0	0	0	0	0	0	0	0	0	0	0	0	0
