file	page	mediabox_w	mediabox_h	img_count	img_px	img_area_frac	max_area_frac	area_unknown	path_ops	text_ops	inline_img	form_xobj	class
2026_098.pdf	2	595.32	841.92	0				0	58	28	0	0	OTHER
2026_097.pdf	3	595.32	841.92	0				0	80	37	0	0	OTHER
2026_092.pdf	2	595.32	841.92	1	1654x2339	0.5798	0.5798	0	44	18	0	0	IMAGE
2026_092.pdf	3	595.32	841.92	1	1654x2339	0.5798	0.5798	0	44	18	0	0	IMAGE
2026_092.pdf	4	595.32	841.92	1	1654x2339	0.5798	0.5798	0	44	18	0	0	IMAGE
2026_092.pdf	5	595.32	841.92	1	1654x2339	0.5798	0.5798	0	44	18	0	0	IMAGE
2026_092.pdf	6	595.32	841.92	1	1654x2339	0.5798	0.5798	0	44	18	0	0	IMAGE
2026_092.pdf	7	595.32	841.92	1	1654x2339	0.5798	0.5798	0	44	18	0	0	IMAGE
2026_092.pdf	8	595.32	841.92	1	1385x1959	0.5798	0.5798	0	44	18	0	0	IMAGE
2026_092.pdf	9	595.32	841.92	1	1385x1959	0.5804	0.5804	0	44	18	0	0	IMAGE
2026_092.pdf	10	595.32	841.92	1	1385x1958	0.5798	0.5798	0	44	18	0	0	IMAGE
2026_092.pdf	11	595.32	841.92	1	1385x1959	0.5798	0.5798	0	44	18	0	0	IMAGE
2026_092.pdf	12	595.32	841.92	1	1385x1959	0.5798	0.5798	0	44	18	0	0	IMAGE
2026_092.pdf	13	595.32	841.92	1	1613x2281	0.5798	0.5798	0	44	18	0	0	IMAGE
2026_092.pdf	14	595.32	841.92	1	1385x1959	0.5798	0.5798	0	44	18	0	0	IMAGE
2026_092.pdf	15	595.32	841.92	1	1712x2421	0.5798	0.5798	0	44	18	0	0	IMAGE
2026_092.pdf	16	595.32	841.92	1	1385x1959	0.5798	0.5798	0	44	18	0	0	IMAGE
2026_092.pdf	17	595.32	841.92	1	1385x1954	0.5787	0.5787	0	44	18	0	0	IMAGE
2026_092.pdf	18	595.32	841.92	1	1604x2269	0.5798	0.5798	0	44	18	0	0	IMAGE
2026_092.pdf	19	595.32	841.92	1	1385x1958	0.5798	0.5798	0	44	18	0	0	IMAGE
2026_092.pdf	20	595.32	841.92	1	1385x1959	0.5798	0.5798	0	44	18	0	0	IMAGE
2026_092.pdf	21	595.32	841.92	1	1385x1959	0.5798	0.5798	0	44	18	0	0	IMAGE
2026_092.pdf	22	595.32	841.92	1	1596x2258	0.5798	0.5798	0	44	18	0	0	IMAGE
2026_092.pdf	23	595.32	841.92	1	1385x1959	0.5798	0.5798	0	46	19	0	0	IMAGE
2026_090.pdf	4	841.92	595.32	1	1893x1382	0.5592	0.5592	0	36	15	0	0	IMAGE
2026_090.pdf	5	595.32	841.92	1	1654x2339	0.5798	0.5798	0	38	16	0	0	IMAGE
2026_086.pdf	2	595.32	841.92	0				0	68	32	0	0	OTHER
2026_082.pdf	3	595.32	841.92	1	1386x1956	0.5795	0.5795	0	2	17	0	0	IMAGE
2026_082.pdf	4	595.32	841.92	1	1385x1952	0.5787	0.5787	0	2	17	0	0	IMAGE
2026_082.pdf	5	595.32	841.92	1	1387x1950	0.5773	0.5773	0	2	17	0	0	IMAGE
2026_082.pdf	6	595.32	841.92	1	1385x1951	0.5781	0.5781	0	2	17	0	0	IMAGE
2026_082.pdf	7	595.32	841.92	1	1386x1943	0.5756	0.5756	0	2	15	0	0	IMAGE
2026_082.pdf	8	595.32	841.92	1	1386x1947	0.5767	0.5767	0	2	17	0	0	IMAGE
2026_082.pdf	9	595.32	841.92	1	1386x1946	0.5761	0.5761	0	2	17	0	0	IMAGE
2026_082.pdf	10	595.32	841.92	1	1385x1945	0.5765	0.5765	0	2	15	0	0	IMAGE
2026_067.pdf	4	595.32	841.92	0				0	54	25	0	0	OTHER
2026_066.pdf	2	595.32	841.92	0				0	72	33	0	0	OTHER
2026_065.pdf	7	595.32	841.92	0				0	54	25	0	0	OTHER
2026_063.pdf	2	595.32	841.92	1	1655x2339	0.5797	0.5797	0	36	15	0	0	IMAGE
2026_063.pdf	3	595.32	841.92	1	1655x2339	0.5797	0.5797	0	36	15	0	0	IMAGE
2026_063.pdf	4	595.32	841.92	1	1655x2339	0.5797	0.5797	0	36	15	0	0	IMAGE
2026_063.pdf	5	595.32	841.92	1	1655x2339	0.5797	0.5797	0	36	15	0	0	IMAGE
2026_063.pdf	6	595.32	841.92	1	1653x2339	0.5807	0.5807	0	36	15	0	0	IMAGE
2026_063.pdf	7	595.32	841.92	1	1385x1958	0.5802	0.5802	0	36	15	0	0	IMAGE
2026_063.pdf	8	595.32	841.92	1	1386x1958	0.5797	0.5797	0	36	15	0	0	IMAGE
2026_063.pdf	9	595.32	841.92	1	1385x1959	0.5807	0.5807	0	36	15	0	0	IMAGE
2026_063.pdf	10	595.32	841.92	1	1383x978	0.6373	0.6373	0	41	15	0	0	IMAGE
2026_063.pdf	11	595.32	841.92	1	1240x1753	0.5802	0.5802	0	36	15	0	0	IMAGE
2026_063.pdf	12	595.32	841.92	1	2340x1654	0.5838	0.5838	0	41	15	0	0	IMAGE
2026_063.pdf	13	595.32	841.92	1	1385x1958	0.5802	0.5802	0	36	15	0	0	IMAGE
2026_063.pdf	14	595.32	841.92	1	1984x1403	0.5908	0.5908	0	41	15	0	0	IMAGE
2026_063.pdf	15	595.32	841.92	1	1385x1958	0.5802	0.5802	0	36	15	0	0	IMAGE
2026_063.pdf	16	595.32	841.92	1	1385x1958	0.5802	0.5802	0	36	15	0	0	IMAGE
2026_063.pdf	17	595.32	841.92	1	1386x1958	0.5797	0.5797	0	36	15	0	0	IMAGE
2026_063.pdf	18	595.32	841.92	1	1385x1962	0.5813	0.5813	0	36	15	0	0	IMAGE
2026_063.pdf	19	595.32	841.92	1	1385x1958	0.5802	0.5802	0	36	15	0	0	IMAGE
2026_063.pdf	20	595.32	841.92	1	1385x1958	0.5802	0.5802	0	36	15	0	0	IMAGE
2026_063.pdf	21	595.32	841.92	1	1385x1959	0.5807	0.5807	0	36	15	0	0	IMAGE
2026_063.pdf	22	595.32	841.92	1	1385x1959	0.5807	0.5807	0	36	15	0	0	IMAGE
2026_063.pdf	23	595.32	841.92	1	1653x2338	0.5802	0.5802	0	38	16	0	0	IMAGE
2026_062.pdf	2	595.32	841.92	0				0	54	24	0	0	OTHER
2026_061.pdf	4	595.32	841.92	0				0	50	23	0	0	OTHER
2026_054.pdf	2	595.32	841.92	0				0	58	27	0	0	OTHER
2026_051.pdf	4	841.92	595.32	1	2180x1306	0.6089	0.6089	0	36	15	0	0	IMAGE
2026_051.pdf	5	595.32	841.92	1	1654x2339	0.5798	0.5798	0	38	16	0	0	IMAGE
2026_043.pdf	2	595.32	841.92	0				0	48	22	0	0	BLANK
2026_036.pdf	2	595.32	841.92	0				0	0	35	0	0	BLANK
2026_035.pdf	2	595.32	841.92	0				0	56	26	0	0	OTHER
2026_032.pdf	17	595.32	841.92	1	945x1021	0.4929	0.4929	0	62	27	0	0	IMAGE
2026_031.pdf	16	595.32	841.92	1	945x1091	0.5367	0.5367	0	62	27	0	0	IMAGE
2026_017.pdf	2	595.32	841.92	0				0	58	28	0	0	OTHER
2026_009.pdf	6	595.32	841.92	1	858x1089	0.5351	0.5351	0	50	23	0	0	IMAGE
2026_009.pdf	7	595.32	841.92	1	955x994	0.4272	0.4272	0	62	29	0	0	IMAGE
2026_006.pdf	3	595.32	841.92	0				0	68	32	0	0	OTHER
2025_162.pdf	2	595.32	841.92	0				0	62	30	0	0	OTHER
2025_159.pdf	2	1190.52	841.92	1	889x2943	0.3384	0.3384	0	41	15	0	0	IMAGE
2025_159.pdf	3	1190.52	841.92	1	1791x722	0.5115	0.5115	0	42	18	0	0	IMAGE
2025_149.pdf	4	595.32	841.92	0				0	66	32	0	0	OTHER
2025_147.pdf	2	595.32	841.92	0				0	72	35	0	0	OTHER
2025_139.pdf	3	595.32	841.92	0				0	78	38	0	0	OTHER
2025_127.pdf	26	595.32	841.92	1	1259x1782	0.5804	0.5804	0	32	14	0	0	IMAGE
2025_127.pdf	27	595.32	841.92	1	1653x2339	0.5804	0.5804	0	32	14	0	0	IMAGE
2025_127.pdf	28	595.32	841.92	1	1654x2339	0.5798	0.5798	0	32	14	0	0	IMAGE
2025_127.pdf	29	595.32	841.92	1	1654x2339	0.5798	0.5798	0	32	14	0	0	IMAGE
2025_127.pdf	30	595.32	841.92	1	1654x2339	0.5798	0.5798	0	32	14	0	0	IMAGE
2025_127.pdf	31	595.32	841.92	1	1654x2339	0.5798	0.5798	0	32	14	0	0	IMAGE
2025_127.pdf	32	595.32	841.92	1	1654x2339	0.5798	0.5798	0	32	14	0	0	IMAGE
2025_127.pdf	33	595.32	841.92	1	1654x2339	0.5798	0.5798	0	32	14	0	0	IMAGE
2025_127.pdf	34	595.32	841.92	1	1654x2339	0.5798	0.5798	0	32	14	0	0	IMAGE
2025_127.pdf	35	595.32	841.92	1	1654x2339	0.5798	0.5798	0	32	14	0	0	IMAGE
2025_127.pdf	36	595.32	841.92	1	1654x2339	0.5798	0.5798	0	32	14	0	0	IMAGE
2025_127.pdf	37	595.32	841.92	1	1654x2339	0.5798	0.5798	0	32	14	0	0	IMAGE
2025_127.pdf	38	595.32	841.92	1	1654x2339	0.5798	0.5798	0	32	14	0	0	IMAGE
2025_127.pdf	39	595.32	841.92	1	1654x2339	0.5798	0.5798	0	32	14	0	0	IMAGE
2025_127.pdf	40	595.32	841.92	1	1654x2339	0.5798	0.5798	0	32	14	0	0	IMAGE
2025_127.pdf	41	595.32	841.92	1	1654x2339	0.5798	0.5798	0	32	14	0	0	IMAGE
2025_127.pdf	42	595.32	841.92	1	1654x2339	0.5798	0.5798	0	32	14	0	0	IMAGE
2025_127.pdf	43	595.32	841.92	1	1654x2339	0.5798	0.5798	0	32	14	0	0	IMAGE
2025_127.pdf	44	595.32	841.92	1	1654x2339	0.5798	0.5798	0	32	14	0	0	IMAGE
2025_127.pdf	45	595.32	841.92	1	1654x2339	0.5798	0.5798	0	32	14	0	0	IMAGE
2025_127.pdf	46	595.32	841.92	1	1654x2339	0.5798	0.5798	0	32	14	0	0	IMAGE
2025_127.pdf	47	595.32	841.92	1	1654x2339	0.5798	0.5798	0	32	14	0	0	IMAGE
2025_127.pdf	48	595.32	841.92	1	1654x2339	0.5798	0.5798	0	32	14	0	0	IMAGE
2025_127.pdf	49	595.32	841.92	1	1654x2339	0.5798	0.5798	0	32	14	0	0	IMAGE
2025_127.pdf	50	595.32	841.92	1	1654x2339	0.5798	0.5798	0	32	14	0	0	IMAGE
2025_127.pdf	51	595.32	841.92	1	1654x2339	0.5798	0.5798	0	34	15	0	0	IMAGE
2025_124.pdf	2	595.32	841.92	0				0	46	20	0	0	BLANK
2025_116.pdf	6	595.32	841.92	0				0	56	26	0	0	OTHER
2025_114.pdf	5	595.32	841.92	0				0	64	29	0	0	OTHER
2025_114.pdf	6	595.32	841.92	1	1385x979	0.2899	0.2899	0	42	17	0	0	IMAGE
2025_111.pdf	2	595.32	841.92	1	1654x2339	0.5793	0.5793	0	36	15	0	0	IMAGE
2025_111.pdf	3	595.32	841.92	1	1654x2339	0.5793	0.5793	0	36	15	0	0	IMAGE
2025_111.pdf	4	595.32	841.92	1	1654x2339	0.5793	0.5793	0	36	15	0	0	IMAGE
2025_111.pdf	5	595.32	841.92	1	1654x2339	0.5793	0.5793	0	38	16	0	0	IMAGE
2025_110.pdf	2	595.32	841.92	1	1653x2339	0.5804	0.5804	0	46	19	0	0	IMAGE
2025_110.pdf	3	595.32	841.92	1	1653x2339	0.5804	0.5804	0	46	19	0	0	IMAGE
2025_110.pdf	4	595.32	841.92	1	1653x2339	0.5804	0.5804	0	46	19	0	0	IMAGE
2025_110.pdf	5	595.32	841.92	1	1653x2339	0.5804	0.5804	0	46	19	0	0	IMAGE
2025_110.pdf	6	595.32	841.92	1	1653x2339	0.5804	0.5804	0	46	19	0	0	IMAGE
2025_110.pdf	7	595.32	841.92	1	1653x2339	0.5804	0.5804	0	46	19	0	0	IMAGE
2025_110.pdf	8	595.32	841.92	1	1653x2339	0.5804	0.5804	0	46	19	0	0	IMAGE
2025_110.pdf	9	595.32	841.92	1	1653x2339	0.5804	0.5804	0	46	19	0	0	IMAGE
2025_110.pdf	10	595.32	841.92	1	1653x2339	0.5804	0.5804	0	46	19	0	0	IMAGE
2025_110.pdf	11	595.32	841.92	1	1653x2339	0.5804	0.5804	0	46	19	0	0	IMAGE
2025_110.pdf	12	595.32	841.92	1	1653x2339	0.5804	0.5804	0	46	19	0	0	IMAGE
2025_110.pdf	13	595.32	841.92	1	1653x2339	0.5804	0.5804	0	46	19	0	0	IMAGE
2025_110.pdf	14	595.32	841.92	1	1653x2339	0.5804	0.5804	0	46	19	0	0	IMAGE
2025_110.pdf	15	595.32	841.92	1	1653x2339	0.5804	0.5804	0	46	19	0	0	IMAGE
2025_110.pdf	16	595.32	841.92	1	1653x2339	0.5804	0.5804	0	46	19	0	0	IMAGE
2025_110.pdf	17	595.32	841.92	1	1653x2339	0.5804	0.5804	0	46	19	0	0	IMAGE
2025_110.pdf	18	595.32	841.92	1	1653x2339	0.5804	0.5804	0	46	19	0	0	IMAGE
2025_110.pdf	19	595.32	841.92	1	1653x2339	0.5804	0.5804	0	46	19	0	0	IMAGE
2025_110.pdf	20	595.32	841.92	1	1653x2339	0.5804	0.5804	0	46	19	0	0	IMAGE
2025_110.pdf	21	595.32	841.92	1	1653x2339	0.5804	0.5804	0	46	19	0	0	IMAGE
2025_110.pdf	22	595.32	841.92	1	1653x2339	0.5804	0.5804	0	46	19	0	0	IMAGE
2025_110.pdf	23	595.32	841.92	1	1653x2339	0.5804	0.5804	0	46	19	0	0	IMAGE
2025_110.pdf	24	595.32	841.92	1	1653x2339	0.5804	0.5804	0	46	19	0	0	IMAGE
2025_110.pdf	25	595.32	841.92	1	1653x2339	0.5804	0.5804	0	46	19	0	0	IMAGE
2025_110.pdf	26	595.32	841.92	1	1653x2339	0.5804	0.5804	0	46	19	0	0	IMAGE
2025_110.pdf	27	595.32	841.92	1	1653x2339	0.5804	0.5804	0	46	19	0	0	IMAGE
2025_110.pdf	28	595.32	841.92	1	1653x2339	0.5804	0.5804	0	46	19	0	0	IMAGE
2025_110.pdf	29	595.32	841.92	1	1653x2339	0.5804	0.5804	0	46	19	0	0	IMAGE
2025_110.pdf	30	595.32	841.92	1	1653x2339	0.5804	0.5804	0	46	19	0	0	IMAGE
2025_110.pdf	31	595.32	841.92	1	1653x2339	0.5804	0.5804	0	46	19	0	0	IMAGE
2025_110.pdf	32	595.32	841.92	1	1653x2339	0.5804	0.5804	0	46	19	0	0	IMAGE
2025_110.pdf	33	595.32	841.92	1	1653x2339	0.5804	0.5804	0	46	19	0	0	IMAGE
2025_110.pdf	34	595.32	841.92	1	1653x2339	0.5804	0.5804	0	46	19	0	0	IMAGE
2025_110.pdf	35	595.32	841.92	1	1653x2339	0.5804	0.5804	0	46	19	0	0	IMAGE
2025_110.pdf	36	595.32	841.92	1	1653x2339	0.5804	0.5804	0	46	19	0	0	IMAGE
2025_110.pdf	37	595.32	841.92	1	1653x2339	0.5804	0.5804	0	46	19	0	0	IMAGE
2025_110.pdf	38	595.32	841.92	1	1653x2339	0.5804	0.5804	0	46	19	0	0	IMAGE
2025_110.pdf	39	595.32	841.92	1	1653x2339	0.5804	0.5804	0	46	19	0	0	IMAGE
2025_110.pdf	40	595.32	841.92	1	1653x2339	0.5804	0.5804	0	46	19	0	0	IMAGE
2025_110.pdf	41	595.32	841.92	1	1653x2339	0.5804	0.5804	0	46	19	0	0	IMAGE
2025_110.pdf	42	595.32	841.92	1	1653x2339	0.5804	0.5804	0	46	19	0	0	IMAGE
2025_110.pdf	43	595.32	841.92	1	1653x2339	0.5804	0.5804	0	46	19	0	0	IMAGE
2025_110.pdf	44	595.32	841.92	1	1653x2339	0.5804	0.5804	0	46	19	0	0	IMAGE
2025_110.pdf	45	595.32	841.92	1	1653x2339	0.5804	0.5804	0	46	19	0	0	IMAGE
2025_110.pdf	46	595.32	841.92	1	1653x2339	0.5804	0.5804	0	46	19	0	0	IMAGE
2025_110.pdf	47	595.32	841.92	1	1653x2339	0.5804	0.5804	0	46	19	0	0	IMAGE
2025_110.pdf	48	595.32	841.92	1	1653x2339	0.5804	0.5804	0	46	19	0	0	IMAGE
2025_110.pdf	49	595.32	841.92	1	1653x2339	0.5804	0.5804	0	46	19	0	0	IMAGE
2025_110.pdf	50	595.32	841.92	1	1653x2339	0.5804	0.5804	0	46	19	0	0	IMAGE
2025_110.pdf	51	595.32	841.92	1	1653x2339	0.5804	0.5804	0	46	19	0	0	IMAGE
2025_110.pdf	52	595.32	841.92	1	1653x2339	0.5804	0.5804	0	46	19	0	0	IMAGE
2025_110.pdf	53	595.32	841.92	1	1653x2339	0.5804	0.5804	0	46	19	0	0	IMAGE
2025_110.pdf	54	595.32	841.92	1	1653x2339	0.5804	0.5804	0	52	22	0	0	IMAGE
2025_110.pdf	55	595.32	841.92	1	1386x1958	0.5798	0.5798	0	46	19	0	0	IMAGE
2025_110.pdf	56	595.32	841.92	1	1386x1961	0.5804	0.5804	0	46	19	0	0	IMAGE
2025_110.pdf	57	595.32	841.92	1	1385x1957	0.5798	0.5798	0	46	19	0	0	IMAGE
2025_110.pdf	58	595.32	841.92	1	1385x1957	0.5798	0.5798	0	46	19	0	0	IMAGE
2025_110.pdf	59	595.32	841.92	1	2338x1653	0.5667	0.5667	0	51	19	0	0	IMAGE
2025_110.pdf	60	595.32	841.92	1	2338x1653	0.5650	0.5650	0	51	19	0	0	IMAGE
2025_110.pdf	61	595.32	841.92	1	1259x1765	0.5748	0.5748	0	46	19	0	0	IMAGE
2025_110.pdf	62	595.32	841.92	1	1259x1831	0.5962	0.5962	0	46	19	0	0	IMAGE
2025_110.pdf	63	595.32	841.92	1	2340x1654	0.5728	0.5728	0	51	19	0	0	IMAGE
2025_110.pdf	64	595.32	841.92	1	1385x1958	0.5798	0.5798	0	46	19	0	0	IMAGE
2025_110.pdf	65	595.32	841.92	1	2026x1395	0.5990	0.5990	0	51	19	0	0	IMAGE
2025_110.pdf	66	595.32	841.92	1	1385x1910	0.5650	0.5650	0	46	19	0	0	IMAGE
2025_110.pdf	67	595.32	841.92	1	1796x1286	0.5976	0.5976	0	51	19	0	0	IMAGE
2025_110.pdf	68	595.32	841.92	1	1989x1443	0.6105	0.6105	0	51	19	0	0	IMAGE
2025_110.pdf	69	595.32	841.92	1	1385x1958	0.5798	0.5798	0	46	19	0	0	IMAGE
2025_110.pdf	70	595.32	841.92	1	1385x1958	0.5798	0.5798	0	46	19	0	0	IMAGE
2025_110.pdf	71	595.32	841.92	1	1386x1958	0.5798	0.5798	0	46	19	0	0	IMAGE
2025_110.pdf	72	595.32	841.92	1	1386x1961	0.5804	0.5804	0	46	19	0	0	IMAGE
2025_110.pdf	73	595.32	841.92	1	1654x2339	0.5798	0.5798	0	46	19	0	0	IMAGE
2025_110.pdf	74	595.32	841.92	1	1654x2339	0.5798	0.5798	0	46	19	0	0	IMAGE
2025_110.pdf	75	595.32	841.92	1	1259x1780	0.5798	0.5798	0	46	19	0	0	IMAGE
2025_110.pdf	76	595.32	841.92	1	1385x1958	0.5798	0.5798	0	46	19	0	0	IMAGE
2025_110.pdf	77	595.32	841.92	1	1384x1957	0.5793	0.5793	0	46	19	0	0	IMAGE
2025_110.pdf	78	595.32	841.92	1	1384x1957	0.5793	0.5793	0	46	19	0	0	IMAGE
2025_110.pdf	79	595.32	841.92	1	1259x1765	0.5748	0.5748	0	46	19	0	0	IMAGE
2025_110.pdf	80	595.32	841.92	1	1386x1933	0.5719	0.5719	0	46	19	0	0	IMAGE
2025_110.pdf	81	595.32	841.92	1	1259x1782	0.5804	0.5804	0	46	19	0	0	IMAGE
2025_110.pdf	82	595.32	841.92	1	1385x1959	0.5804	0.5804	0	46	19	0	0	IMAGE
2025_110.pdf	83	595.32	841.92	1	1653x2338	0.5798	0.5798	0	46	19	0	0	IMAGE
2025_110.pdf	84	595.32	841.92	1	1653x2338	0.5798	0.5798	0	48	20	0	0	IMAGE
2025_109.pdf	3	595.32	841.92	1	1653x2339	0.5804	0.5804	0	32	14	0	0	IMAGE
2025_109.pdf	4	595.32	841.92	1	1653x2339	0.5804	0.5804	0	32	14	0	0	IMAGE
2025_109.pdf	5	595.32	841.92	1	1653x2339	0.5804	0.5804	0	32	14	0	0	IMAGE
2025_109.pdf	6	595.32	841.92	1	1653x2339	0.5804	0.5804	0	32	14	0	0	IMAGE
2025_109.pdf	7	595.32	841.92	1	1653x2339	0.5804	0.5804	0	32	14	0	0	IMAGE
2025_109.pdf	8	595.32	841.92	1	1653x2339	0.5804	0.5804	0	32	14	0	0	IMAGE
2025_109.pdf	9	595.32	841.92	1	1653x2339	0.5804	0.5804	0	32	14	0	0	IMAGE
2025_109.pdf	10	595.32	841.92	1	1653x2339	0.5804	0.5804	0	32	14	0	0	IMAGE
2025_109.pdf	11	595.32	841.92	1	1653x2339	0.5804	0.5804	0	32	14	0	0	IMAGE
2025_109.pdf	12	595.32	841.92	1	1653x2339	0.5804	0.5804	0	32	14	0	0	IMAGE
2025_109.pdf	13	595.32	841.92	1	1653x2339	0.5804	0.5804	0	32	14	0	0	IMAGE
2025_109.pdf	14	595.32	841.92	1	1653x2339	0.5804	0.5804	0	32	14	0	0	IMAGE
2025_109.pdf	15	595.32	841.92	1	1653x2339	0.5804	0.5804	0	32	14	0	0	IMAGE
2025_109.pdf	16	595.32	841.92	1	1653x2339	0.5804	0.5804	0	32	14	0	0	IMAGE
2025_109.pdf	17	595.32	841.92	1	1653x2339	0.5804	0.5804	0	32	14	0	0	IMAGE
2025_109.pdf	18	595.32	841.92	1	1653x2339	0.5804	0.5804	0	32	14	0	0	IMAGE
2025_109.pdf	19	595.32	841.92	1	1386x1958	0.5798	0.5798	0	32	14	0	0	IMAGE
2025_109.pdf	20	595.32	841.92	1	1385x1957	0.5798	0.5798	0	32	14	0	0	IMAGE
2025_109.pdf	21	595.32	841.92	1	1383x978	0.5762	0.5762	0	37	14	0	0	IMAGE
2025_109.pdf	22	595.32	841.92	1	2340x1654	0.6086	0.6086	0	37	14	0	0	IMAGE
2025_109.pdf	23	595.32	841.92	1	1240x1753	0.5798	0.5798	0	32	14	0	0	IMAGE
2025_109.pdf	24	595.32	841.92	1	1385x1958	0.5798	0.5798	0	32	14	0	0	IMAGE
2025_109.pdf	25	595.32	841.92	1	1383x978	0.6043	0.6043	0	37	14	0	0	IMAGE
2025_109.pdf	26	595.32	841.92	1	1383x978	0.6385	0.6385	0	37	14	0	0	IMAGE
2025_109.pdf	27	595.32	841.92	1	1385x1958	0.5798	0.5798	0	32	14	0	0	IMAGE
2025_109.pdf	28	595.32	841.92	1	1386x1958	0.5798	0.5798	0	32	14	0	0	IMAGE
2025_109.pdf	29	595.32	841.92	1	1385x1958	0.5798	0.5798	0	32	14	0	0	IMAGE
2025_109.pdf	30	595.32	841.92	1	1385x1958	0.5798	0.5798	0	32	14	0	0	IMAGE
2025_109.pdf	31	595.32	841.92	1	1384x1957	0.5793	0.5793	0	32	14	0	0	IMAGE
2025_109.pdf	32	595.32	841.92	1	1384x1926	0.5708	0.5708	0	32	14	0	0	IMAGE
2025_109.pdf	33	595.32	841.92	1	1386x1957	0.5787	0.5787	0	32	14	0	0	IMAGE
2025_109.pdf	34	595.32	841.92	1	1653x2338	0.5798	0.5798	0	34	15	0	0	IMAGE
2025_108.pdf	9	595.32	841.92	0				0	94	44	0	0	OTHER
2025_103.pdf	13	841.92	595.32	1	1435x910	0.3382	0.3382	0	36	15	0	0	IMAGE
2025_103.pdf	14	595.32	841.92	1	1259x1781	0.5804	0.5804	0	38	16	0	0	IMAGE
2025_096.pdf	5	595.32	841.92	0				0	132	65	0	0	OTHER
2025_095.pdf	5	595.32	841.92	0				0	114	54	0	0	OTHER
2025_094.pdf	5	595.32	841.92	0				0	114	54	0	0	OTHER
2025_089.pdf	2	595.32	841.92	0				0	48	21	0	0	BLANK
2025_079.pdf	4	595.32	841.92	0				0	92	45	0	0	OTHER
2025_077.pdf	10	595.32	841.92	0				0	64	30	0	0	OTHER
2025_075.pdf	2	595.32	841.92	0				0	106	51	0	0	OTHER
2025_060.pdf	3	595.32	841.92	0				0	76	37	0	0	OTHER
2025_040.pdf	2	595.32	841.92	0				0	58	27	0	0	OTHER
2025_039.pdf	7	595.32	841.92	0				0	92	45	0	0	OTHER
2025_036.pdf	2	595.32	841.92	1	1241x1755	0.6073	0.6073	0	34	15	0	0	IMAGE
2025_036.pdf	3	595.32	841.92	1	1241x1755	0.6013	0.6013	0	34	15	0	0	IMAGE
2025_036.pdf	4	595.32	841.92	1	1241x1755	0.5967	0.5967	0	34	15	0	0	IMAGE
2025_036.pdf	5	595.32	841.92	1	1232x1755	0.6009	0.6009	0	34	15	0	0	IMAGE
2025_036.pdf	6	595.32	841.92	1	1232x1755	0.6001	0.6001	0	34	15	0	0	IMAGE
2025_036.pdf	7	595.32	841.92	1	1241x1755	0.5944	0.5944	0	34	15	0	0	IMAGE
2025_036.pdf	8	595.32	841.92	1	1232x1743	0.6160	0.6160	0	34	15	0	0	IMAGE
2025_036.pdf	9	595.32	841.92	1	1232x1743	0.5962	0.5962	0	34	15	0	0	IMAGE
2025_036.pdf	10	595.32	841.92	1	1232x1743	0.6031	0.6031	0	34	15	0	0	IMAGE
2025_036.pdf	11	595.32	841.92	1	1259x1791	0.5838	0.5838	0	34	15	0	0	IMAGE
2025_036.pdf	12	595.32	841.92	1	1259x1831	0.5968	0.5968	0	34	15	0	0	IMAGE
2025_036.pdf	13	595.32	841.92	1	1653x2339	0.5973	0.5973	0	34	15	0	0	IMAGE
2025_036.pdf	14	595.32	841.92	1	1259x1834	0.5975	0.5975	0	34	15	0	0	IMAGE
2025_036.pdf	15	595.32	841.92	1	1653x2339	0.5965	0.5965	0	34	15	0	0	IMAGE
2025_036.pdf	16	595.32	841.92	1	1653x2339	0.5882	0.5882	0	34	15	0	0	IMAGE
2025_036.pdf	17	595.32	841.92	1	1653x2339	0.5950	0.5950	0	34	15	0	0	IMAGE
2025_036.pdf	18	595.32	841.92	1	1259x1827	0.5953	0.5953	0	34	15	0	0	IMAGE
2025_036.pdf	19	595.32	841.92	1	1259x1831	0.5968	0.5968	0	34	15	0	0	IMAGE
2025_036.pdf	20	595.32	841.92	1	1259x1787	0.5823	0.5823	0	34	15	0	0	IMAGE
2025_036.pdf	21	595.32	841.92	1	1259x1791	0.5838	0.5838	0	34	15	0	0	IMAGE
2025_036.pdf	22	595.32	841.92	1	1259x1824	0.5945	0.5945	0	34	15	0	0	IMAGE
2025_036.pdf	23	595.32	841.92	1	1259x1794	0.5846	0.5846	0	34	15	0	0	IMAGE
2025_036.pdf	24	595.32	841.92	1	1259x1813	0.5907	0.5907	0	34	15	0	0	IMAGE
2025_036.pdf	25	595.32	841.92	1	1259x1829	0.5960	0.5960	0	34	15	0	0	IMAGE
2025_036.pdf	26	595.32	841.92	1	1653x2339	0.5950	0.5950	0	34	15	0	0	IMAGE
2025_034.pdf	26	595.32	841.92	0				0	94	45	0	0	OTHER
2025_028.pdf	3	595.32	841.92	0				0	94	45	0	0	OTHER
2025_023.pdf	2	595.32	841.92	1	1259x825	0.2688	0.2688	0	68	31	0	0	IMAGE
2025_019.pdf	2	595.32	841.92	0				0	148	72	0	0	OTHER
2025_009.pdf	2	595.32	841.92	0				0	104	51	0	0	OTHER
2025_001.pdf	2	595.32	841.92	0				0	92	44	0	0	OTHER
2024_155.pdf	8	595.32	841.92	0				0	72	34	0	0	OTHER
2024_154.pdf	2	595.32	841.92	1	1651x2335	0.5803	0.5803	0	84	39	0	0	IMAGE
2024_154.pdf	3	595.32	841.92	1	1651x2335	0.5803	0.5803	0	84	39	0	0	IMAGE
2024_154.pdf	4	595.32	841.92	1	1651x2335	0.5803	0.5803	0	84	39	0	0	IMAGE
2024_154.pdf	5	595.32	841.92	1	1651x2335	0.5803	0.5803	0	84	39	0	0	IMAGE
2024_154.pdf	6	595.32	841.92	1	1651x2335	0.5803	0.5803	0	84	39	0	0	IMAGE
2024_154.pdf	7	595.32	841.92	1	1651x2335	0.5803	0.5803	0	84	39	0	0	IMAGE
2024_154.pdf	8	595.32	841.92	1	1651x2335	0.5803	0.5803	0	80	37	0	0	IMAGE
2024_151.pdf	2	595.08	841.68	0				0	48	22	0	0	BLANK
2024_150.pdf	4	595.32	841.92	0				0	120	57	0	0	OTHER
2024_145.pdf	2	595.32	841.92	0				0	164	80	0	0	OTHER
2024_133.pdf	3	595.32	841.92	0				0	154	29	0	0	OTHER
2024_125.pdf	2	595.32	841.92	0				0	0	34	0	0	BLANK
2024_118.pdf	7	595.32	841.92	0				0	0	34	0	0	BLANK
2024_117.pdf	2	595.32	841.92	0				0	0	49	0	0	BLANK
2024_103.pdf	2	595.32	841.92	1	1654x2339	0.5792	0.5792	0	32	14	0	0	IMAGE
2024_103.pdf	3	595.32	841.92	1	1654x2339	0.5792	0.5792	0	32	14	0	0	IMAGE
2024_103.pdf	4	595.32	841.92	1	1654x2339	0.5792	0.5792	0	32	14	0	0	IMAGE
2024_103.pdf	5	595.32	841.92	1	1654x2339	0.5792	0.5792	0	32	14	0	0	IMAGE
2024_103.pdf	6	595.32	841.92	1	1654x2339	0.5792	0.5792	0	32	14	0	0	IMAGE
2024_103.pdf	7	595.32	841.92	1	1654x2339	0.5792	0.5792	0	32	14	0	0	IMAGE
2024_103.pdf	8	595.32	841.92	1	1654x2339	0.5792	0.5792	0	32	14	0	0	IMAGE
2024_103.pdf	9	595.32	841.92	1	1654x2339	0.5792	0.5792	0	32	14	0	0	IMAGE
2024_103.pdf	10	595.32	841.92	1	1654x2339	0.5792	0.5792	0	32	14	0	0	IMAGE
2024_103.pdf	11	595.32	841.92	1	1654x2339	0.5792	0.5792	0	32	14	0	0	IMAGE
2024_103.pdf	12	595.32	841.92	1	1654x2339	0.5792	0.5792	0	32	14	0	0	IMAGE
2024_103.pdf	13	595.32	841.92	1	1654x2339	0.5792	0.5792	0	32	14	0	0	IMAGE
2024_103.pdf	14	595.32	841.92	1	1654x2339	0.5792	0.5792	0	32	14	0	0	IMAGE
2024_103.pdf	15	595.32	841.92	1	1383x978	0.2893	0.2893	0	32	14	0	0	IMAGE
2024_103.pdf	16	595.32	841.92	1	1654x2339	0.5792	0.5792	0	32	14	0	0	IMAGE
2024_103.pdf	17	595.32	841.92	1	1654x2339	0.5792	0.5792	0	32	14	0	0	IMAGE
2024_103.pdf	18	595.32	841.92	1	1654x2339	0.5792	0.5792	0	32	14	0	0	IMAGE
2024_103.pdf	19	595.32	841.92	1	1654x2339	0.5792	0.5792	0	32	14	0	0	IMAGE
2024_103.pdf	20	595.32	841.92	1	1654x2339	0.5792	0.5792	0	32	14	0	0	IMAGE
2024_103.pdf	21	595.32	841.92	1	1654x2339	0.5792	0.5792	0	32	14	0	0	IMAGE
2024_103.pdf	22	595.32	841.92	1	1654x2339	0.5792	0.5792	0	32	14	0	0	IMAGE
2024_103.pdf	23	595.32	841.92	1	1654x2339	0.5792	0.5792	0	32	14	0	0	IMAGE
2024_103.pdf	24	595.32	841.92	1	1654x2339	0.5792	0.5792	0	32	14	0	0	IMAGE
2024_103.pdf	25	595.32	841.92	1	1654x2339	0.5792	0.5792	0	32	14	0	0	IMAGE
2024_103.pdf	26	595.32	841.92	1	1383x978	0.2893	0.2893	0	32	14	0	0	IMAGE
2024_103.pdf	27	595.32	841.92	1	1654x2339	0.5792	0.5792	0	32	14	0	0	IMAGE
2024_103.pdf	28	595.32	841.92	1	1654x2339	0.5792	0.5792	0	32	14	0	0	IMAGE
2024_103.pdf	29	595.32	841.92	1	1654x2339	0.5792	0.5792	0	32	14	0	0	IMAGE
2024_103.pdf	30	595.32	841.92	1	1654x2339	0.5792	0.5792	0	32	14	0	0	IMAGE
2024_103.pdf	31	595.32	841.92	1	1654x2339	0.5792	0.5792	0	32	14	0	0	IMAGE
2024_103.pdf	32	595.32	841.92	1	1654x2339	0.5792	0.5792	0	32	14	0	0	IMAGE
2024_103.pdf	33	595.32	841.92	1	1654x2339	0.5792	0.5792	0	32	14	0	0	IMAGE
2024_103.pdf	34	595.32	841.92	1	1654x2339	0.5792	0.5792	0	32	14	0	0	IMAGE
2024_103.pdf	35	595.32	841.92	1	1654x2339	0.5792	0.5792	0	32	14	0	0	IMAGE
2024_103.pdf	36	595.32	841.92	1	1383x978	0.2893	0.2893	0	34	15	0	0	IMAGE
2024_101.pdf	2	595.32	841.92	1	1654x2339	0.5791	0.5791	0	36	15	0	0	IMAGE
2024_101.pdf	3	595.32	841.92	1	1654x2339	0.5791	0.5791	0	36	15	0	0	IMAGE
2024_101.pdf	4	595.32	841.92	1	1654x2339	0.5791	0.5791	0	36	15	0	0	IMAGE
2024_101.pdf	5	595.32	841.92	1	1654x2339	0.5791	0.5791	0	36	15	0	0	IMAGE
2024_101.pdf	6	595.32	841.92	1	1384x1957	0.5791	0.5791	0	38	16	0	0	IMAGE
2024_097.pdf	2	595.32	841.92	1	1540x769	0.2048	0.2048	0	160	78	0	1	OTHER
2024_095.pdf	2	595.32	841.92	0				0	92	45	0	0	OTHER
2024_087.pdf	2	595.32	841.92	0				0	104	51	0	0	OTHER
2024_076.pdf	2	595.32	841.92	1	1384x1957	0.5805	0.5805	0	42	18	0	0	IMAGE
2024_076.pdf	3	595.32	841.92	1	1654x2339	0.5805	0.5805	0	42	18	0	0	IMAGE
2024_076.pdf	4	595.32	841.92	1	1654x2339	0.5805	0.5805	0	42	18	0	0	IMAGE
2024_076.pdf	5	595.32	841.92	1	1654x2339	0.5805	0.5805	0	42	18	0	0	IMAGE
2024_076.pdf	6	595.32	841.92	1	1384x1957	0.5805	0.5805	0	42	18	0	0	IMAGE
2024_076.pdf	7	595.32	841.92	1	1384x1957	0.5805	0.5805	0	42	18	0	0	IMAGE
2024_076.pdf	8	595.32	841.92	1	1384x1957	0.5805	0.5805	0	38	16	0	0	IMAGE
2024_074.pdf	3	595.32	841.92	0				0	64	31	0	0	OTHER
2024_059.pdf	4	595.32	841.92	0				0	150	72	0	0	OTHER
2024_055.pdf	15	595.32	841.92	0				0	66	32	0	0	OTHER
2024_054.pdf	17	595.32	841.92	0				0	70	33	0	0	OTHER
2024_043.pdf	2	595.32	841.92	1	674x856	0.4295	0.4295	0	44	20	0	0	IMAGE
2024_043.pdf	3	595.32	841.92	1	955x994	0.4272	0.4272	0	72	34	0	0	IMAGE
2024_039.pdf	2	595.32	841.92	1	674x856	0.4295	0.4295	0	62	29	0	0	IMAGE
2024_039.pdf	3	595.32	841.92	1	955x994	0.4272	0.4272	0	108	52	0	0	IMAGE
2024_017.pdf	41	595.32	841.92	0				0	68	32	0	0	OTHER
2024_016.pdf	2	595.32	841.92	0				0	54	25	0	0	OTHER
2023_129.pdf	2	595.32	841.92	0				0	56	26	0	0	OTHER
2023_116.pdf	4	595.32	841.92	0				0	70	33	0	0	OTHER
2023_109.pdf	2	595.32	841.92	1	1259x1654	0.6203	0.6203	0	42	18	0	1	IMAGE
2023_109.pdf	3	595.32	841.92	1	1259x1654	0.6162	0.6162	0	42	18	0	1	IMAGE
2023_109.pdf	4	595.32	841.92	1	1259x1654	0.6183	0.6183	0	42	18	0	1	IMAGE
2023_109.pdf	5	595.32	841.92	1	1259x1654	0.6169	0.6169	0	42	18	0	1	IMAGE
2023_109.pdf	6	595.32	841.92	1	1259x1654	0.6183	0.6183	0	42	18	0	1	IMAGE
2023_109.pdf	7	595.32	841.92	1	1259x1654	0.6142	0.6142	0	42	18	0	1	IMAGE
2023_109.pdf	8	595.32	841.92	1	1259x1654	0.6400	0.6400	0	38	16	0	1	IMAGE
2023_106.pdf	8	595.32	841.92	1	1654x2339	0.6892	0.6892	0	38	16	0	0	IMAGE
2023_106.pdf	9	595.32	841.92	1	1654x2339	0.6624	0.6624	0	42	18	0	0	IMAGE
2023_106.pdf	10	595.32	841.92	1	1654x2339	0.6541	0.6541	0	42	18	0	0	IMAGE
2023_106.pdf	11	595.32	841.92	1	1654x2339	0.6571	0.6571	0	42	18	0	0	IMAGE
2023_106.pdf	12	595.32	841.92	1	1654x2339	0.6556	0.6556	0	42	18	0	0	IMAGE
2023_106.pdf	13	595.32	841.92	1	1654x2339	0.6832	0.6832	0	38	16	0	0	IMAGE
2023_103.pdf	5	595.32	841.92	0				0	64	30	0	0	OTHER
2023_101.pdf	2	595.32	841.92	0				0	68	32	0	0	OTHER
2023_098.pdf	3	595.32	841.92	0				0	68	32	0	0	OTHER
2023_095.pdf	3	595.32	841.92	1	595x842	0.5624	0.5624	0	34	15	0	1	IMAGE
2023_094.pdf	2	595.32	841.92	0				0	58	27	0	0	OTHER
2023_070.pdf	3	595.32	841.92	0				0	54	25	0	0	OTHER
2023_065.pdf	7	595.32	841.92	1	1656x2339	0.5802	0.5802	0	42	18	0	1	IMAGE
2023_065.pdf	8	595.32	841.92	1	1656x2339	0.6806	0.6806	0	42	18	0	1	IMAGE
2023_065.pdf	9	595.32	841.92	1	1656x2339	0.5802	0.5802	0	46	20	0	1	IMAGE
2023_065.pdf	10	595.32	841.92	1	1656x2339	0.5802	0.5802	0	46	20	0	1	IMAGE
2023_065.pdf	11	595.32	841.92	1	1656x2339	0.5802	0.5802	0	46	20	0	1	IMAGE
2023_065.pdf	12	595.32	841.92	1	1656x2339	0.5802	0.5802	0	42	18	0	1	IMAGE
2023_064.pdf	4	595.32	841.92	0				0	60	28	0	0	OTHER
2023_049.pdf	2	595.32	841.92	0				0	54	25	0	0	OTHER
2023_047.pdf	2	595.32	841.92	0				0	58	27	0	0	OTHER
2023_042.pdf	2	595.32	841.92	1	1259x2480	0.6210	0.6210	0	48	21	0	1	IMAGE
2023_042.pdf	3	595.32	841.92	1	1259x2480	0.6169	0.6169	0	48	21	0	1	IMAGE
2023_042.pdf	4	595.32	841.92	1	1259x2480	0.6142	0.6142	0	48	21	0	1	IMAGE
2023_042.pdf	5	595.32	841.92	1	1259x2480	0.6230	0.6230	0	48	21	0	1	IMAGE
2023_042.pdf	6	595.32	841.92	1	1259x2480	0.6203	0.6203	0	48	21	0	1	IMAGE
2023_042.pdf	7	595.32	841.92	1	1259x1654	0.6088	0.6088	0	48	21	0	1	IMAGE
2023_042.pdf	8	595.32	841.92	1	1259x2480	0.6346	0.6346	0	44	19	0	1	IMAGE
2023_037.pdf	3	595.32	841.92	1	984x1426	0.5949	0.5949	0	51	22	0	0	IMAGE
2023_026.pdf	2	595.32	841.92	0				0	60	28	0	0	OTHER
2023_022.pdf	2	595.32	841.92	1	1259x1654	0.6169	0.6169	0	46	20	0	1	IMAGE
2023_022.pdf	3	595.32	841.92	1	1259x1654	0.6135	0.6135	0	46	20	0	1	IMAGE
2023_022.pdf	4	595.32	841.92	1	1259x1654	0.6155	0.6155	0	46	20	0	1	IMAGE
2023_022.pdf	5	595.32	841.92	1	1259x1654	0.6155	0.6155	0	46	20	0	1	IMAGE
2023_022.pdf	6	595.32	841.92	1	1259x1654	0.6149	0.6149	0	46	20	0	1	IMAGE
2023_022.pdf	7	595.32	841.92	1	1259x1654	0.6142	0.6142	0	46	20	0	1	IMAGE
2023_022.pdf	8	595.32	841.92	1	1259x1654	0.6176	0.6176	0	46	20	0	1	IMAGE
2023_022.pdf	9	595.32	841.92	1	1259x1654	0.6217	0.6217	0	46	20	0	1	IMAGE
2023_022.pdf	10	595.32	841.92	1	1259x1654	0.6183	0.6183	0	46	20	0	1	IMAGE
2023_022.pdf	11	595.32	841.92	1	1259x1654	0.6168	0.6168	0	46	20	0	1	IMAGE
2023_022.pdf	12	595.32	841.92	1	1259x1654	0.6162	0.6162	0	46	20	0	1	IMAGE
2023_022.pdf	13	595.32	841.92	1	1259x1654	0.6461	0.6461	0	42	18	0	1	IMAGE
2023_016.pdf	2	595.32	841.92	0				0	66	31	0	0	OTHER
2022_162.pdf	2	595.32	841.92	0				0	50	24	0	0	OTHER
2022_162.pdf	3	841.92	595.32	1	1309x897	0.5398	0.5398	0	38	17	0	0	IMAGE
2022_153.pdf	2	595.32	841.92	0				0	50	23	0	0	OTHER
2022_152.pdf	7	595.32	841.92	0				0	62	29	0	0	OTHER
2022_148.pdf	2	595.32	841.92	0				0	54	25	0	0	OTHER
2022_147.pdf	2	595.32	841.92	1	783x1182	0.6102	0.6102	0	46	19	0	0	IMAGE
2022_147.pdf	3	595.32	841.92	0				0	58	27	0	0	OTHER
2022_146.pdf	4	595.32	841.92	1	1259x1680	0.5475	0.5475	0	44	19	0	0	IMAGE
2022_146.pdf	5	595.32	841.92	1	1263x1618	0.5286	0.5286	0	38	16	0	0	IMAGE
2022_145.pdf	3	595.32	841.92	0				0	64	30	0	0	OTHER
2022_145.pdf	4	595.32	841.92	1	1387x2062	0.6104	0.6104	0	38	16	0	0	IMAGE
2022_145.pdf	5	595.32	841.92	1	1386x857	0.2538	0.2538	0	40	17	0	0	IMAGE
2022_141.pdf	5	595.32	841.92	0				0	62	29	0	0	OTHER
2022_134.pdf	4	595.32	841.92	0				0	54	26	0	0	OTHER
2022_133.pdf	2	595.32	841.92	1	1656x2339	0.5802	0.5802	0	38	17	0	1	IMAGE
2022_133.pdf	3	595.32	841.92	1	1656x2339	0.5802	0.5802	0	38	17	0	1	IMAGE
2022_133.pdf	4	595.32	841.92	1	1656x2339	0.5802	0.5802	0	38	17	0	1	IMAGE
2022_133.pdf	5	595.32	841.92	1	1656x2339	0.5802	0.5802	0	38	17	0	1	IMAGE
2022_133.pdf	6	595.32	841.92	1	1656x2339	0.5802	0.5802	0	38	17	0	1	IMAGE
2022_133.pdf	7	595.32	841.92	1	595x842	0.5624	0.5624	0	34	15	0	1	IMAGE
2022_132.pdf	3	595.32	841.92	0				0	54	25	0	0	OTHER
2022_131.pdf	8	595.32	841.92	0				0	54	25	0	0	OTHER
2022_117.pdf	3	595.32	841.92	0				0	52	24	0	0	OTHER
2022_114.pdf	2	595.32	841.92	1	1259x1654	0.6183	0.6183	0	42	18	0	1	IMAGE
2022_114.pdf	3	595.32	841.92	1	1259x1654	0.6169	0.6169	0	42	18	0	1	IMAGE
2022_114.pdf	4	595.32	841.92	1	1259x1654	0.6176	0.6176	0	42	18	0	1	IMAGE
2022_114.pdf	5	595.32	841.92	1	1259x1654	0.6196	0.6196	0	42	18	0	1	IMAGE
2022_114.pdf	6	595.32	841.92	1	1259x1654	0.6427	0.6427	0	38	16	0	1	IMAGE
2022_113.pdf	6	595.32	841.92	0				0	50	23	0	0	OTHER
2022_109.pdf	2	595.32	841.92	0				0	58	27	0	0	OTHER
2022_108.pdf	2	595.32	841.92	0				0	64	30	0	0	OTHER
2022_107.pdf	3	595.32	841.92	0				0	62	30	0	0	OTHER
2022_104.pdf	7	595.32	841.92	1	920x711	0.3581	0.3581	0	42	18	0	0	IMAGE
2022_104.pdf	8	595.32	841.92	1	936x1359	0.5848	0.5848	0	40	17	0	0	IMAGE
2022_104.pdf	9	595.32	841.92	1	935x1335	0.5739	0.5739	0	40	17	0	0	IMAGE
2022_104.pdf	10	595.32	841.92	1	970x1336	0.5958	0.5958	0	38	16	0	0	IMAGE
2022_104.pdf	11	595.32	841.92	1	954x1269	0.5566	0.5566	0	38	16	0	0	IMAGE
2022_104.pdf	12	595.32	841.92	1	935x1296	0.5572	0.5572	0	38	16	0	0	IMAGE
2022_104.pdf	13	595.32	841.92	1	919x430	0.1817	0.1817	0	42	18	0	0	OTHER
2022_104.pdf	14	595.32	841.92	1	1417x2071	0.5975	0.5975	0	44	19	0	1	IMAGE
2022_104.pdf	15	595.32	841.92	1	1388x2130	0.6301	0.6301	0	38	16	0	1	IMAGE
2022_104.pdf	16	595.32	841.92	1	1373x2127	0.6333	0.6333	0	36	15	0	1	IMAGE
2022_104.pdf	17	595.32	841.92	1	1402x2077	0.6065	0.6065	0	36	15	0	1	IMAGE
2022_104.pdf	18	595.32	841.92	1	1423x2221	0.6400	0.6400	0	38	16	0	1	IMAGE
2022_104.pdf	20	595.32	841.92	1	1499x2274	0.6220	0.6220	0	40	17	0	1	IMAGE
2022_104.pdf	21	595.32	841.92	1	1259x2139	0.6652	0.6652	0	38	16	0	1	IMAGE
2022_104.pdf	22	595.32	841.92	1	1260x2002	0.6434	0.6434	0	38	16	0	1	IMAGE
2022_104.pdf	23	595.32	841.92	1	1258x2121	0.6378	0.6378	0	38	16	0	1	IMAGE
2022_104.pdf	24	595.32	841.92	1	1259x2037	0.6307	0.6307	0	38	16	0	1	IMAGE
2022_104.pdf	25	595.32	841.92	1	1259x2002	0.6591	0.6591	0	38	16	0	1	IMAGE
2022_104.pdf	27	595.32	841.92	1	1258x2222	0.6611	0.6611	0	38	16	0	1	IMAGE
2022_104.pdf	28	595.32	841.92	1	1258x1963	0.6422	0.6422	0	38	16	0	1	IMAGE
2022_104.pdf	29	595.32	841.92	1	1259x2227	0.6555	0.6555	0	38	16	0	1	IMAGE
2022_104.pdf	30	595.32	841.92	1	1258x2165	0.6688	0.6688	0	38	16	0	1	IMAGE
2022_104.pdf	31	595.32	841.92	1	1258x2055	0.6465	0.6465	0	38	16	0	1	IMAGE
2022_092.pdf	13	841.92	595.32	1	1264x734	0.4972	0.4972	0	2	21	0	0	IMAGE
2022_084.pdf	3	595.32	841.92	1	1189x836	0.2886	0.2886	0	38	17	0	0	IMAGE
2022_075.pdf	3	595.32	841.92	0				0	58	27	0	0	OTHER
2022_074.pdf	2	595.32	841.92	0				0	54	25	0	0	OTHER
2022_052.pdf	2	595.32	841.92	0				0	0	24	0	0	BLANK
2022_046.pdf	2	595.32	841.92	0				0	72	35	0	0	OTHER
2022_045.pdf	2	595.32	841.92	1	1656x2339	0.6224	0.6224	0	42	18	0	1	IMAGE
2022_045.pdf	3	595.32	841.92	1	1656x2339	0.6094	0.6094	0	42	18	0	1	IMAGE
2022_045.pdf	4	595.32	841.92	1	1656x2339	0.6189	0.6189	0	42	18	0	1	IMAGE
2022_045.pdf	5	595.32	841.92	1	1656x2339	0.6203	0.6203	0	42	18	0	1	IMAGE
2022_045.pdf	6	595.32	841.92	1	1656x2339	0.6162	0.6162	0	42	18	0	1	IMAGE
2022_045.pdf	7	595.32	841.92	1	1656x2339	0.6216	0.6216	0	42	18	0	1	IMAGE
2022_045.pdf	8	595.32	841.92	1	1656x2339	0.6203	0.6203	0	42	18	0	1	IMAGE
2022_045.pdf	9	595.32	841.92	1	1656x2339	0.6223	0.6223	0	42	18	0	1	IMAGE
2022_045.pdf	10	595.32	841.92	1	1656x2339	0.6169	0.6169	0	42	18	0	1	IMAGE
2022_045.pdf	11	595.32	841.92	1	1656x2339	0.6203	0.6203	0	42	18	0	1	IMAGE
2022_045.pdf	12	595.32	841.92	1	1656x2339	0.6223	0.6223	0	42	18	0	1	IMAGE
2022_045.pdf	13	595.32	841.92	1	1656x2339	0.6182	0.6182	0	42	18	0	1	IMAGE
2022_045.pdf	14	595.32	841.92	1	1656x2339	0.6379	0.6379	0	38	16	0	1	IMAGE
2022_040.pdf	2	595.32	841.92	1	1259x1654	0.6189	0.6189	0	38	17	0	1	IMAGE
2022_040.pdf	3	595.32	841.92	1	1259x1654	0.6128	0.6128	0	38	17	0	1	IMAGE
2022_040.pdf	4	595.32	841.92	1	1259x1654	0.6156	0.6156	0	38	17	0	1	IMAGE
2022_040.pdf	5	595.32	841.92	1	1259x1654	0.6210	0.6210	0	38	17	0	1	IMAGE
2022_040.pdf	6	595.32	841.92	1	1259x1654	0.6203	0.6203	0	38	17	0	1	IMAGE
2022_040.pdf	7	595.32	841.92	1	1259x1654	0.6190	0.6190	0	38	17	0	1	IMAGE
2022_040.pdf	8	595.32	841.92	1	1259x1654	0.6176	0.6176	0	38	17	0	1	IMAGE
2022_040.pdf	9	595.32	841.92	1	1259x1654	0.6196	0.6196	0	38	17	0	1	IMAGE
2022_040.pdf	10	595.32	841.92	1	1259x1654	0.6203	0.6203	0	38	17	0	1	IMAGE
2022_040.pdf	11	595.32	841.92	1	1259x1654	0.6190	0.6190	0	38	17	0	1	IMAGE
2022_040.pdf	12	595.32	841.92	1	1259x1654	0.6210	0.6210	0	40	18	0	1	IMAGE
2022_040.pdf	13	595.32	841.92	1	1259x1654	0.6135	0.6135	0	38	17	0	1	IMAGE
2022_040.pdf	14	595.32	841.92	1	1259x1654	0.6183	0.6183	0	38	17	0	1	IMAGE
2022_040.pdf	15	595.32	841.92	1	1259x1654	0.6298	0.6298	0	34	15	0	1	IMAGE
2022_025.pdf	2	595.32	841.92	0				0	54	25	0	0	OTHER
2022_018.pdf	2	595.32	841.92	0				0	0	25	0	0	BLANK
2022_016.pdf	2	595.32	841.92	0				0	0	22	0	0	BLANK
2022_004.pdf	3	595.32	841.92	0				0	0	24	0	0	BLANK
2021_153.pdf	2	595.32	841.92	1	1259x1654	0.6142	0.6142	0	38	17	0	1	IMAGE
2021_153.pdf	3	595.32	841.92	1	1259x1654	0.6095	0.6095	0	38	17	0	1	IMAGE
2021_153.pdf	4	595.32	841.92	1	1259x1654	0.6162	0.6162	0	38	17	0	1	IMAGE
2021_153.pdf	5	595.32	841.92	1	1259x1654	0.6224	0.6224	0	38	17	0	1	IMAGE
2021_153.pdf	6	595.32	841.92	1	595x842	0.5625	0.5625	0	34	15	0	1	IMAGE
2021_152.pdf	2	595.32	841.92	0				0	54	25	0	0	OTHER
2021_143.pdf	16	595.32	841.92	0				0	60	28	0	0	OTHER
2021_142.pdf	16	595.32	841.92	0				0	60	28	0	0	OTHER
2021_141.pdf	3	595.32	841.92	0				0	50	23	0	0	OTHER
2021_138.pdf	3	595.32	841.92	0				0	50	23	0	0	OTHER
2021_134.pdf	2	595.32	841.92	1	1259x1654	0.6176	0.6176	0	44	19	0	1	IMAGE
2021_134.pdf	3	595.32	841.92	1	1259x1654	0.6040	0.6040	0	44	19	0	1	IMAGE
2021_134.pdf	4	595.32	841.92	1	1259x1654	0.5891	0.5891	0	44	19	0	1	IMAGE
2021_134.pdf	5	595.32	841.92	1	1259x1654	0.5938	0.5938	0	44	19	0	1	IMAGE
2021_134.pdf	6	595.32	841.92	1	1259x1654	0.5510	0.5510	0	44	19	0	1	IMAGE
2021_134.pdf	7	595.32	841.92	1	1259x1654	0.6209	0.6209	0	44	19	0	1	IMAGE
2021_134.pdf	8	595.32	841.92	1	1259x1654	0.5924	0.5924	0	44	19	0	1	IMAGE
2021_134.pdf	9	595.32	841.92	1	1259x1654	0.6203	0.6203	0	44	19	0	1	IMAGE
2021_134.pdf	10	595.32	841.92	1	1259x1654	0.5979	0.5979	0	44	19	0	1	IMAGE
2021_134.pdf	11	595.32	841.92	1	1259x1654	0.6127	0.6127	0	44	19	0	1	IMAGE
2021_134.pdf	12	595.32	841.92	1	600x443	0.2983	0.2983	0	42	18	0	0	IMAGE
2021_133.pdf	5	595.32	841.92	1	595x842	0.5623	0.5623	0	40	17	0	1	IMAGE
2021_132.pdf	6	595.32	841.92	0				0	78	37	0	0	OTHER
2021_128.pdf	3	595.32	841.92	0				0	56	26	0	0	OTHER
2021_125.pdf	3	595.32	841.92	1	1135x979	0.3541	0.3541	0	42	18	0	0	IMAGE
2021_110.pdf	4	595.32	841.92	0				0	60	28	0	0	OTHER
2021_096.pdf	2	595.32	841.92	0				0	70	33	0	0	OTHER
2021_085.pdf	3	595.32	841.92	0				0	56	26	0	0	OTHER
2021_082.pdf	10	595.32	841.92	0				0	58	27	0	0	OTHER
2021_067.pdf	2	595.32	841.92	0				0	58	27	0	0	OTHER
2021_058.pdf	4	595.32	841.92	0				0	60	28	0	0	OTHER
2021_048.pdf	2	595.32	841.92	1	1656x2339	0.5802	0.5802	0	38	17	0	1	IMAGE
2021_048.pdf	3	595.32	841.92	1	1656x2339	0.5802	0.5802	0	38	17	0	1	IMAGE
2021_048.pdf	4	595.32	841.92	1	1656x2339	0.5802	0.5802	0	38	17	0	1	IMAGE
2021_048.pdf	5	595.32	841.92	1	1656x2339	0.5802	0.5802	0	38	17	0	1	IMAGE
2021_048.pdf	6	595.32	841.92	1	1656x2339	0.5802	0.5802	0	38	17	0	1	IMAGE
2021_048.pdf	7	595.32	841.92	1	1656x2339	0.5802	0.5802	0	38	17	0	1	IMAGE
2021_048.pdf	8	595.32	841.92	1	1656x2339	0.5802	0.5802	0	38	17	0	1	IMAGE
2021_048.pdf	9	595.32	841.92	1	1656x2339	0.5802	0.5802	0	38	17	0	1	IMAGE
2021_048.pdf	10	595.32	841.92	1	1656x2339	0.5802	0.5802	0	38	17	0	1	IMAGE
2021_048.pdf	11	595.32	841.92	1	1656x2339	0.5802	0.5802	0	38	17	0	1	IMAGE
2021_048.pdf	12	595.32	841.92	1	1656x2339	0.5802	0.5802	0	38	17	0	1	IMAGE
2021_048.pdf	13	595.32	841.92	1	1656x2339	0.5802	0.5802	0	38	17	0	1	IMAGE
2021_048.pdf	14	595.32	841.92	1	1656x2339	0.5802	0.5802	0	38	17	0	1	IMAGE
2021_048.pdf	15	595.32	841.92	1	1656x2339	0.5802	0.5802	0	38	17	0	1	IMAGE
2021_048.pdf	16	595.32	841.92	1	1656x2339	0.5802	0.5802	0	38	17	0	1	IMAGE
2021_048.pdf	17	595.32	841.92	1	1656x2339	0.5802	0.5802	0	38	17	0	1	IMAGE
2021_048.pdf	18	595.32	841.92	1	1656x2339	0.5802	0.5802	0	38	17	0	1	IMAGE
2021_048.pdf	19	595.32	841.92	1	1656x2339	0.5802	0.5802	0	40	18	0	1	IMAGE
2021_048.pdf	20	595.32	841.92	1	1656x2339	0.5802	0.5802	0	38	17	0	1	IMAGE
2021_048.pdf	21	595.32	841.92	1	1656x2339	0.5802	0.5802	0	38	17	0	1	IMAGE
2021_048.pdf	22	595.32	841.92	1	1656x2339	0.5802	0.5802	0	38	17	0	1	IMAGE
2021_048.pdf	23	595.32	841.92	1	1656x2339	0.5802	0.5802	0	38	17	0	1	IMAGE
2021_048.pdf	24	595.32	841.92	1	1656x2339	0.5802	0.5802	0	38	17	0	1	IMAGE
2021_048.pdf	25	595.32	841.92	1	1656x2339	0.5802	0.5802	0	38	17	0	1	IMAGE
2021_048.pdf	26	595.32	841.92	1	1656x2339	0.5802	0.5802	0	38	17	0	1	IMAGE
2021_048.pdf	27	595.32	841.92	1	1656x2339	0.5802	0.5802	0	38	17	0	1	IMAGE
2021_048.pdf	28	595.32	841.92	1	1656x2339	0.5802	0.5802	0	38	17	0	1	IMAGE
2021_048.pdf	29	595.32	841.92	1	1656x2339	0.5802	0.5802	0	38	17	0	1	IMAGE
2021_048.pdf	30	595.32	841.92	1	1656x2339	0.5802	0.5802	0	38	17	0	1	IMAGE
2021_048.pdf	31	595.32	841.92	1	1656x2339	0.5802	0.5802	0	38	17	0	1	IMAGE
2021_048.pdf	32	595.32	841.92	1	1656x2339	0.5802	0.5802	0	38	17	0	1	IMAGE
2021_048.pdf	33	595.32	841.92	1	1656x2339	0.5802	0.5802	0	38	17	0	1	IMAGE
2021_048.pdf	34	595.32	841.92	1	1656x2339	0.5802	0.5802	0	38	17	0	1	IMAGE
2021_048.pdf	35	595.32	841.92	1	1656x2339	0.5802	0.5802	0	38	17	0	1	IMAGE
2021_048.pdf	36	595.32	841.92	1	1656x2339	0.5802	0.5802	0	38	17	0	1	IMAGE
2021_048.pdf	37	595.32	841.92	1	1656x2339	0.5802	0.5802	0	38	17	0	1	IMAGE
2021_048.pdf	38	595.32	841.92	1	1656x2339	0.5802	0.5802	0	38	17	0	1	IMAGE
2021_048.pdf	39	595.32	841.92	1	1656x2339	0.5802	0.5802	0	38	17	0	1	IMAGE
2021_048.pdf	40	595.32	841.92	1	1656x2339	0.5802	0.5802	0	38	17	0	1	IMAGE
2021_048.pdf	41	595.32	841.92	1	1656x2339	0.5802	0.5802	0	38	17	0	1	IMAGE
2021_048.pdf	42	595.32	841.92	1	1656x2339	0.5802	0.5802	0	38	17	0	1	IMAGE
2021_048.pdf	43	595.32	841.92	1	1656x2339	0.5802	0.5802	0	38	17	0	1	IMAGE
2021_048.pdf	44	595.32	841.92	1	1656x2339	0.5802	0.5802	0	38	17	0	1	IMAGE
2021_048.pdf	45	595.32	841.92	1	1656x2339	0.5802	0.5802	0	38	17	0	1	IMAGE
2021_048.pdf	46	595.32	841.92	1	1656x2339	0.5802	0.5802	0	38	17	0	1	IMAGE
2021_048.pdf	47	595.32	841.92	1	1656x2339	0.5802	0.5802	0	38	17	0	1	IMAGE
2021_048.pdf	48	595.32	841.92	1	1656x2339	0.5802	0.5802	0	38	17	0	1	IMAGE
2021_048.pdf	49	595.32	841.92	1	1656x2339	0.5802	0.5802	0	38	17	0	1	IMAGE
2021_048.pdf	50	595.32	841.92	1	1656x2339	0.5802	0.5802	0	38	17	0	1	IMAGE
2021_048.pdf	51	595.32	841.92	1	1656x2339	0.5802	0.5802	0	38	17	0	1	IMAGE
2021_048.pdf	52	595.32	841.92	1	1656x2339	0.5802	0.5802	0	38	17	0	1	IMAGE
2021_048.pdf	53	595.32	841.92	1	1656x2339	0.5802	0.5802	0	38	17	0	1	IMAGE
2021_048.pdf	54	595.32	841.92	1	1656x2339	0.5802	0.5802	0	38	17	0	1	IMAGE
2021_048.pdf	55	595.32	841.92	1	1656x2339	0.5802	0.5802	0	38	17	0	1	IMAGE
2021_048.pdf	56	595.32	841.92	1	1656x2339	0.5802	0.5802	0	38	17	0	1	IMAGE
2021_048.pdf	57	595.32	841.92	1	1656x2339	0.5802	0.5802	0	38	17	0	1	IMAGE
2021_048.pdf	58	595.32	841.92	1	1656x2339	0.5802	0.5802	0	38	17	0	1	IMAGE
2021_048.pdf	59	595.32	841.92	1	1656x2339	0.5802	0.5802	0	38	17	0	1	IMAGE
2021_048.pdf	60	595.32	841.92	1	1656x2339	0.5802	0.5802	0	38	17	0	1	IMAGE
2021_048.pdf	61	595.32	841.92	1	1656x2339	0.5802	0.5802	0	38	17	0	1	IMAGE
2021_048.pdf	62	595.32	841.92	1	1656x2339	0.5802	0.5802	0	38	17	0	1	IMAGE
2021_048.pdf	63	595.32	841.92	1	1656x2339	0.5802	0.5802	0	38	17	0	1	IMAGE
2021_048.pdf	64	595.32	841.92	1	1656x2339	0.5802	0.5802	0	38	17	0	1	IMAGE
2021_048.pdf	65	595.32	841.92	1	1656x2339	0.5802	0.5802	0	38	17	0	1	IMAGE
2021_048.pdf	66	595.32	841.92	1	1656x2339	0.5802	0.5802	0	38	17	0	1	IMAGE
2021_048.pdf	67	595.32	841.92	1	1656x2339	0.5802	0.5802	0	38	17	0	1	IMAGE
2021_048.pdf	68	595.32	841.92	1	1656x2339	0.5802	0.5802	0	34	15	0	1	IMAGE
2021_045.pdf	2	841.92	595.32	181	1164x52,1164x52,1164x52,1164x52,1164x52,1164x52,1164x52,1164x52,1164x52,1164x52,1164x52,1164x52,1164x52,1164x52,1164x52,1164x52,1164x52,1164x52,1164x52,1164x52,1164x52,1164x20,5x9,13x15,28x33,5x9,13x15,28x33,2x9,11x15,28x33,5x9,13x15,28x33,5x9,13x15,28x33,5x9,13x15,28x33,2x9,11x15,28x33,5x9,13x15,28x33,2x9,11x15,28x33,5x9,13x15,28x33,5x9,13x15,28x33,2x9,11x15,28x33,5x9,13x15,28x33,5x9,13x15,28x33,5x9,13x15,28x33,2x9,11x15,28x33,5x9,13x15,28x33,13x9,19x15,28x33,3x15,16x24,28x33,51x12,49x19,28x33,47x12,46x19,28x33,3x12,14x19,28x33,3x12,14x19,28x33,3x12,14x19,28x33,58x12,64x19,28x33,3x12,14x19,28x33,157x12,153x19,28x33,12x12,22x19,28x33,3x12,14x19,28x33,2x10,11x15,28x33,4x15,17x23,28x33,5x10,13x15,28x33,47x10,43x16,28x33,2x10,11x16,28x33,2x10,11x16,28x33,36x10,36x16,28x33,2x10,11x16,28x33,89x25,89x40,28x33,324x25,263x40,28x33,7x25,28x40,28x33,66x9,57x16,28x33,2x9,11x16,28x33,4x15,17x23,28x33,4x15,17x23,28x33,4x15,17x23,28x33,81x39,170x24,346x17,277x27,28x33,417x17,330x27,28x33,94x17,86x27,28x33,163x21,143x34,28x33,298x42,84x17,79x27,28x33,123x28,119x45,28x33,208x21,176x33,28x33	0.0159,0.0159,0.0159,0.0159,0.0159,0.0159,0.0159,0.0159,0.0159,0.0159,0.0159,0.0159,0.0159,0.0159,0.0159,0.0159,0.0159,0.0159,0.0159,0.0159,0.0159,0.0062,0.0000,0.0001,0.0003,0.0000,0.0001,0.0003,0.0000,0.0000,0.0003,0.0000,0.0001,0.0003,0.0000,0.0001,0.0003,0.0000,0.0001,0.0003,0.0000,0.0000,0.0003,0.0000,0.0001,0.0003,0.0000,0.0000,0.0003,0.0000,0.0001,0.0003,0.0000,0.0001,0.0003,0.0000,0.0000,0.0003,0.0000,0.0001,0.0003,0.0000,0.0001,0.0003,0.0000,0.0001,0.0003,0.0000,0.0000,0.0003,0.0000,0.0001,0.0003,0.0000,0.0001,0.0003,0.0000,0.0001,0.0003,0.0002,0.0003,0.0003,0.0002,0.0002,0.0003,0.0000,0.0001,0.0003,0.0000,0.0001,0.0003,0.0000,0.0001,0.0003,0.0002,0.0003,0.0003,0.0000,0.0001,0.0003,0.0005,0.0008,0.0003,0.0000,0.0001,0.0003,0.0000,0.0001,0.0003,0.0000,0.0000,0.0003,0.0000,0.0001,0.0003,0.0000,0.0001,0.0003,0.0001,0.0002,0.0003,0.0000,0.0000,0.0003,0.0000,0.0000,0.0003,0.0001,0.0002,0.0003,0.0000,0.0000,0.0003,0.0006,0.0009,0.0003,0.0021,0.0027,0.0003,0.0000,0.0003,0.0003,0.0002,0.0002,0.0003,0.0000,0.0000,0.0003,0.0000,0.0001,0.0003,0.0000,0.0001,0.0003,0.0000,0.0001,0.0003,0.0008,0.0011,0.0016,0.0020,0.0003,0.0019,0.0024,0.0003,0.0004,0.0006,0.0003,0.0009,0.0013,0.0003,0.0033,0.0004,0.0006,0.0003,0.0009,0.0014,0.0003,0.0012,0.0015,0.0003	0.0159	0	491	22	0	1	OTHER
2021_029.pdf	2	595.32	841.92	0				0	54	25	0	0	OTHER
2021_029.pdf	12	595.32	841.92	1	808x1090	0.4049	0.4049	0	54	24	0	0	IMAGE
2021_029.pdf	13	595.32	841.92	1	1147x845	0.4007	0.4007	0	51	20	0	0	IMAGE
2021_029.pdf	14	595.32	841.92	1	1147x846	0.4007	0.4007	0	49	19	0	0	IMAGE
2021_029.pdf	26	841.92	595.32	1	1301x512	0.3965	0.3965	0	58	26	0	0	IMAGE
2021_029.pdf	27	841.92	595.32	1	400x1025	0.4025	0.4025	0	42	18	0	0	IMAGE
2021_027.pdf	4	595.32	841.92	0				0	0	31	0	0	BLANK
2021_021.pdf	6	595.32	841.92	0				0	0	30	0	0	BLANK
2020_175.pdf	3	595.32	841.92	0				0	0	27	0	0	BLANK
2020_175.pdf	4	841.92	595.32	1	1118x791	0.4058	0.4058	0	2	20	0	0	IMAGE
2020_175.pdf	5	841.92	595.32	1	1090x771	0.3858	0.3858	0	2	20	0	0	IMAGE
2020_171.pdf	2	595.32	841.92	0				0	0	28	0	0	BLANK
2020_170.pdf	2	595.32	841.92	1	945x1336	0.5802	0.5802	0	2	17	0	0	IMAGE
2020_170.pdf	3	595.32	841.92	1	945x1336	0.5802	0.5802	0	2	17	0	0	IMAGE
2020_170.pdf	4	595.32	841.92	1	945x1336	0.5802	0.5802	0	2	17	0	0	IMAGE
2020_170.pdf	5	595.32	841.92	1	945x1336	0.5802	0.5802	0	2	15	0	0	IMAGE
2020_162.pdf	3	595.32	841.92	0				0	0	41	0	0	BLANK
2020_160.pdf	8	595.32	841.92	1	957x1217	0.5351	0.5351	0	2	24	0	0	IMAGE
2020_145.pdf	2	595.32	841.92	1	945x1336	0.5802	0.5802	0	2	19	0	0	IMAGE
2020_145.pdf	3	595.32	841.92	1	945x1336	0.5802	0.5802	0	2	19	0	0	IMAGE
2020_145.pdf	4	595.32	841.92	1	945x1336	0.5802	0.5802	0	2	19	0	0	IMAGE
2020_145.pdf	5	595.32	841.92	1	945x1336	0.5802	0.5802	0	2	17	0	0	IMAGE
2020_139.pdf	16	595.32	841.92	0				0	0	28	0	0	BLANK
2020_123.pdf	2	595.32	841.92	0				0	0	33	0	0	BLANK
2020_118.pdf	2	595.32	841.92	0				0	0	24	0	0	BLANK
2020_115.pdf	7	595.32	841.92	0				0	0	40	0	0	BLANK
2020_108.pdf	8	595.32	841.92	1	944x1336	0.5795	0.5795	0	2	19	0	0	IMAGE
2020_108.pdf	9	595.32	841.92	1	944x1336	0.5795	0.5795	0	2	19	0	0	IMAGE
2020_108.pdf	10	595.32	841.92	1	944x1336	0.5795	0.5795	0	2	19	0	0	IMAGE
2020_108.pdf	11	595.32	841.92	1	944x1336	0.5795	0.5795	0	2	19	0	0	IMAGE
2020_108.pdf	12	595.32	841.92	1	944x1336	0.5795	0.5795	0	2	19	0	0	IMAGE
2020_108.pdf	13	595.32	841.92	1	944x1336	0.5795	0.5795	0	2	19	0	0	IMAGE
2020_108.pdf	14	595.32	841.92	1	944x1336	0.5795	0.5795	0	2	19	0	0	IMAGE
2020_108.pdf	15	595.32	841.92	1	944x1336	0.5795	0.5795	0	2	19	0	0	IMAGE
2020_108.pdf	16	595.32	841.92	1	944x1336	0.5795	0.5795	0	2	19	0	0	IMAGE
2020_108.pdf	17	595.32	841.92	1	944x1336	0.5795	0.5795	0	2	19	0	0	IMAGE
2020_108.pdf	18	595.32	841.92	1	944x1336	0.5795	0.5795	0	2	19	0	0	IMAGE
2020_108.pdf	19	595.32	841.92	1	944x1336	0.5795	0.5795	0	2	19	0	0	IMAGE
2020_108.pdf	20	595.32	841.92	1	944x1336	0.5795	0.5795	0	2	19	0	0	IMAGE
2020_108.pdf	21	595.32	841.92	1	944x1336	0.5795	0.5795	0	2	19	0	0	IMAGE
2020_108.pdf	22	595.32	841.92	1	944x1336	0.5795	0.5795	0	2	19	0	0	IMAGE
2020_108.pdf	23	595.32	841.92	1	944x1336	0.5795	0.5795	0	2	19	0	0	IMAGE
2020_108.pdf	24	595.32	841.92	1	944x1336	0.5795	0.5795	0	2	19	0	0	IMAGE
2020_108.pdf	25	595.32	841.92	1	944x1336	0.5795	0.5795	0	2	19	0	0	IMAGE
2020_108.pdf	26	595.32	841.92	1	944x1336	0.5795	0.5795	0	2	19	0	0	IMAGE
2020_108.pdf	27	595.32	841.92	1	944x1336	0.5795	0.5795	0	2	19	0	0	IMAGE
2020_108.pdf	28	595.32	841.92	1	944x1336	0.5795	0.5795	0	2	19	0	0	IMAGE
2020_108.pdf	29	595.32	841.92	1	944x1336	0.5795	0.5795	0	2	19	0	0	IMAGE
2020_108.pdf	30	595.32	841.92	1	944x1336	0.5795	0.5795	0	2	19	0	0	IMAGE
2020_108.pdf	31	595.32	841.92	1	944x1336	0.5795	0.5795	0	2	19	0	0	IMAGE
2020_108.pdf	32	595.32	841.92	1	944x1336	0.5795	0.5795	0	2	19	0	0	IMAGE
2020_108.pdf	33	595.32	841.92	1	944x1336	0.5795	0.5795	0	2	19	0	0	IMAGE
2020_108.pdf	34	595.32	841.92	1	944x1336	0.5795	0.5795	0	2	19	0	0	IMAGE
2020_108.pdf	35	595.32	841.92	1	944x1336	0.5795	0.5795	0	2	19	0	0	IMAGE
2020_108.pdf	36	595.32	841.92	1	944x1336	0.5795	0.5795	0	2	19	0	0	IMAGE
2020_108.pdf	37	595.32	841.92	1	944x1336	0.5795	0.5795	0	2	19	0	0	IMAGE
2020_108.pdf	38	595.32	841.92	1	944x1336	0.5795	0.5795	0	2	19	0	0	IMAGE
2020_108.pdf	39	595.32	841.92	1	944x1336	0.5795	0.5795	0	2	19	0	0	IMAGE
2020_108.pdf	40	595.32	841.92	1	944x1336	0.5795	0.5795	0	2	19	0	0	IMAGE
2020_108.pdf	41	595.32	841.92	1	944x1336	0.5795	0.5795	0	2	19	0	0	IMAGE
2020_108.pdf	42	595.32	841.92	1	944x1336	0.5795	0.5795	0	2	19	0	0	IMAGE
2020_108.pdf	43	595.32	841.92	1	944x1336	0.5795	0.5795	0	2	19	0	0	IMAGE
2020_108.pdf	44	595.32	841.92	1	944x1336	0.5795	0.5795	0	2	19	0	0	IMAGE
2020_108.pdf	45	595.32	841.92	1	944x1336	0.5795	0.5795	0	2	19	0	0	IMAGE
2020_108.pdf	46	595.32	841.92	1	944x1336	0.5795	0.5795	0	2	19	0	0	IMAGE
2020_108.pdf	47	595.32	841.92	1	944x1336	0.5795	0.5795	0	2	19	0	0	IMAGE
2020_108.pdf	48	595.32	841.92	1	944x1336	0.5795	0.5795	0	2	19	0	0	IMAGE
2020_108.pdf	49	595.32	841.92	1	944x1336	0.5795	0.5795	0	2	19	0	0	IMAGE
2020_108.pdf	50	595.32	841.92	1	944x1336	0.5795	0.5795	0	2	19	0	0	IMAGE
2020_108.pdf	51	595.32	841.92	1	944x1336	0.5795	0.5795	0	2	19	0	0	IMAGE
2020_108.pdf	52	595.32	841.92	1	944x1336	0.5795	0.5795	0	2	19	0	0	IMAGE
2020_108.pdf	53	595.32	841.92	1	944x1336	0.5795	0.5795	0	2	19	0	0	IMAGE
2020_108.pdf	54	595.32	841.92	1	944x1336	0.5795	0.5795	0	2	19	0	0	IMAGE
2020_108.pdf	55	595.32	841.92	1	944x1336	0.5795	0.5795	0	2	19	0	0	IMAGE
2020_108.pdf	56	595.32	841.92	1	944x1336	0.5795	0.5795	0	2	19	0	0	IMAGE
2020_108.pdf	57	595.32	841.92	1	944x1336	0.5795	0.5795	0	2	19	0	0	IMAGE
2020_108.pdf	58	595.32	841.92	1	944x1336	0.5795	0.5795	0	2	19	0	0	IMAGE
2020_108.pdf	59	595.32	841.92	1	944x1336	0.5795	0.5795	0	2	19	0	0	IMAGE
2020_108.pdf	60	595.32	841.92	1	944x1336	0.5795	0.5795	0	2	19	0	0	IMAGE
2020_108.pdf	61	595.32	841.92	1	944x1336	0.5795	0.5795	0	2	19	0	0	IMAGE
2020_108.pdf	62	595.32	841.92	1	944x1336	0.5795	0.5795	0	2	19	0	0	IMAGE
2020_108.pdf	63	595.32	841.92	1	944x1336	0.5795	0.5795	0	2	19	0	0	IMAGE
2020_108.pdf	64	595.32	841.92	1	944x1336	0.5795	0.5795	0	2	19	0	0	IMAGE
2020_108.pdf	65	595.32	841.92	1	944x1336	0.5795	0.5795	0	2	19	0	0	IMAGE
2020_108.pdf	66	595.32	841.92	1	944x1336	0.5795	0.5795	0	2	19	0	0	IMAGE
2020_108.pdf	67	595.32	841.92	1	944x1336	0.5795	0.5795	0	2	19	0	0	IMAGE
2020_108.pdf	68	595.32	841.92	1	944x1336	0.5795	0.5795	0	2	19	0	0	IMAGE
2020_108.pdf	69	595.32	841.92	1	944x1336	0.5795	0.5795	0	2	19	0	0	IMAGE
2020_108.pdf	70	595.32	841.92	1	944x1336	0.5795	0.5795	0	2	19	0	0	IMAGE
2020_108.pdf	71	595.32	841.92	1	944x1336	0.5795	0.5795	0	2	19	0	0	IMAGE
2020_108.pdf	72	595.32	841.92	1	944x1336	0.5795	0.5795	0	2	19	0	0	IMAGE
2020_108.pdf	73	595.32	841.92	1	944x1336	0.5795	0.5795	0	2	19	0	0	IMAGE
2020_108.pdf	74	595.32	841.92	1	944x1336	0.5795	0.5795	0	2	19	0	0	IMAGE
2020_108.pdf	75	595.32	841.92	1	944x1336	0.5795	0.5795	0	2	19	0	0	IMAGE
2020_108.pdf	76	595.32	841.92	1	944x1336	0.5795	0.5795	0	2	19	0	0	IMAGE
2020_108.pdf	77	595.32	841.92	1	944x1336	0.5795	0.5795	0	2	19	0	0	IMAGE
2020_108.pdf	78	595.32	841.92	1	944x1336	0.5795	0.5795	0	2	19	0	0	IMAGE
2020_108.pdf	79	595.32	841.92	1	944x1336	0.5795	0.5795	0	2	19	0	0	IMAGE
2020_108.pdf	80	595.32	841.92	1	944x1336	0.5795	0.5795	0	2	19	0	0	IMAGE
2020_108.pdf	81	595.32	841.92	1	944x1336	0.5795	0.5795	0	2	19	0	0	IMAGE
2020_108.pdf	82	595.32	841.92	1	944x1336	0.5795	0.5795	0	2	19	0	0	IMAGE
2020_108.pdf	83	595.32	841.92	1	944x1336	0.5795	0.5795	0	2	19	0	0	IMAGE
2020_108.pdf	84	595.32	841.92	1	944x1336	0.5795	0.5795	0	2	19	0	0	IMAGE
2020_108.pdf	85	595.32	841.92	1	944x1336	0.5795	0.5795	0	2	19	0	0	IMAGE
2020_108.pdf	86	595.32	841.92	1	944x1336	0.5795	0.5795	0	2	19	0	0	IMAGE
2020_108.pdf	87	595.32	841.92	1	944x1336	0.5795	0.5795	0	2	19	0	0	IMAGE
2020_108.pdf	88	595.32	841.92	1	944x1336	0.5795	0.5795	0	2	19	0	0	IMAGE
2020_108.pdf	89	595.32	841.92	1	944x1336	0.5795	0.5795	0	2	19	0	0	IMAGE
2020_108.pdf	90	595.32	841.92	1	944x1336	0.5795	0.5795	0	2	19	0	0	IMAGE
2020_108.pdf	91	595.32	841.92	1	944x1336	0.5795	0.5795	0	2	19	0	0	IMAGE
2020_108.pdf	92	595.32	841.92	1	944x1336	0.5795	0.5795	0	2	19	0	0	IMAGE
2020_108.pdf	93	595.32	841.92	1	944x1336	0.5795	0.5795	0	2	19	0	0	IMAGE
2020_108.pdf	94	595.32	841.92	1	944x1336	0.5795	0.5795	0	2	19	0	0	IMAGE
2020_108.pdf	95	595.32	841.92	1	944x1336	0.5795	0.5795	0	2	19	0	0	IMAGE
2020_108.pdf	96	595.32	841.92	1	944x1336	0.5795	0.5795	0	2	19	0	0	IMAGE
2020_108.pdf	97	595.32	841.92	1	944x1336	0.5795	0.5795	0	2	19	0	0	IMAGE
2020_108.pdf	98	595.32	841.92	1	944x1336	0.5795	0.5795	0	2	19	0	0	IMAGE
2020_108.pdf	99	595.32	841.92	1	944x1336	0.5795	0.5795	0	2	19	0	0	IMAGE
2020_108.pdf	100	595.32	841.92	1	944x1336	0.5795	0.5795	0	2	19	0	0	IMAGE
2020_108.pdf	101	595.32	841.92	1	944x1336	0.5795	0.5795	0	2	19	0	0	IMAGE
2020_108.pdf	102	595.32	841.92	1	944x1336	0.5795	0.5795	0	2	19	0	0	IMAGE
2020_108.pdf	103	595.32	841.92	1	944x1336	0.5795	0.5795	0	2	19	0	0	IMAGE
2020_108.pdf	104	595.32	841.92	1	944x1336	0.5795	0.5795	0	2	19	0	0	IMAGE
2020_108.pdf	105	595.32	841.92	1	944x1336	0.5795	0.5795	0	2	19	0	0	IMAGE
2020_108.pdf	106	595.32	841.92	1	944x1336	0.5795	0.5795	0	2	19	0	0	IMAGE
2020_108.pdf	107	595.32	841.92	1	944x1336	0.5795	0.5795	0	2	19	0	0	IMAGE
2020_108.pdf	108	595.32	841.92	1	944x1336	0.5795	0.5795	0	2	19	0	0	IMAGE
2020_108.pdf	109	595.32	841.92	1	944x1336	0.5795	0.5795	0	2	19	0	0	IMAGE
2020_108.pdf	110	595.32	841.92	1	944x1336	0.5795	0.5795	0	2	19	0	0	IMAGE
2020_108.pdf	111	595.32	841.92	1	944x1336	0.5795	0.5795	0	2	19	0	0	IMAGE
2020_108.pdf	112	595.32	841.92	1	944x1336	0.5795	0.5795	0	2	17	0	0	IMAGE
2020_104.pdf	3	595.32	841.92	0				0	0	24	0	0	BLANK
2020_089.pdf	2	595.32	841.92	0				0	0	26	0	0	BLANK
2020_063.pdf	2	595.32	841.92	0				0	0	25	0	0	BLANK
2020_033.pdf	4	595.32	841.92	0				0	0	30	0	0	BLANK
2020_023.pdf	4	595.32	841.92	0				0	0	27	0	0	BLANK
2020_022.pdf	2	595.32	841.92	1	945x1339	0.5813	0.5813	0	2	17	0	0	IMAGE
2020_022.pdf	3	595.32	841.92	1	945x1339	0.5813	0.5813	0	2	17	0	0	IMAGE
2020_022.pdf	4	595.32	841.92	1	533x761	0.5490	0.5490	0	2	16	0	0	IMAGE
2020_022.pdf	5	595.32	841.92	1	536x766	0.5405	0.5405	0	2	15	0	0	IMAGE
2020_014.pdf	2	595.32	841.92	0				0	0	31	0	0	BLANK
2020_011.pdf	2	595.32	841.92	1	945x1336	0.5802	0.5802	0	2	17	0	0	IMAGE
2020_011.pdf	3	595.32	841.92	1	945x1336	0.5802	0.5802	0	2	17	0	0	IMAGE
2020_011.pdf	4	595.32	841.92	1	945x1336	0.5802	0.5802	0	2	17	0	0	IMAGE
2020_011.pdf	5	595.32	841.92	1	945x1336	0.5802	0.5802	0	2	17	0	0	IMAGE
2020_011.pdf	6	595.32	841.92	1	945x1336	0.5802	0.5802	0	2	17	0	0	IMAGE
2020_011.pdf	7	595.32	841.92	1	945x1336	0.5802	0.5802	0	2	17	0	0	IMAGE
2020_011.pdf	8	595.32	841.92	1	945x1336	0.5802	0.5802	0	2	17	0	0	IMAGE
2020_011.pdf	9	595.32	841.92	1	945x1336	0.5802	0.5802	0	2	17	0	0	IMAGE
2020_011.pdf	10	595.32	841.92	1	945x1336	0.5802	0.5802	0	2	15	0	0	IMAGE
