class	file	page	visible	match
BLANK	2022_004.pdf	3	쪽 머리 + 짧은 본문 몇 줄(조문 끝·서명). 이미지·도형 보이지 않음	일치
BLANK	2020_033.pdf	4	쪽 머리 + 짧은 본문 몇 줄(조문 끝·서명). 이미지·도형 보이지 않음	일치
BLANK	2024_125.pdf	2	쪽 머리 + 짧은 본문 몇 줄(조문 끝·서명). 이미지·도형 보이지 않음	일치
BLANK	2020_139.pdf	16	쪽 머리 + 짧은 본문 몇 줄(조문 끝·서명). 이미지·도형 보이지 않음	일치
BLANK	2025_089.pdf	2	쪽 머리 + 짧은 본문 몇 줄(조문 끝·서명). 이미지·도형 보이지 않음	일치
BLANK	2022_016.pdf	2	쪽 머리 + 짧은 본문 몇 줄(조문 끝·서명). 이미지·도형 보이지 않음	일치
BLANK	2020_115.pdf	7	쪽 머리 + 짧은 본문 몇 줄(조문 끝·서명). 이미지·도형 보이지 않음	일치
BLANK	2022_018.pdf	2	쪽 머리 + 짧은 본문 몇 줄(조문 끝·서명). 이미지·도형 보이지 않음	일치
BLANK	2020_118.pdf	2	쪽 머리 + 짧은 본문 몇 줄(조문 끝·서명). 이미지·도형 보이지 않음	일치
BLANK	2025_124.pdf	2	쪽 머리 + 짧은 본문 몇 줄(조문 끝·서명). 이미지·도형 보이지 않음	일치
IMAGE	2025_110.pdf	63	쪽 머리 아래 본문 영역이 래스터(스캔·서명·지도·보고서 쪽). 텍스트층에 없는 내용이 측정된 이미지 영역에 보임	일치
IMAGE	2020_108.pdf	78	쪽 머리 아래 본문 영역이 래스터(스캔·서명·지도·보고서 쪽). 텍스트층에 없는 내용이 측정된 이미지 영역에 보임	일치
IMAGE	2023_022.pdf	8	쪽 머리 아래 본문 영역이 래스터(스캔·서명·지도·보고서 쪽). 텍스트층에 없는 내용이 측정된 이미지 영역에 보임	일치
IMAGE	2023_022.pdf	10	쪽 머리 아래 본문 영역이 래스터(스캔·서명·지도·보고서 쪽). 텍스트층에 없는 내용이 측정된 이미지 영역에 보임	일치
IMAGE	2025_110.pdf	79	쪽 머리 아래 본문 영역이 래스터(스캔·서명·지도·보고서 쪽). 텍스트층에 없는 내용이 측정된 이미지 영역에 보임	일치
IMAGE	2021_125.pdf	3	쪽 머리 아래 본문 영역이 래스터(스캔·서명·지도·보고서 쪽). 텍스트층에 없는 내용이 측정된 이미지 영역에 보임	일치
IMAGE	2026_063.pdf	7	쪽 머리 아래 본문 영역이 래스터(스캔·서명·지도·보고서 쪽). 텍스트층에 없는 내용이 측정된 이미지 영역에 보임	일치
IMAGE	2022_045.pdf	7	쪽 머리 아래 본문 영역이 래스터(스캔·서명·지도·보고서 쪽). 텍스트층에 없는 내용이 측정된 이미지 영역에 보임	일치
IMAGE	2025_127.pdf	29	쪽 머리 아래 본문 영역이 래스터(스캔·서명·지도·보고서 쪽). 텍스트층에 없는 내용이 측정된 이미지 영역에 보임	일치
IMAGE	2025_127.pdf	30	쪽 머리 아래 본문 영역이 래스터(스캔·서명·지도·보고서 쪽). 텍스트층에 없는 내용이 측정된 이미지 영역에 보임	일치
OTHER	2025_028.pdf	3	쪽 머리 + 짧은 본문 몇 줄(조문 끝·서명). 이미지·도형 보이지 않음 — BLANK 표본과 구별되지 않음	불일치(BLANK 와 같은 모습)
OTHER	2021_138.pdf	3	쪽 머리 + 짧은 본문 몇 줄(조문 끝·서명). 이미지·도형 보이지 않음 — BLANK 표본과 구별되지 않음	불일치(BLANK 와 같은 모습)
OTHER	2026_062.pdf	2	쪽 머리 + 짧은 본문 몇 줄(조문 끝·서명). 이미지·도형 보이지 않음 — BLANK 표본과 구별되지 않음	불일치(BLANK 와 같은 모습)
OTHER	2023_026.pdf	2	쪽 머리 + 짧은 본문 몇 줄(조문 끝·서명). 이미지·도형 보이지 않음 — BLANK 표본과 구별되지 않음	불일치(BLANK 와 같은 모습)
OTHER	2025_039.pdf	7	쪽 머리 + 짧은 본문 몇 줄(조문 끝·서명). 이미지·도형 보이지 않음 — BLANK 표본과 구별되지 않음	불일치(BLANK 와 같은 모습)
OTHER	2022_131.pdf	8	쪽 머리 + 짧은 본문 몇 줄(조문 끝·서명). 이미지·도형 보이지 않음 — BLANK 표본과 구별되지 않음	불일치(BLANK 와 같은 모습)
OTHER	2025_094.pdf	5	쪽 머리 + 짧은 본문 몇 줄(조문 끝·서명). 이미지·도형 보이지 않음 — BLANK 표본과 구별되지 않음	불일치(BLANK 와 같은 모습)
OTHER	2022_145.pdf	3	쪽 머리 + 짧은 본문 몇 줄(조문 끝·서명). 이미지·도형 보이지 않음 — BLANK 표본과 구별되지 않음	불일치(BLANK 와 같은 모습)
OTHER	2025_060.pdf	3	쪽 머리 + 짧은 본문 몇 줄(조문 끝·서명). 이미지·도형 보이지 않음 — BLANK 표본과 구별되지 않음	불일치(BLANK 와 같은 모습)
OTHER	2025_162.pdf	2	쪽 머리 + 짧은 본문 몇 줄(조문 끝·서명). 이미지·도형 보이지 않음 — BLANK 표본과 구별되지 않음	불일치(BLANK 와 같은 모습)
