1990	49	vision-p1	1	att FÜR DAS LAND NORDRHEIN-WESTFALEN 44. Jahrgang Ausgegeben zu Düsseldorf am 6. August 1990 Nummer 49 Datum 822 7. 6.1990 9. 7.1990 18.7.1990 Inhalt Berichtigung des Achtzehnten Nachtrags zur Satzung des AOK-Landesverbandes Westfalen-Lippe vor 24. November 1989 (GV. NW. 1990 S. 368) .... Genehmigungsurkunde für einen Museumszugbetrieb zwischen Ham
1990	59	vision-p1	1	 DAS LAND NORDRHEIN-WESTFALEN 44. Jahrgang Ausgegeben zu Düsseldorf am 22. Oktober 1990 Nummer 59 Datum 2022 203015 74 30. 11.1989 17. 9. 1990 Inhalt Berichtigung betr. Achtzehnte Anderung der Satzung der Rheinischen Zusatzversorgungskasse für Gemeinden und Gemeindeverbände vom 26. April 1990 (GV. NW. S. 401). .. Verordend e derueg eder Verordnunhi
1991	8	textlayer	5	Rechtshilfe in Verwaltungssachen  34  31. L 1991  Bekanntmachung der Satzung zur Änderung der Hauptsatzung des Landschaftsverhandes Westfalen- u_  n  Berichtigung der Verordnung über die Ausbildung und Prüfung in der Fachoberschule (Ausbildungs- und Prüfungsorclnung gemäß § 26b SchVG - APO-FOS) vom 11. Februar 1990 (GV. NW. S. 127)  9. L 1991  Vero ||  über die Sachverständigenkommission für bewegliche Bodendenkmäler  14 12. 1990  Hauptsatzung der Landesanstalt für Rundfunk Nordrhem-Westfalen (UR)  Berichtigung der Bekanntmachung der Genehmigung der 3. Änderung des Gebietsentwicklungsplanes  für den Regierungsbezirk Münster, Teilabschnitt Westmünsterland (Änderung im Gebiet der Stadt  34  34  3. ||  Abkommen erklärt.  Düsseldorf, den 30. Januar 1991  Der Ministerpräsident  des Landes Nordrhein-Westfalen  Johannes Rau  - GV. NW. 1991 S. 34.  223  Berichtigung  BetT.: Verordnung über die Ausbildung und Prü- fung in der Fachoberschule (Ausbildungs- und Prüfungsordnung gemäß § 26 b Sch VG - APO-FOS) vom 11. Februar 1990 (GV. NW.  S.127)  In Anlag || ft.  Düsseldorf, den 14. Dezember 1990  Der Direktor  der Landesanstalt für Rundfunk  Nordrhein~Westfalen (LfR)  Klaus Schütz  - GV. NW. 1991 S. 35.  Berichtigung  Betr.: Bekanntmachung der Genehmigung der 3. Än·  derung des Gebietsentwicklungsplanes für  den Regierungsbezi.r:k Münster, Teilabschnitt  Westmünsterland (Anderung im Gebiet der  Stadt  || Teilabschnitt  Westmünsterland (Anderung im Gebiet der  Stadt Coesfeld und der Gemeinde Rosendahl)  vom 14. September 1990 (GV. NW. S. 569)  Folgende Berichtigungen sind vorzunehmen:  1. In der Überschrift muß der Klammerzusatz richtig lau- ten:  ,,(Änderung im Gebiet der Stadt Coesfeld und der Ge- meinde Rosendahl)"  2. Der 3. Absatz muß richtig l
1991	11	textlayer	3	 an der Einkommensteuer wird  für die Haushaltsjahre 1991, 1992 und 1993 nach dem in der  Anlare 1 Anlage 1 festgesetzten Schlüssel aufgeteilt.  § 2  Berichtigung  bei fehlerhaftem Verteilungsschlüssel  (1) Ausgleichsbeträge nach § 4 Abs. 1 Gemeindefinanz- reformgesetz werden nach Ergänzungsschlüsselzahlen  errechnet. Ergänzungsschlüsselzahlen sind || Gebiet einer Ge- meinde zuständig, bestimmt das Finanzministerium das  Finanzamt, an das die Gewerbesteuerumlage zu melden  und abzuführen ist.  § 6  Berichtigung der Gewerbesteuerumlage  (1) Zu erstattende Beträge oder nachzuzahlende Beträge,  die sich durch eine fehlerhafte Berechnung der Gewerbe- steuerumlage ergeben, sind dem Finanzamt und dem  || der auf die Feststellung der fehlerhaften  Berechnung folgt, vorzulegen.  (2) Zu erstattende Beträge oder nachzuzahlende Beträge  nach Absatz 1 sowie Berichtigungen auf Grund geänderter  Hebesätze für die Gewerbesteuer nach dem Gewerbe- ertrag und nach dem Gewerbekapital werden im Rahmen  der jeweils jährlichen Schlußabrechnung für die Gewerbe- ste
1991	12	textlayer	2	nung über die Ausbildung und Prüfung für die Laufbahn des  höheren feuerwehrtechnischen Dienstes in den Feuerwehren (V APhD-Feu) . . .  . . . . . ..  Berichtigung des Gesetzes zur Fortentwicklung des Datenschutzes im Bereich der Polizei und der  Ordnungsbehörden (GFDPoI) vom 7. Februar 1990 (GV. NW. S. 46) ....... .  23. 1. 1991  Verordnung zur Änd || es Rheinland  Dr. Fuchs  - GV. NW. 1991 S. 148.   Gesetz- und Verordnungsblatt für das Land Nordrhein-Westfalen - Nr. 12 vom 15. März 1991  149  205  Berichtigung  Betr.: Gesetz zur Fortentwicklung  des Datenschutzes im Bereich der Polizei  und der Ordnungsbehörden (GFDPol)  vom 7. Februar 1990 (GV. NW. S. 46)  In Artikel 3 Nr. 2 muß es in § 24 Nr.
1991	15	textlayer	2	März 1991  Nummer 15  Titel  Seite  Elfte Verordnung zur Änderung der Verordnung über die Arbeitszeit der Beamten im Lande Nordrhein- Westfalen  179  Berichtigung der Bekanntmachung der Satzung über die Behandlungs- und Pflegekosten in den  psychiatrischen Krankenhäusern des Landschaftsverbandes Westfalen-Lippe vom 15. November 1990  (GV. NW. S. 64 || urch die Krefelder Eisenbahn-Gesellschaft  179   178  Gesetz- und Verordnungsblatt fur das Land Nordrhein-Westfalen - Nr. 15 vom 27 \tärz 1991  2128  Berichtigung  Betr.: Bekanntmachung der Satzung über die Be- handlungs- und Pßegekosten in den psy- chiatrischen Krankenhäusern des Land- schaftsverbandes Westfalen-Lippe vom 15.  November 1990 (GV. N
1991	18	textlayer	4	  FÜR DAS LAND NORDRHEIN-WESTFALEN  Ausgegeben zu Düsseldorf am 25. April 1991  Nummer 18  Inhall  Verordnung zur Änderung der Beflaggungsverordnung  Berichtigung der Bekanntmachung über Änderungen der Geschäftsbereiche der obersten Landes- behörden vom 31. Oktober 1990 (GV. NW. S. 606)  Neunte Verordnung zur Änderung der Ordnung des Vorbereitungsd ||  Ordnung des Vorbereitungsdienstes und der Zweiten Staatspru- fung für Lehrämter an Schulen  Gesetz zur Änderung des Studentenwerksgesetzes (StWG) .  Berichtigung der Vierten Verordnung zur teilweisen Aufhebung des städtebaulichen Entwicklungsbe- reichs Bonn-Harcltberg vom 5. März 1991 (GV. NW. S. 185)  Bekanntmachung der Genehmigung der 4. Änderun ||  ihrer Verkündung  in Kraft.  Düsseldorf, den 7. März 1991  Der Innenminister  des Landes Nordrhein-Westfalen  Schnoor  - GV. NW. 1991 S. 194.  2005  Berichtigung.  der Bekanntmachung über Anderungen der  Geschäftsbereiche der obersten Landesbehörden  vom 31. Oktober 1990 (GV. NW. S. 606)  In Abschnitt 11 lautet Ziffer 3.4 richtig wie folgt:  "Spar || om 22. März 1991 in  Kraft.  Düsseldorf, den 22. März 1991  Der Kultusminister  des Landes Nordrhein-Westfalen  Schwier  - GV. NW. 1991 S. 196.  231  Berichtigung  Betrifft: Vierte Verordnung zur teilweisen Aufhe- bung des städtebaulichen Entwicklungsbe- reichs Bonn-Hardtberg vom 5. März 1991  (GV. NW. S. 185)  In der Gemarkung Duisdorf, Flur 13, s
1991	27	textlayer	2	und dem Land Rheinland-Pfalz  über die Änderung der gemeinsamen Landesgrenze . . . . . . . . . . . . . . . . . . . . . . . . . . . . . . .  276  101  Berichtigung der Bekanntmachung des Staatsvertrages vom 12.113. März 1991 zwischen dem Land  Brandenburg und dem Land Nordrhein-Westfalen über die Gewährung von Personalkostenzuschüssen  vom 16. Mai 1 || sterpräsident  J ohannes Rau  Mainz, den 16. 1. 1991  101  Für das Land Rheinland-Pfalz  Der Ministerpräsident  C.-L. Wagner  - GV. NW. 1991 S. 276.  Berichtigung  Betr.: Bekanntmachung des Staatsvertrages vom  12./13. März 1991 zwischen dem Land Bran- denburg und dem Land Nordrhein-Westfalen  über die Gewährung von Personalkostenzu- schüssen vom 1
1991	30	textlayer	2	fugnissen , usgestatteten Dienstvorgesetzten im  Geschäftsbereich des Innenministeriums  290  Verordnung zur Ausführung der Bunclesnotarordnung  290  Berichtigung der Verordnung zur Übertragung von Befugnisseil nach der Bundesnotarordnung vom  31. Mai 1991 (GV. NW. S. 252)  Bekanntmachung der Gebührensatzung für die Behandlung uild Pflege in den Kl || .)  33  Die Landesregierung  N ordr hein-Westfalen  Der rVIinisterpräsident  Johannes Rau  Der Justizminister  Rolf Krumsiek  - GV. NW. 1991 S. 290.  Berichtigung  Betr.: Verordnung zur Ubertragung von Befugnis- sen nach der Bundesnotarordnung vom  31. :Mai 1991 (GV. NW. S. 252)  Vor dem Satz "Diese Verordnung tritt am Tage nach der  Verkündur!J5 i
1991	32	textlayer	2	EN  45. Jahrgang  Ausgegeben zu Düsseldorf am 22. Juli 1991  Nummer 32  Glied.- Nr.  Datum  Inhalt  Seite  301  1. 7. 1991  Zwanzigste Verordnung zur Berichtigung der Anlage zu § 4 des Gesetzes über die Gliederung und die  Bezirke der ordentlichen Gerichte . . . . .  . . . . . . . .  . . . . . . .  306  33  12.7. 1991  Verordnung über die Ausbildun ||  Umwelt,  Raumordnung und Landwirtschaft  des Landes Nordrhein-Westfalen  Im Auftrag  Ritter  - GV. NW. 1991 S. 305.  301  Zwanzigste Verordnung  zur Berichtigung der Anlage zu § 4 des Gesetzes  über die Gliederung und die Bezirke  der ordentlichen Gerichte  Vom 1. Juli 1991  Aufgrund des § 6 des Gesetzes über die Gliederung und  die Bezirke der or
1991	39	textlayer	2	att  FÜR DAS LAND NORDRHEIN-WESTFALEN  45. Jahrgang  Ausgegeben zu Düsseldorf am 6. September 1991  Nummer 39  Glied.- N,.  Datum  Inhalt  Seite  24  Berichtigung der Verordnung zur Änderung der Verordnung zur Bestimmung der Regelbeträge nach  dem Flüchtlingsaufnahmegesetz vom 27. Juli 1991 (GV. NW. S. 343)  353  301  631  31 8. 1991  13. 8. 1991   || erordnung über die Festsetzung von Zulassungszahlen und die Vergabe  von Studienplätzen an Studienanfänger für das Wintersemester 1991/92 .  354  24  Berichtigung  Betr.: Verordnung zur Änderung der Verordnung  zur Bestimmung der Regelbetrllge nach dem  Flüchtlingsaulnahmegesetz vom 27. Juli 1991  (GV. NW. S. 343)  631  In Artikel II ist das Wort ,
1991	50	textlayer	2	 er- langten Daten die journalistische Aufgabe des ZDF  durch Ausforschung des Informationsbestandes beein- trächtigt würde.  Der Betroffene kann die Berichtigung unrichtiger Daten  oder die Hinzufügung einer eigenen Darstellung von an- gemessenem Umfang verlangen.  § 18  Datenschutzbeauftragter  (1) Das ZDF bestellt einen Beauftragten für den Date || schäfte. Wird die Einwilli- gung über Bildschirmtext abgegeben, 50 wird sie nur nach  Bestätigung durch den Betroffenen wirksam.  (7) Die Auskunfts-, Berichtigungs-, Löschungs- und  Sperrungsansprüche der Teilnehmer nach Datenschutz- recht bleiben unberührt. Die Auskunftsansprüche gelten  entsprechend für die gemäß Absatz 5 gespeicherten Da- ten. D
1991	51	textlayer	1	80 Jahre, nach Absatz 2 auf 30 bzw. 110 Jahre sowie nach  Absatz 3 auf 30 Jahre.  (5) Rechtsanspruche Betroffener auf Nutzung, Aus·  kunft, Löschung, Berichtigung oder Gegendarstellung  bzw. Anonymisierung ooer Sperrung (§ 4 Abs. 8 und § 6  LArchG) bleiben von den Regelungen der Absätze 1 bis 4  unberührt.  §7  Benutzung privaten Archivgutes  in Ve
1992	13	textlayer	1	Abs. 3  § 12 Abs. 2 Satz 1  Verwaltungsaufgabe  Erteilung von Ausnahmen  Entgegennahme von Mitteilungen und  deren  Bestätigungen.  Ergänzungen  oder Berichtigungen  Festlegung von Form und Inhalt der  schriftlichen Bestätigung sowie Wei~  terleitung einer Ausfertigung  Festlegung der Informationspflichten  Entgegennahme von Anzeigen und  Verlänger
1992	20	textlayer	4	Änderung der Verordnung über beamtenrechtliche Zuständigkeiten im  Geschäftsbereich des Ministeriums für Umwelt, Raumordnung und Landwirtschaft  170  Berichtigung der Verordnung zur Änderung von Ausbildungs- und Prüfungsordnungen gemäß § 26b  SchVG über Berufsfachschulen vom 13. November 1991 (GV. N\V S.500)  5  5. 1992  Verordnung zur Anderung der || 92  Verordnung zur Anderung der Verordnung zur Festsetzung von Höchstmieten für Wohnungen nach § 7 k  Einkommensteuergesetz (HMietVO)  170  170  822  Berichtigung des Fünften :r\achtrags zur Satzung des GemeindeunfallversIcherungsverbandes West- falen-Lippe vom 30. Oktober 1991 (GV ~'. S. 496)  171  16. 4. 1992  Bekanntmachung der Genehmigung der 6 ||  April 1992  223  Der Minister für Umwelt,  Raumordnung und Landwirtschaft  des Landes Nordrhein-Westfalen  Klaus Matthiesen  ~ GV. NW. 1992 S. 170.  Berichtigung  der Verordnung zur Änderung von Ausbildungs- und Prüfungsordnungen gemäß § 26 b Sch VG  über Berufsfachschulen  vom 13. November 1991 (Gv. NW. S. 500)  In Artikel 3 Nr. 8 muß das jeweils || ng  Nordrhein-Westfalen  (L.S.)  Der Ministerpräsident  Johannes Rau  822  Die Ministerin  für Bauen und Wohnen  Ilse Brusis  - GV. NW. 1992 S. 170.  Berichtigung  des Fünften Nachtrags zur Satzung  des Gemeindeunfallversicherungsverbandes  Westfalen-Lippe  vom 30. Oktober 1991 (GV. NW. S. 496)  An den Text des Fünften Nachtrags zur Satzung des  Ge
1992	34	textlayer	2	nhalt  Seite  223  14.7.1992  Gesetz zur Errichtung der Fachhochschule Gelsenkirchen . . . . . . . . . . . . . . . . . . . . . . . . . . .  282  223  Berichtigung der Vierzehnten Verordnung zur Änderung der Vergabeverordnung NW vom 28. Mai 1992  (GV. NW. S. 218) . . . . . . . . . . . . . . . . . . . . . . . . . . . . . . . . . . . . . . . . . . . . || terin für Wissenschaft  und Forschung  Anke Brunn  Der Minister für Wirtschaft,  Mittelstand und Technologie  Günther Einert  - GV. NW. 1992 S. 282.  Berichtigung  ..  betr.: Vierzehnte Verordnung zur Anderung  der Vergabeverordnung NW  vom 28. Mai 1992 (GV. NW. S. 218)  In der Übersicht der Anlage zu Artikel I Nr. 6 Buch- stabe bist nacp.stehende 
1992	41	textlayer	2	ND NORDRHEIN-WESTFALEN  46. Jahrgang Ausgegeben zu Düsseldorf am 10. September 1992  Nummer 41  Glied.- N,.  2011  Datum  14. 8. 1992  Inhalt  Seite  Berichtigung der Zehnten Verordnung zur Änderung der Allgemeinen Verwaltungsgebührenordnung  vom 12. Mai 1992 (GV. NW. S. 194) . .  340  Verordnung über die Festsetzung von Zulassungszahlen und die Ve || neIder beschrinkt  - GV. NW. 1992 S. 334.   340  Gesetz- und Verordnungsblatt für das Land Nordrhein-Westfalen - Nr. 41 vom 10. September 1992  2011  Berichtigung  betr.: Zehnte Verordnung zur Änderung  der Allgemeinen VerwaItungsgebührenordnung  vom 12. Mai 1992 (GV. NW. S. 194)  Bei der TarifsteIle 28.2.1.5 Buchstabe a) (Nr. 102) ist die  Textste
1992	42	textlayer	2	 Nummer 42  Glied.­ Nr.  203012  2031  223  321  600  7861  Datum  18. 7. 1992  26.8.1992  L 9.1992  15.9.1992  1. 9. 1992  15.9.1992  Inhalt  Seite  Berichtigung betr. Verordnung zur Änderung der Verordnung über die Prüfung für die Laufbahn des  höheren Polizeivollzugsdienstes (Prüfungsverordnung Polizei - höherer Dienst [PVPol-hDJ) vom 13. Juli   ||  . . . . . . . . . . . . . . . . .  344   342  Gesetz- und Verordnungsblatt für das Land Nordrhein-Westfalen - Nr, 42 vom 25, September 1992  203012  Berichtigung  Betr.: Verordnung zur Änderung der Verordnung  über die Prüfung für die Laufbahn des hö- heren Polizeivollzugsdienstes (Prüfungsver- ordnung Polizei - höherer Dienst [PVPol-hD])  vom 13.
1992	45	textlayer	2	gkeiten der Aufsichlsbehörde zur Geneh- migung von öffentlich-rechtlichen Vereinbarungen nach dem Gesetz über kommunale Gemeinschafts- i:1rbeit  370  Berichtigung der Verordnung NW TS Nr. 1/92 zur Aufhebung von Verordnungen über Tarife für  die Beförderung bestimmter Güter im allgemeinen Güternahverkehr in Nordrhein~Westfalen vom  10. August 1992 ( || ndung  in Kraft.  Düsseldorf, den 13. September 1992  Der Innenminister  des Landes Nordrhein-Westfalen  Herbert Schnoor  - GV. NW. 1992 S. 370.  97  Berichtigung  Betr.: Verordnung NW TS Nr. 1/92 zur Aufhebung  von Verordnungen über Tarife für die Beför- derung bestimmter Güter im allgemeinen  Güternahverkehr in Nordrhein-Westfalen  vom 10. August
1992	61	textlayer	1	as- sungsnummer und Arbeitsgemeinschaften. Die Liste wird  im Ministerialblatt für das Land Nordrhein-Westfalen  veröffentlicht. Das gleiche gilt für Berichtigungen und  Neufassungen der Liste, die bei Bedarf erstellt werden.  § 15  Ahndung von Pflichtverletzungen  (1) Der Regierungspräsident kann gegen Öffentlich be- stellte Vermessungsingenieure,
1993	52	vision-p1	1	en Hochschulen des Landes Nordrhein- Westfalen (WissHC) Balen (Fechhbehe der gesut - Hgde: Gesctzes über die Fachochschulen im Lande Nordthein- West- Berichtigung der Bekanntmachung der Neufassung der Verordnung über die Ausbildung und Prüfung in der Fachoberschule (Ausbildungs- und Prüfungsordnung gemäß § 26b SchVG - APO-FOS) vom 17. Juni 1993 (GV
1993	53	vision-p1	1	egeben zu Düsseldorf am 24. September 1993 Nummer 53 Glied.- Nr. 1103 203011 222 Datum 18. 8. 1993 17.8.1993 - 231 301 822 7. 9. 1993 7.9.1993 Inhalt Berichtigung des Gesetzes über den Verfassungsgerichtshof für das Land Nordrhein-Westfalen (Ver- fassungsgerichtshofgesetz - VGHG NW -) vom 14. Dezember 1989 (GV. NW. S. 708) Verordnung zur Änderung d
1993	65	vision-p1	1	mber 1993 Nummer 65 Glied.- Nr. 1110 231 Datum 19. 10. 1993 820 19. 10. 1993 19. 10.1993 Inhalt Drittes Gesetz zur Änderung des Wahlkreisgesetzes.... Berichtigung betr. Vierte Verordnung zur Änderung der Verordnung über die Festlegung des städtebau- lichen Entwicklungsbereichs Bonn - Parlaments- und Regierungsviertel vom 7. September 1993 (GV NW.S.
1993	77	vision-p1	1	am 21. Dezember 1993 Nummer 77 Glied.- Nr. 1112 2023 Datum 23. 11.1993 20302 19. 11. 1993 - 20320 301 822 12. 11. 1993 23.11.1993 25. 11. 1993 Inhalt Berichtigung der Kommunalwahlordnung (KWahlO) vom 31. August 1993 (GV. NW. S. 592) -sechsee Ne der Mitieren Keisengehörigen tade nach & a der Gemeinder Gnune nkrdis anh Norel. rhein-Westfalen . . . . 
1993	81	vision-p1	1	unalwahlen im Lande Nordrhein-Westfalen (Kom- munalwahlgesetz) . . . .......... Gesetz zur Üherleitung von Polizeivollzugsbeamten in die Bes.Gr. A 10 Berichtigung der Verordnung zur Anderung der Verordnung über die Bestimmung von Kreispolizei ehörden zu Kriminalhauptstellen (KHSt-VO) vom 28. Februar 1993 (GV. NW. S. 106) . . . . . . ... Gesetz zur 
1994	2	vision-p1	1	N-WESTFALEN 48. Jahrgang Ausgegeben zu Düsseldorf am 18. Januar 1994 Nummer 2 Glied.- Nr. 315 Datum 822 10. 12. 1991 20. 12. 1993 22. 12. 1993 Inhalt Berichtigung der Bekanntmachung der Neufassung des Gesetzes über die juristischen Staatsprüfungen und den juristischen Vorbereitungsdienst (Juristenausbildungsgesetz - JAG) vom 8. November 1993 (GV. N
1994	51	vision-p1	1	s (3, üiber dum nasclespianuese iglieder der Bezinksplanungs- Ver Sddienplur en terunşder Vachemueseleir des insersemester 19s sahlen und die Vergabe Berichtigung der Verordnungen zur Regelung von Zuständigkeiten auf den Gebieten - des Arbeits- und technischen Gefahrenschutzes und - des technischen Umweltschutzes sowie zur Änderung der - Sauerstoff
1994	53	vision-p1	1	iterbildung und Prüfung zum Apotheker/ othekerin für Öffentliches Gesundheitswesen und die Ausbildung zum Amtsapotheker/zur Ar apothekerin (WOAOGW).. Berichtigung der Bekanntmachung der Neufassung des Heilberufsgesetzes (HeilBerG) vom 27. Apri! 1994 (GV. NW. S. 204) .......... /erordnung zur Anpassung der Wertgrenzen nach § 23 Abs. 1 Nr. 2 und der 
1994	57	vision-p1	1	ÜR DAS LAND NORDRHEIN-WESTFALEN 48. Jahrgang Ausgegeben zu Düsseldorf am 8. September 1994 Nummer 57 Gied 230 315 Datum 25. 8. 1994 16. 8.1994 Inhalt Berichtigung der Bekanntmachung der Neufassung des Landesplanungsgesetzes vom 29. Juni 1994 (GV.W.S.474)................ Zwölfte Verordnung zur Änderung der Juristenausbildungsordnung - JAO - ........
1994	69	vision-p1	1	ungen nach dem Gesetz über kommunale Gemeinschafts- .... Verordnung über Bewirtschaftungsbezirke für Rotwild, Sikawild, Damwild und Muffelwild....... Berichtigung der Bekanntmachung der Neufassung des Landesfischereigesetzes vom 22. Juni 199 (GV. NW. S.516)........... Seite 864 
1994	74	vision-p1	1	1994 10, I0. 1994 IT. 1D. 1994 Inhalt Verordnung über die Zulassung der Datenübermittlung von der Polizei an ausländische Polizeibehörden (POIDET NW) Berichtigung der Bekanntmachung der Neufassung der Verordnung über die Bildungsgänge und die Abschlufprüfungen in der dreijährigen häheren Berufsfachschule, die zur Fachhochschulreife und zu Berufsabs
1994	75	vision-p1	1	g Ausgegeben zu Düsseldorf am 17. November 1994 Nummer 75 Glied. Nr. 1110 7124 7126 792 Datum 18. 10, 1994 18. 10.1994 25. 10.1994 20:10.1594" Inhalt Berichtigung der Landeswahlordnung (LWahlO) vom 14. Juli 1994 (GV. NW. S. 548) Zweite Verurdrung zur Änderung der Verordnung über die Zuständigkeiten nach der Handwerksord- nung Verordnung zur Durchfü
1994	83	vision-p1	1	..................... 1065 1069 1065 1065 1067 22.11.1994 Y 57a Aus. erusie uerindigkee er Macapei Angeverfaher nü Norameinh eutealen durpl dei7 1007 Berichtigung der Satzung für den Niersverband (Niersverbandssatzung) vom B. September 1894 (GV. NW. S. 978) . .. 1070 
1995	43	vision-p1	1	rdnung zur Änderung der Verordnung über den prüfungserleichterten Aufstieg vom mittleren in den gehobenen Justizdienst des Landes Nordrhein-Westfalen Berichtigung der Dritten Verordnung zur Änderung der Verordnung über die förmliche Verpflichtung nichtbeamteter Personen im Geschäftsbereich des Finanzministers des Landes Nordrhein-Westfalen. bei der
1995	51	vision-p1	1	 2011 2121 2251 301 Datim ..r.a •.iita... w...i Inhalt -I:n* 30.5.1995 Fünfzehnte Verordnung zur Änderung der Allgemeinen Verwaltungsgebührenordnung. Berichtigung der Verordnung zur Anderung der Verordnung über die Zuständigkeiten im Arzneimit telwesen vom 2. Mai 1995 (GV. NW. S. 380).. 9.6.1995 Satzung der Landesanstalt für Rundfunk Nordrhein-West
1995	56	vision-p1	1	 Jahrgang Ausgegeben zu Düsseldorf am 25. Juli 1995 Nummer 56 Glied.- Nr. 203013 Datum 216 238 301 34 30.6.1995 4. 7. 1995 4.7.1995 20. 6.1995 Inhalt Berichtigung der Verordnung über die Ausbildung und Prüfung für Bewerberinnen und Bewerber der Laufbahn des höheren allgemeinen Verwaltungsdienstes mit einem abgeschlossenen Studium der Wirtschafts-, 
1995	58	vision-p1	2	4 14.7.1995 18.7.1995 17.7.1995 17.7.1995 17.7.1995 17.7.1995 Inhalt Mtren tia ta tenste e a nte orctien wer geblung und Pretung lur die Lautrahn des Berichtigung der Berichtigung vom 19: Januar 1995 (GV. NW. S. 126) der Verordnung über die Lauf- - ro Poli) vom vol angsr 1995 (CVe w.S.s Mordrhein- Westfalen (Laufbahnverordhung der Polize) Einudie W || 1995 17.7.1995 17.7.1995 17.7.1995 17.7.1995 Inhalt Mtren tia ta tenste e a nte orctien wer geblung und Pretung lur die Lautrahn des Berichtigung der Berichtigung vom 19: Januar 1995 (GV. NW. S. 126) der Verordnung über die Lauf- - ro Poli) vom vol angsr 1995 (CVe w.S.s Mordrhein- Westfalen (Laufbahnverordhung der Polize) Einudie Wezirke te eraeitu
1995	60	vision-p1	1	R DAS LAND NORDRHEIN-WESTFALEN 49. Jahrgang Ausgegeben zu Düsseldorf am 22. August 1995 Nummer 60 Glied.- Nr. 282 Datum 31. 5. 1995 24. 7.1995 Inhalt Berichtigung der Ersten Verordnung zur Änderung der Verordnung zur Regelung von Zuständigkeiten auf dem Gebiet des technischen Umweltschutzes (ZustVOtU) vom 2. Mai 1995 (GV. NW. S. 436) . • Öffentlich
1995	79	vision-p1	1	........ Verordnung zur Regelung des Geschäftsrechts und des Betriebes der Sparkassen in Nordrhein-West- falen (Sparkassenverordnung - SpkVO -) . . . Berichtigung des Gesetzes über die Feststellung eines Nachtrags zum Haushaltsplan des Landes Nordrhein-Westfalen für das Haushaltsjahr 1995 (Nachtragshaushaltsgesetz 1995) vom 10. November 1995 (GV. N
1996	3	textlayer	1	t der Berechnung und ihr Beginn anzugeben.  3Wird eine Leistung abgelehnt oder die Zahlung  einer Rente eingestellt, so ist dies zu begründen.  § 75  Berichtigung von Entscheidungen  Stellt sich nachträglich heraus, daß die Entschei- dung auf unrichtigen Voraussetzungen beruht, kann  die Kasse die unrichtige Entscheidung aufheben und  eine neue Ent
1996	9	textlayer	2	 des Jahresarbeitsverdienstes im Bereich der Ausführungsbehörde  für Unfa11~ersicherung des Landes Nordrhein-Westfalen . . . . . . . . . . . . .  81  Berichtigung der Bekanntmachung der Neufassung des Straßen- und Wegegesetzes des Landes Nord- rhein-Westfalen vom 23. September 1995 (GV. NW. S. 1028) . . . . . . . . . . . . . . . . . . . . . . . . . || sident  J ohannes Rau  Der Minister für Arbeit,  Gesundheit und Soziales  Axel Horstmann  Der- Finanzminister  Heinz Schleußer  - GV. NW. 1996 S.81.  Berichtigung  der Bekanntmachung der Neufassung  des Straßen- und Wegegesetzes  des Landes Nordrhein-Westfalen  vom 23. September 1995 (GV. NW. S.1028)  In der Eingangsformel sind die Worte "in der se
1996	11	textlayer	3	iten im Bereich der Staatlichen Bauverwaltung des Landes  Nordrhein-Westfalen ................... '.' .... , , .... , . . . . . . .  . ... , . .  94  Berichtigung der Bekanntmachung der Neufassung des Landesbesoldungsgesetzes vom 6. November  1995 (GV. NW. S. 1166) ...................................••............  5.2. 1996  Dritte Verordnung zur  || 5  .  Verordnung  über Sonderzuständigkeiten . im Bereich  der Staatlichen BauverwaItung  des Landes Nordrhein-Westfalen  Vom 24. Januar 1996  20320  Berichtigung  der Bekanntmachung der Neufassung  des Landesbesoldungsgesetzes  vom 6. November 1995 (GV. NW.S. 1166)  Folgende Berichtigung ist vorzunehmen:  Aufgrund des § 3 der "Verordnung über die  || 4. Januar 1996  20320  Berichtigung  der Bekanntmachung der Neufassung  des Landesbesoldungsgesetzes  vom 6. November 1995 (GV. NW.S. 1166)  Folgende Berichtigung ist vorzunehmen:  Aufgrund des § 3 der "Verordnung über die sachliche  In Anlage 1 ist in der Besoldungsgruppe A 3 der  und örtliche Zuständigkeit der Staatlichen Bauämter des  Landesbeso
1996	14	textlayer	5	 12, 3, 1996  F 3229 A  Gesetz- und Verordnungsblatt  FÜR DAS LAND NORDRHEIN-WESTFALEN  Ausgegeben zu Düsseldorf am 28. März 1996  Nummer 14  Inhalt  Berichtigung der Verordnung über die Laufbahnen der Beamten im Lande Nordrhein-Westfalen  (Laufbahnverordnung - LVO) in der Fassung der Bekanntmachung vom 23. November 1995 (GV. NW.  1996 S. 1) ...... || , .•...... , . . . . . . . . . . . . . . . . . .  . ....... .  Zweite Verordnung zur Änderung der Laufbahnverordnung der Polizei ................. .  Berichtigung der Bekanntmachung der Neufassung des Landesbesoldungsgesetzes vom 6. November  Seite  110  110  1995 (GV. NW. S. 1166) ............ ,  110  641  12.3.1996  Erste Verordnung zur Änderung  ||  geförderten Eigentumsmaßnahmen , . .  111   110  Ges.etz- und Verordnungsblatt für das Land. No'rdrhein-Westfalen - Nr. 14 vom 28. März 1996  20301  Berichtigung  der Verordnung über die Laufbahnen  der Beamten im Lande Nordrbein-Westfalen  (Laufbahnverordnung - LVO) in der Fassung  der Bekanntmachung vom 23. November 1995  (GV. NW. 1996 S. 1)  1. || Verkündung  in Kraft.  Düsseldorf, den 12. März 1996  20320  Der Innenminister  des Landes Nordrhein-Westfalen  F. J. Kniola  - GV. NW. 1996 S. 110.  Berichtigung  der Bekanntmachung der Neufassung  des Landesbesoldungsgesetzes  vom 6. November 1995 (GV. NW. S. 1166)  In Anlage 1 zum Landesbesoldungsgesetz ist in der  Besoldungsgruppe A 3 das Wort  || ngen bei mit öffentlichen Mitteln und mit Woh- nungsfürsorgeroitteln geförderten Miet- und Genossen- schaftswohnungen vom 22. September 1982 mit der  Berichtigung vom 8. November 1982 (GV. NW. S. 614/  S. 680) wird wie folgt geändert:  1. § 1 wird wie folgt geändert:  a) In Absatz 1 wird das Zitat "des § 2" durch das Zitat  "der §§ 2 und 2 a" erset
1996	15	textlayer	1	ereits vor der  Verkündung eines Gemeindefinanzierungsgesetzes für  das Haushaltsjahr notwendig werden.  §38  Ausgleich fehlerhafter Zuweisungen  Das Berichtigungsverfahren hinsichtlich der von den  Gemeinden gemeldeten Daten zur Festsetzung von ein- wohnerabhängigen Zuweisungen aus dem allgemeinen  Steuerverbund regeln das Innenministerium und das
1996	16	textlayer	2	iversorgungsschein .  136  Gesetz zur Umsetzung des Pflege-Versicherungsgesetzes (Landespflegegesetz Nordrhein-Westfalen- PO NW)  . • . . . . .  137  Berichtigung der Bekanntmachung der Neufassung des Straßen- und Wegegesetzes des Landes Nom- rhein-Westfalen vom 23. September 1995 (GV. NW. S. 1028) . . .  . ...... .  141  Verordnung zur Änderung de || 0 1 a  Der Minister  für Arbeit, Gesundheit und Soziales  Axel Horstmann  Der Minister für  Bauen und Wohnen  Michael Vesper  - GV. NW. 1996 S. 137.  Berichtigung  der Bekanntmachung der Neufassung  des Straßen- und Wegegesetzes  des Landes Nordrhein-Westfalen  vom 23. September 1995 (GV. NW. S. 1028)  In § 3 Abs. 2 ist im 2. Halbsatz das Wort "ode
1996	17	textlayer	2	en Jahresbericht spätestens nach Ablauf von 7 Mona- ten vorzulegen.  (3) Soweit die Einnahmen nicht zur Deckung der  Ausgaben, zu Abschreibungen, Wertberichtigungen, Bil- dung von Rückstellungen und Rücklagen, Tilgung von  Verlustvorträgen sowie zur Verzinsung des Stammkapi- tals verwendet werden, sind sie in voller Höhe den  RückstelllUlgen für Be || en Jahresbericht spätestens nach Ablauf von 7 Mona- ten vorzulegen.  (3) Soweit die Einnahmen nicht zur Deckung der  Ausgaben, zu Abschreibungen, Wertberichtigungen, Bil- dung VO~ Rückstellungen und Rücklagen" Tilgung von  Verlustvorträgen sowie zur Verzinsung des Stammkapi- tals verwendet werden, sind ,sie in . voller Höhe den  Rückstellungen für 
1996	18	textlayer	2	ennung, Entlassung und Zurruheset­ zung der Beamten und Richter des Landes Nordrhein-Westfalen. . . . . . . . . . . . . . . . . . . . . . .  156  77  Berichtigung der Änderung der Satzung für den Ruhrverband vom 5. Februar 1996 (GV. NW. S. 96)  156  77  15. 4. 1996  Änderung der Satzung für die Linksniederrheinische Entwässerungs-Genossenschaft ... || ierung   Nordrhein-Westfalen   Der Ministerpräsident   (L.S.)  Johannes Rau   Der Innenminister   Franz-Josef Kniola   - GV. NW. 1996 S. 156.  77  .. Berichtigung der Anderung der Satzung  für den Ruhrverband  vom 5. Februar 1996 (GV. NW. S. 96)  Die Änderung der Satzung für den Ruhrverband vom  5. Februar 1996 (GV. NW. S. 96) wird wie folgt berich
1996	22	textlayer	2	nzgesetz (VO zu § 5  SchFG) .•••. __ .• • . . . . . • . • . • . . . . . . . . . . . . . . . . . . . • . . • . • • • • • • . • • • . • • • • • .  162  Berichtigung der Änderung der Satzung für den Ruhrverband vom 5. Februar 1990{GV. NW. S. 96).  183  7.5.1996  Dritte Verordnung zur Änderung der Verordnung zur Ausführung des Jugendarbeitsschutzgesetz || stlalen  Gabriele Behler  - GV. III'W. 1996 S. 182.   Gesetz- und Verordnungsblatt für das Land Nordrhein-Westfalen - Nr. 22 vom 31. Mai 1996  77  .. Berichtigung  der Anderung der Satzung  für den Ruhrverband  vom 5. Februar 1996 (GV. NW. S. 96)  Die Änderung der Satzung für den Ruhrverband vom  5. Februar 1996 (GV. NW. S. 96) wird wie folgt beric
1996	27	textlayer	4	. . . . . . . . . . . . . . . . . . . . .  215  Verordnung über die Zuständigkeiten auf dem Gebiet der Fleisch- und der Gefiügelfieischhygiene.  21~  Berichtigung der Bekanntmachung der Neufassung des Straßen- und Wegegesetzes des Landes Nord- rhein-Westfalen vom 23. September 1995 (GV. NW. S, 1028) . . . . . . . . . . . . . . . . . . . . . . . . . || und Wegegesetzes des Landes Nord- rhein-Westfalen vom 23. September 1995 (GV. NW. S, 1028) . . . . . . . . . . . . . . . . . . . . . . . . . .  216  "Berichtigung der Bekanntmachung der Genehmigung der 26. Änderung des Gebietsentwicklungsplaw  nes für den Regierungsbezirk Köln, Tetlabschnitt Kreisfreie Stadt Köln. Kreisfreie Stadt Leverkusen,  Erft || hein-Westfalen  Der Ministerpräsident  Johannes Rau  Die Ministerin für Umwelt,  Raumordnung und Landwirtschaft  Bärbel Höhn  - GV. NW. 1996 S. 215.  Berichtigung  der Bekanntmachung der Neufassung  des Straßen- und Wegegesetzes  des Landes Nordrhein-Westfalen  vom 23. September 1995 (GV. NW. S. 1028)  § 35 a Abs. 1 Satz 2 ist wie folgt zu berichti ||  beeinflußt wird. j,  - GV. NW. 1996 S. 216.   " .  Geaetz- und Verordnungsblatt für das Land Nordrhein-Westfalen - Nr. 27 vom 29, Juni 1996  , ,','  Berichtigung  der Bekanntmachuug der Genehmigung  der Z6. Änderung des Gebietsentwicklungsplanes  für den Regierungsbezirk Köln,  Te1labscbnitt Kreisfreie Stadt Köln,  Kreisfreie Stadt Leverkusen, Erf
1996	31	textlayer	2	m Gesetz über Tageseinrichtungen für  Kinder. . . . . . . . . . . . . . . . . . . . .  . . . . . . . . . . . . . . . . . . . . . .. .....  240  2251  Berichtigung der Verordnung über die Durchführung eines Modellversuchs mit digitalem Fernsehen  und neuen digitalen Kommunikationsdiensten in Nordrhein-Westfalen - 1. Medienversuchsverord­ nung  1. MV ||  28. Juni 1996.  Der Minister  für Arbeit, Gesundheit und Soziales  des Landes Nordrhein-Westfalen  Dr. Axel Horstmann  - GV. NW. 1996 S. 240.  2251  Berichtigung  der Verordnung über die Durchführung  eines Modellversuchs mit digitalem Fernsehen  und neuen digitalen Kommunikationsdiensten  in Nordrhein-Westfalen- 1. Medienversuchsverordnung - 1. M
1996	32	textlayer	2	erungsbezirksübergreifenden  Schulbezirken für Bezirksfachklassen an Berufsschulen. . . . . . . . . . . . . . . . . . . . . . . . . . . .  244  2251  Berichtigung der ersten Satzung zur Änderung der Satzung der Landesanstalt für Rundfunk Nord­ rhein-Westfalen (LfR) über die Förderung Offener Kanäle in Kabelanlagen vom 19. Oktober 1995  (GV. NW. 199 ||   des Landes Nordrhein-Westfalen  Die Ministerin  für Wissenschaft und Forschung  des Landes Nordrhein-Westfalen  Anke Brunn  - GV. NW. 1996 S. 244.  Berichtigung  der ersten Satzung zur Änderung  der Satzung der Landesanstalt für Rundfunk  Nordrhein-Westfalen (LfR)  über die Förderung Offener Kanäle  in Kabelanlagen  vom 19. Oktober 1995 (GV. NW. 
1996	37	textlayer	1	Die Datenverarbeitung im Auftrag ist nur  zulässig nach Weisung der Schulaufsichtsbehörden und  ausschließlich für deren Zwecke.  §4  Datenerhebung,  Berichtigung, Auskunft, Einsicht in Akten  (1) Die in § 1 Abs. 1 genannten Personen sind bei der  Erhebung ihrer in den Anlagen aufgeführten Daten zur  Auskunft verpflichtet, soweit sie nicht als frei
1996	41	textlayer	4	usgleichsämter in  Nordrhein-Westfalen. . . . . . . . . . . . . . . . . . . . . . . . . . . . . . . . . . . . . . . . . . . . . . . . . .  358  7134  Berichtigung der Verordnung über die Ausbildung und Prüfung für den Ausbildungsberuf Vermes­ sungstechnikerlVermessungstechnikerin (Ausbildungs- und Prüfungsordnung Vermessungstechni- ker-APO VermT) v || gsordnung Vermessungstechni- ker-APO VermT) vom 16. Juli 1996 (GV. NW. S. 330). . . . . . . . . . . . . . . . . . . . . . . . . . . . . . .  355  91  Berichtigung der Bekanntmachung der Neufassung des Straßen- und Wegegesetzes des Landes Nord­ rhein-Westfalen vom 23. September 1995 (GV. NW. S. 1028) . . . . . . . . . . . . . . . . . . . . . . . . . || S.)  Die Landesregierung  Nordrhein-Westfalen  Der Ministerpräsident  Johannes Ra u  Der Justizminister  Fritz Behrens  - GV. NW. 1996 S. 355.  7134  Berichtigung  der Verordnung über die  Ausbildung und Prüfung für den Ausbildungsberuf  VermessungstechnikerlVermessungstechnikerin  (Ausbildungs- und Prüfungsordnung  Vermessungstechniker-APO VermT)  || Einzelbewertungen"  ersetzt.  4. In § 35 Abs. 1 wird das Wort "Rahmenplänen" durch  das Wort "Rahmenlehrplänen" ersetzt.  91  - GV. NW. 1996 S. 355.  Berichtigung  der Bekanntmachung der Neufassung  des Straßen- und Wegegesetzes  des Landes Nordrhein-Westfalen  vom 23. September 1995 (GV. NW. S. 1028)  § 30 Abs. 5 ist wie folgt zu berichtigen:  ,,(
1996	46	textlayer	2	ber 1996  Nummer 46  Glied.­ Nr.  Datum  Inhalt  Seite  2022  25. 9. 1996  Änderung der Hauptsatzung des Landschaftsverbandes Rheinland  416  203012  Berichtigung der Verordnung zur Änderung der Verordnung über die Ausbildung und die II. Fachprü­ fung der Polizeivollzugsbeamten des Landes Nordrhein-Westfalen (Ausbildungs- und Prüfungsver­ ordnung L || Rheinland  Esser  - GV. NW. 1996 S. 417.   418  Gesetz- und Verordnungsblatt für das Land Nordrhein-Westfalen - Nr. 46 vorn 25. Oktober 1996  203012  Berichtigung  Verordnung zur Änderung der Verordnung  über die Ausbildung und die 11. Fachprüfung  der Polizeivollzugsbeamten  des Landes Nordrhein-Westfalen  (Ausbildungs- und Prufungsverordnung  Lau
1996	52	textlayer	2	g zur Änderung der Verordnung über beamtenrechtliche Zuständigkeiten im Ge¬ schäftsbereich des Ministeriums für Wissenschaft und Forschung  460 20301 Berichtigung der Verordnung über die Ausbildung und Prüfung für die Laufbahn des höheren Forst¬ dienstes im Lande Nordrhein-Westfalen (VAPhöhFD) vom 5. September 1996 (GV. NW. S. 388) .... 462 8. 11.  || er 1996 Ministerium für Umwelt, Raumordnun  und Landwirtschaft des Landes Nordrhein-Westfalen Im Auftrag Dr. Pietrzeniuk - GV. NW. 1996 S. 461. 20301 Berichtigung der Verordnung über die Ausbildung und Prüfung für die Laufbahn des höheren Forstdienstes im Lande Nordrhein-Westfalen (VAPhöhFD) vom 5. September 1996 (GV. NW. S. 388) In § 16 Nr. 1 ist 
1996	61	textlayer	1	its vor der Verkündung eines Ge- meindefinanzierungsgesetzes für das Haushaltsjahr not- wendig werden.  § 36  Ausgleich fehlerhafter Zuweisungen  Das Berichtigungsverfahren hinsichtlich der von den  Gemeinden gemeldeten Daten zur Festsetzung von ein- wohnerabhängigen Zuweisungen aus dem allgemeinen  Steuerverbund regeln das Innenministerium und das
