1990	1	vision-p1	0	
1990	2	vision-p1	0	
1990	3	vision-p1	0	
1990	4	vision-p1	0	
1990	5	vision-p1	0	
1990	6	vision-p1	0	
1990	7	vision-p1	0	
1990	8	vision-p1	0	
1990	9	vision-p1	0	
1990	10	vision-p1	0	
1990	11	vision-p1	0	
1990	12	vision-p1	0	
1990	13	vision-p1	0	
1990	14	vision-p1	0	
1990	15	vision-p1	0	
1990	16	vision-p1	0	
1990	17	vision-p1	0	
1990	18	vision-p1	0	
1990	19	vision-p1	0	
1990	20	vision-p1	0	
1990	21	vision-p1	0	
1990	22	vision-p1	0	
1990	23	vision-p1	0	
1990	24	vision-p1	0	
1990	25	vision-p1	0	
1990	26	vision-p1	0	
1990	27	vision-p1	0	
1990	28	vision-p1	0	
1990	29	vision-p1	0	
1990	30	vision-p1	0	
1990	31	vision-p1	0	
1990	32	vision-p1	0	
1990	33	vision-p1	0	
1990	34	vision-p1	0	
1990	35	vision-p1	0	
1990	36	vision-p1	0	
1990	37	vision-p1	0	
1990	38	vision-p1	0	
1990	39	vision-p1	0	
1990	40	vision-p1	0	
1990	41	vision-p1	0	
1990	42	vision-p1	0	
1990	43	vision-p1	0	
1990	44	vision-p1	0	
1990	45	vision-p1	0	
1990	46	vision-p1	0	
1990	47	vision-p1	0	
1990	48	vision-p1	0	
1990	49	vision-p1	1	
1990	50	vision-p1	0	
1990	51	vision-p1	0	
1990	52	vision-p1	0	
1990	53	vision-p1	0	
1990	54	vision-p1	0	
1990	55	vision-p1	0	
1990	56	vision-p1	0	
1990	57	vision-p1	0	
1990	58	vision-p1	0	
1990	59	vision-p1	1	
1990	60	vision-p1	0	
1990	61	vision-p1	0	
1990	62	vision-p1	0	
1990	63	vision-p1	0	
1990	64	vision-p1	0	
1990	65	vision-p1	0	
1990	66	vision-p1	0	
1990	67	vision-p1	0	
1990	68	vision-p1	0	
1990	69	vision-p1	0	
1990	70	vision-p1	0	
1990	71	vision-p1	0	
1990	72	vision-p1	0	
1990	73	vision-p1	0	
1990	74	vision-p1	0	
1990	75	vision-p1	0	
1991	1	textlayer	0	
1991	2	textlayer	0	
1991	3	textlayer	0	
1991	4	textlayer	0	
1991	5	textlayer	0	
1991	6	textlayer	0	
1991	7	textlayer	0	
1991	8	textlayer	5	
1991	9	textlayer	0	
1991	10	textlayer	0	
1991	11	textlayer	3	
1991	12	textlayer	2	
1991	13	textlayer	0	ndigung der Aufgabe folgenden Tag. Sie  wird jeweils um zwei Tage verlängert, wenn die Oster-,  Pfingst- oder Weihnachtsfeiertage in den Bearbeitungs- zeitraum fallen. Fällt der Abgabetermin auf einen Sonn-  Gesetz- und Verordnungsblatt für || esetz- und Verordnungsblatt für das Land Nordrhein-Westfalen - Nr. 13 vom 18. März 1991  155  abend, einen Sonntag oder Feiertag, so genügt die Auflie- ferung bei der Post oder die persönliche Abgabe beim  Oberprüfungsamt am darauffolgenden
1991	14	textlayer	0	
1991	15	textlayer	2	bs. 1 Satz 2 erhält folgende Fassung:  "Die durchschnittliche Wochenarbeitszeit vermindert  sich für jeden gesetzlichen Feiertag, der auf einen  Werktag fällt, um die Stunden, die an diesem Tag zu  leisten wären, für Beamte im Wechseldienst || elben Verwaltungs- zweiges mit Regelarbeitszeit im Sinne des § 7, und zwar  ohne Rücksicht darauf, ob der Beamte an dem Feiertag  tatsächlich Dienst leisten muß."  3. § 2 wird um folgenden Absatz 3 ergänzt:  ,,(3) Teilzeitbeschäftigung wird
1991	16	textlayer	0	
1991	17	textlayer	0	
1991	18	textlayer	4	
1991	19	textlayer	0	2  Datum  17. 4. 1991  17. 4. 1991  16. 11. 1990  17. 12. 1990  26. 3. 1991  I n hai t  St>ltP  Gesetz zur Änderung des Feiertagsgesetzes NW  200  Zweites Gesetz zur Änderung des Gesetzes zur Änderung hochschulrechtlicher Bestimmungen.  200 ||   Gesetz- und Ver'lrdnungsblatt für das Land Nordrhein-Westfalen - Nr 19 vom 3. Mai 1991  113  Gesetz  zur Änderung des Feiertagsgesetzes NW  Vom 17. April 1991  Der Landtag hat das folgende Gesetz beschlossen, das  hiermit verkündet wird:  || s NW  Vom 17. April 1991  Der Landtag hat das folgende Gesetz beschlossen, das  hiermit verkündet wird:  Artikel I  Das Feiertagsgesetz NW in der Fassung der Bekannt- machung vom 23. April 1989 (GV. NW. S. 222) wird wie folgt  geändert:  1.
1991	20	textlayer	0	
1991	21	textlayer	0	
1991	22	textlayer	0	
1991	23	textlayer	0	
1991	24	textlayer	0	
1991	25	textlayer	0	
1991	26	textlayer	0	
1991	27	textlayer	2	
1991	28	textlayer	0	 875), zu- letzt geändert durch Gesetz vom 10. Juli 1989 (BGBL I  S. 1382), wird verordnet:  § 1  Verkauf an Sonntagen, Feiertagen und Samstagen  in Kur-, Ausflugs- und Erholungsorten  (1) In den Kur-,Ausflugs- und Erholungsorten, die in de || 41), Süßwaren, Tabakwaren, Blumen, Zeitun- gen und Waren, die für diese Orte kennzeichnend sind, an  den dort genannten Sonn- und Feiertagen bis zur Dauer  von acht Stunden verkauft werden.  (2) In den Kur-, Ausflugs- und Erholungsorten, di || is  14.00 Uhr offenhalten, müssen am Montag derselben Woche  ab 14.00 Uhr geschlossen sein.  § 2  Verkauf an Sonntagen, Feiertagen und Samstagen  in Wallfahrtsorten  (1) In den Wallfahrtsorten, die in der Anlage zu dieser  Verordnung unter  || nd Fett- gesetzes, Süßwaren, Blumen und Waren, die für diese Orte  kennzeichnend sind, an den dort genannten Sonn- und  Feiertagen bis zur Dauer von acht Stunden verkauft wer- den.  (2) In den Wallfahrtsorten, die in der Anlage zu dieser  V || setzes, Süßwaren, Tabak- waren, Devotionalien und Waren, die für diese Orte kenn- zeichnend sind, an den dort genannten Sonn- und Feier- tagen bis zur Dauer von acht Stunden verkauft werden.  (2) In den sonstigen Ausflugs-, Erholungs- und W || enschutzes (ZustVO AltG) vom  6. Februar 1973 (GV. NW. S. 66) in der jeweils geltenden  Fassung genannten Regelungen an Sonn- und Feiertagen  beschäftigt werden, ist auf Wunsch die Freizeit, die zum  Besuch des Vormittagsgottesdienstes erfo ||  A  Kur-, Ausflugs- und Erholungsorte, in denen, beginnend  mit dem ersten Sonntag im März,an 40 aufeinanderfolgen- den Sonn- und Feiertagen, mit Ausnahme der stillen Feier- tage (§ 6 Feiertagsgesetz NW in der Fassung der Bekannt- machung v || dem ersten Sonntag im März,an 40 aufeinanderfolgen- den Sonn- und Feiertagen, mit Ausnahme der stillen Feier- tage (§ 6 Feiertagsgesetz NW in der Fassung der Bekannt- machung vom 23. April 1989 - GV. NW. S. 222 -, geändert  durch Gesetz vom ||  Haltern (mit der Maßgabe, daß die Regelung,  beginnend mit dem ersten Sonntag im März, nur an  25 aufeinanderfolgenden Sonn- und Feiertagen gilt)  in der Gemeinde Legden der Ferien- und Freizeithof  "Dorf Münsterland"  in der Gemeinde Nord || end  mit dem ersten Sonntag nach dem 15. Mai, an 23 und, be- ginnend mit dem 25. Dezember, an 17 aufeinanderfolgen- den Sonn- und Feiertagen, mit Ausnahme der stillen Feier- tage (§ 6 Feiertagsgesetz NW) und des Fronleichnamstags,  ein Gesc || nend mit dem 25. Dezember, an 17 aufeinanderfolgen- den Sonn- und Feiertagen, mit Ausnahme der stillen Feier- tage (§ 6 Feiertagsgesetz NW) und des Fronleichnamstags,  ein Geschäftsverkehr zugelassen ist (§ 1 Abs. 1 der Ver- ordnung):  Im R || n  C  Kur-,Ausflugs- und Erholungsorte, in denen, beginnend  mit dem 25. Dezember, an 17 aufeinanderfolgenden Sonn- und Feiertagen, mit Ausnahme der stillen Feiertage (§ 6  Feiertagsgesetz NW) ein Geschäftsverkehr zugelassen ist  (§ 1 Abs.  || e, in denen, beginnend  mit dem 25. Dezember, an 17 aufeinanderfolgenden Sonn- und Feiertagen, mit Ausnahme der stillen Feiertage (§ 6  Feiertagsgesetz NW) ein Geschäftsverkehr zugelassen ist  (§ 1 Abs. 1 der Verordnung):  1. Im Regierungsb || innend  mit dem 25. Dezember, an 17 aufeinanderfolgenden Sonn- und Feiertagen, mit Ausnahme der stillen Feiertage (§ 6  Feiertagsgesetz NW) ein Geschäftsverkehr zugelassen ist  (§ 1 Abs. 1 der Verordnung):  1. Im Regierungsbezirk Arnsberg:  || Udenbreth  in der Stadt Monschau der Stadtteil Rohren  D  Kur-, Ausflugs- und Erholungsorte, in denen an folgen- den 40 Sonn- und Feiertagen, mit Ausnahme der stillen  Feiertage (§ 6 Feiertagsgesetz NW), des Christi Himmel- fahrtstags und d || ohren  D  Kur-, Ausflugs- und Erholungsorte, in denen an folgen- den 40 Sonn- und Feiertagen, mit Ausnahme der stillen  Feiertage (§ 6 Feiertagsgesetz NW), des Christi Himmel- fahrtstags und des Fronleichnamstags, ein Geschäftsver- kehr zug ||  Ausflugs- und Erholungsorte, in denen an folgen- den 40 Sonn- und Feiertagen, mit Ausnahme der stillen  Feiertage (§ 6 Feiertagsgesetz NW), des Christi Himmel- fahrtstags und des Fronleichnamstags, ein Geschäftsver- kehr zugelassen ist (§  || dt Tecklenburg mit Ausnahme der Stadtteile Ledde  und Leeden  F  Wallfahrtsorte, in denen an den nachstehend genannten  Sonn- und Feiertagen ein Geschäftsverkehr zugelassen ist  (§ 2 Abs. 1 der Verordnung):  1. Im Regierungsbezirk Arnsberg: || kehr zugelassen ist  (§ 2 Abs. 1 der Verordnung):  1. Im Regierungsbezirk Arnsberg:  Stadt Werl  an je einem Sonn- oder Feiertag aus Anlaß der Ermlän- der-Wallfahrt, der Wallfahrt der Glatzer und Sudeten-  Gesetz- und Verordnungsblatt für d || n den  Grenzen bis zum 30. 6. 1969 und der Stadtteil Winneken- donk  an 40, dem 1. Dezember jeden Jahres vorangehenden  Sonn- und Feiertagen, mit Ausnahme des Karfreitags  in der Stadt Velbert der Stadtteil Neviges in den Gren- zen bis zum  || l Neviges in den Gren- zen bis zum 31. 12. 1974  beginnend mit dem ersten Sonntag im März, an 40 auf- einanderfolgenden Sonn- und Feiertagen, mit Aus- nahme der stillen Feiertage (§ 6 Feiertagsgesetz NW)  4. Im Regierungsbezirk Köln:  in de || beginnend mit dem ersten Sonntag im März, an 40 auf- einanderfolgenden Sonn- und Feiertagen, mit Aus- nahme der stillen Feiertage (§ 6 Feiertagsgesetz NW)  4. Im Regierungsbezirk Köln:  in der Gemeinde Aldenhoven der Ortsteil Aldenhoven  au || em ersten Sonntag im März, an 40 auf- einanderfolgenden Sonn- und Feiertagen, mit Aus- nahme der stillen Feiertage (§ 6 Feiertagsgesetz NW)  4. Im Regierungsbezirk Köln:  in der Gemeinde Aldenhoven der Ortsteil Aldenhoven  aus Anlaß des  2. || ällt  in der Stadt Heimbach der Stadtteil Heimbach,  beginnend mit dem 1. Sonntag im März, an 40 aufeinan- derfolgenden Sonn- und Feiertagen, mit Ausnahme der  stillen Feiertage (§ 6 Feiertagsgesetz NW)  in der Gemeinde Odenthai der Ortstei || ch,  beginnend mit dem 1. Sonntag im März, an 40 aufeinan- derfolgenden Sonn- und Feiertagen, mit Ausnahme der  stillen Feiertage (§ 6 Feiertagsgesetz NW)  in der Gemeinde Odenthai der Ortsteil Altenberg aus  Anlaß der Anzündung des Altenbe || mit dem 1. Sonntag im März, an 40 aufeinan- derfolgenden Sonn- und Feiertagen, mit Ausnahme der  stillen Feiertage (§ 6 Feiertagsgesetz NW)  in der Gemeinde Odenthai der Ortsteil Altenberg aus  Anlaß der Anzündung des Altenberger Lichtes am || erg  Stadt Teigte ohne den Stadtteil Westbevern  beginnend mit dem ersten Sonntag im März, an 40 auf- einanderfolgenden Sonn- und Feiertagen, mit Aus- nahme der stillen Feiertage (§ 6 Feiertagsgesetz NW)  G  Wallfahrtsorte, in denen samstag || beginnend mit dem ersten Sonntag im März, an 40 auf- einanderfolgenden Sonn- und Feiertagen, mit Aus- nahme der stillen Feiertage (§ 6 Feiertagsgesetz NW)  G  Wallfahrtsorte, in denen samstags ein erweiterter Ge- schäftsverkehr zugelassen i || em ersten Sonntag im März, an 40 auf- einanderfolgenden Sonn- und Feiertagen, mit Aus- nahme der stillen Feiertage (§ 6 Feiertagsgesetz NW)  G  Wallfahrtsorte, in denen samstags ein erweiterter Ge- schäftsverkehr zugelassen ist (§ 2 Abs. 2  || flugs-, Erholungs- und Wallfahrtsorte, in  denen, beginnend mit dem ersten Sonntag im März, an 40  aufeinanderfolgenden Sonn- und Feiertagen, mit Aus- nahme der stillen Feiertage (§ 6 Feiertagsgesetz NW) und  des Fronleichnamstags, ein Gesc ||  beginnend mit dem ersten Sonntag im März, an 40  aufeinanderfolgenden Sonn- und Feiertagen, mit Aus- nahme der stillen Feiertage (§ 6 Feiertagsgesetz NW) und  des Fronleichnamstags, ein Geschäftsverkehr zugelassen  ist  (§ 3 Abs. 1 der Ver || dem ersten Sonntag im März, an 40  aufeinanderfolgenden Sonn- und Feiertagen, mit Aus- nahme der stillen Feiertage (§ 6 Feiertagsgesetz NW) und  des Fronleichnamstags, ein Geschäftsverkehr zugelassen  ist  (§ 3 Abs. 1 der Verordnung):  1. I
1991	29	textlayer	0	
1991	30	textlayer	2	
1991	31	textlayer	0	
1991	32	textlayer	2	
1991	33	textlayer	0	ndigung der Aufgabe folgenden Tag. Sie  wird jeweils um zwei Tage verlängert, wenn die Oster-,  Pfingst- oder Weihnachtsfeiertage in den Bearbeitungs- zeitraum fallen. Fällt der Abgabetermin auf einen Sonn- abend, einen Sonntag oder Feierta || hnachtsfeiertage in den Bearbeitungs- zeitraum fallen. Fällt der Abgabetermin auf einen Sonn- abend, einen Sonntag oder Feiertag, so genügt die Auslie- ferung bei der Post oder die persönliche Abgabe beim  Oberprüfungsamt am darauffolgenden
1991	34	textlayer	0	
1991	35	textlayer	0	
1991	36	textlayer	0	
1991	37	textlayer	0	
1991	38	textlayer	0	
1991	39	textlayer	2	
1991	40	textlayer	0	
1991	41	textlayer	0	
1991	42	textlayer	0	
1991	43	textlayer	0	
1991	44	textlayer	0	
1991	45	textlayer	0	
1991	46	textlayer	0	
1991	47	vision-p1	0	
1991	48	textlayer	0	
1991	49	textlayer	0	
1991	50	textlayer	2	
1991	51	textlayer	1	
1991	52	textlayer	0	
1991	53	textlayer	0	
1991	54	textlayer	0	
1991	55	textlayer	0	
1991	56	textlayer	0	
1991	57	textlayer	0	
1991	58	textlayer	0	
1991	59	textlayer	0	
1991	60	textlayer	0	
1991	61	textlayer	0	
1991	62	textlayer	0	
1992	1	textlayer	0	
1992	2	textlayer	0	
1992	3	textlayer	0	
1992	4	textlayer	0	
1992	5	textlayer	0	
1992	6	textlayer	0	
1992	7	textlayer	0	
1992	8	textlayer	0	
1992	9	textlayer	0	
1992	10	textlayer	0	
1992	11	textlayer	0	
1992	12	textlayer	0	
1992	13	textlayer	1	
1992	14	textlayer	0	
1992	15	textlayer	0	
1992	16	textlayer	0	
1992	17	textlayer	0	
1992	18	textlayer	0	
1992	19	textlayer	0	
1992	20	textlayer	4	
1992	21	textlayer	0	
1992	22	textlayer	0	
1992	23	textlayer	0	
1992	24	textlayer	0	
1992	25	textlayer	0	
1992	26	textlayer	0	
1992	27	textlayer	0	
1992	28	textlayer	0	
1992	29	textlayer	0	
1992	30	textlayer	0	
1992	31	textlayer	0	
1992	32	textlayer	0	
1992	33	textlayer	0	
1992	34	textlayer	2	
1992	35	textlayer	0	
1992	36	textlayer	0	
1992	37	textlayer	0	
1992	38	textlayer	0	
1992	39	textlayer	0	
1992	40	textlayer	0	
1992	41	textlayer	2	
1992	42	textlayer	2	
1992	43	textlayer	0	
1992	44	textlayer	0	
1992	45	textlayer	2	
1992	46	textlayer	0	
1992	47	textlayer	0	
1992	48	textlayer	0	
1992	49	textlayer	0	
1992	50	textlayer	0	
1992	51	textlayer	0	
1992	52	textlayer	0	
1992	53	textlayer	0	
1992	54	textlayer	0	
1992	55	textlayer	0	
1992	56	textlayer	0	
1992	57	textlayer	0	
1992	58	textlayer	0	
1992	59	textlayer	0	
1992	60	textlayer	0	
1992	61	textlayer	1	
1992	62	vision-p1	0	
1992	63	textlayer	0	
1993	1	vision-p1	0	
1993	2	vision-p1	0	
1993	3	vision-p1	0	
1993	4	vision-p1	0	
1993	5	vision-p1	0	
1993	6	vision-p1	0	
1993	7	vision-p1	0	
1993	8	vision-p1	0	
1993	9	vision-p1	0	
1993	10	vision-p1	0	
1993	11	vision-p1	0	
1993	12	vision-p1	0	
1993	13	vision-p1	0	
1993	14	vision-p1	0	
1993	15	vision-p1	0	
1993	16	vision-p1	0	
1993	17	vision-p1	0	
1993	18	vision-p1	0	
1993	19	vision-p1	0	
1993	20	vision-p1	0	
1993	21	vision-p1	0	
1993	22	vision-p1	0	
1993	23	vision-p1	0	
1993	24	vision-p1	0	
1993	25	vision-p1	0	
1993	26	vision-p1	0	
1993	27	vision-p1	0	
1993	28	vision-p1	0	
1993	29	vision-p1	0	
1993	30	vision-p1	0	
1993	31	vision-p1	0	
1993	32	vision-p1	0	
1993	33	vision-p1	0	
1993	34	vision-p1	0	
1993	35	vision-p1	0	
1993	36	vision-p1	0	
1993	37	vision-p1	0	
1993	38	vision-p1	0	
1993	39	vision-p1	0	
1993	40	vision-p1	0	
1993	41	vision-p1	0	
1993	42	vision-p1	0	
1993	43	vision-p1	0	
1993	44	vision-p1	0	
1993	45	vision-p1	0	
1993	46	vision-p1	0	
1993	47	vision-p1	0	
1993	48	vision-p1	0	
1993	49	vision-p1	0	
1993	50	vision-p1	0	
1993	51	vision-p1	0	
1993	52	vision-p1	1	
1993	53	vision-p1	1	
1993	54	vision-p1	0	
1993	55	vision-p1	0	
1993	56	vision-p1	0	
1993	57	vision-p1	0	
1993	58	vision-p1	0	
1993	59	vision-p1	0	
1993	60	vision-p1	0	
1993	61	vision-p1	0	
1993	62	vision-p1	0	
1993	63	vision-p1	0	
1993	64	vision-p1	0	
1993	65	vision-p1	1	
1993	66	vision-p1	0	
1993	67	vision-p1	0	
1993	68	vision-p1	0	
1993	69	vision-p1	0	
1993	70	vision-p1	0	
1993	71	vision-p1	0		
1993	72	vision-p1	0		
1993	73	vision-p1	0		
1993	74	vision-p1	0		
1993	75	vision-p1	0		
1993	76	vision-p1	0		
1993	77	vision-p1	1		am 21. Dezember 1993 Nummer 77 Glied.- Nr. 1112 2023 Datum 23. 11.1993 20302 19. 11. 1993 - 20320 301 822 12. 11. 1993 23.11.1993 25. 11. 1993 Inhalt Berichtigung der Kommunalwahlordnung (KWahlO) vom 31. August 1993 (GV. NW. S. 592) -sechsee Ne der Mitieren Keisengehörigen tade nach & a der Gemeinder Gnune nkrdis anh Norel. rhein-Westfalen . . . . 
1993	78	vision-p1	0		
1993	79	vision-p1	0		
1993	80	vision-p1	0		
1993	81	vision-p1	1		unalwahlen im Lande Nordrhein-Westfalen (Kom- munalwahlgesetz) . . . .......... Gesetz zur Üherleitung von Polizeivollzugsbeamten in die Bes.Gr. A 10 Berichtigung der Verordnung zur Anderung der Verordnung über die Bestimmung von Kreispolizei ehörden zu Kriminalhauptstellen (KHSt-VO) vom 28. Februar 1993 (GV. NW. S. 106) . . . . . . ... Gesetz zur 
1993	82	vision-p1	0		
1994	1	vision-p1	0		
1994	2	vision-p1	1		N-WESTFALEN 48. Jahrgang Ausgegeben zu Düsseldorf am 18. Januar 1994 Nummer 2 Glied.- Nr. 315 Datum 822 10. 12. 1991 20. 12. 1993 22. 12. 1993 Inhalt Berichtigung der Bekanntmachung der Neufassung des Gesetzes über die juristischen Staatsprüfungen und den juristischen Vorbereitungsdienst (Juristenausbildungsgesetz - JAG) vom 8. November 1993 (GV. N
1994	3	vision-p1	0		
1994	4	vision-p1	0		
1994	5	vision-p1	0		
1994	6	vision-p1	0		
1994	7	vision-p1	0		
1994	8	vision-p1	0		
1994	9	vision-p1	0		
1994	10	vision-p1	0		
1994	11	vision-p1	0		
1994	12	vision-p1	0		
1994	13	vision-p1	0		
1994	14	vision-p1	0		
1994	15	vision-p1	0		
1994	16	vision-p1	0		
1994	17	vision-p1	0		
1994	18	vision-p1	0		
1994	19	vision-p1	0		
1994	20	vision-p1	0		
1994	21	vision-p1	0		
1994	22	vision-p1	0		
1994	23	vision-p1	0		
1994	24	vision-p1	0		
1994	25	vision-p1	0		
1994	26	vision-p1	0		
1994	27	vision-p1	0		
1994	28	vision-p1	0		
1994	29	vision-p1	0		
1994	30	vision-p1	0		
1994	31	vision-p1	0		
1994	32	vision-p1	0		
1994	33	vision-p1	0		
1994	34	vision-p1	0		
1994	35	vision-p1	0		
1994	36	vision-p1	0		
1994	37	vision-p1	0		
1994	38	vision-p1	0		
1994	39	vision-p1	0		
1994	40	vision-p1	0		
1994	41	vision-p1	0		
1994	42	vision-p1	0		
1994	43	vision-p1	0		
1994	44	vision-p1	0		
1994	45	vision-p1	0		
1994	46	vision-p1	0		
1994	47	vision-p1	0		
1994	48	vision-p1	0		
1994	49	vision-p1	0		
1994	50	vision-p1	0		
1994	51	vision-p1	1		s (3, üiber dum nasclespianuese iglieder der Bezinksplanungs- Ver Sddienplur en terunşder Vachemueseleir des insersemester 19s sahlen und die Vergabe Berichtigung der Verordnungen zur Regelung von Zuständigkeiten auf den Gebieten - des Arbeits- und technischen Gefahrenschutzes und - des technischen Umweltschutzes sowie zur Änderung der - Sauerstoff
1994	52	vision-p1	0		
1994	53	vision-p1	1		iterbildung und Prüfung zum Apotheker/ othekerin für Öffentliches Gesundheitswesen und die Ausbildung zum Amtsapotheker/zur Ar apothekerin (WOAOGW).. Berichtigung der Bekanntmachung der Neufassung des Heilberufsgesetzes (HeilBerG) vom 27. Apri! 1994 (GV. NW. S. 204) .......... /erordnung zur Anpassung der Wertgrenzen nach § 23 Abs. 1 Nr. 2 und der 
1994	54	vision-p1	0		
1994	55	vision-p1	0		
1994	56	vision-p1	0		
1994	57	vision-p1	1		ÜR DAS LAND NORDRHEIN-WESTFALEN 48. Jahrgang Ausgegeben zu Düsseldorf am 8. September 1994 Nummer 57 Gied 230 315 Datum 25. 8. 1994 16. 8.1994 Inhalt Berichtigung der Bekanntmachung der Neufassung des Landesplanungsgesetzes vom 29. Juni 1994 (GV.W.S.474)................ Zwölfte Verordnung zur Änderung der Juristenausbildungsordnung - JAO - ........
1994	58	vision-p1	0		
1994	59	vision-p1	0		
1994	60	vision-p1	0		
1994	61	vision-p1	0		
1994	62	vision-p1	0		
1994	63	vision-p1	0		
1994	64	vision-p1	0		
1994	65	vision-p1	0		
1994	66	vision-p1	0		
1994	67	vision-p1	0		
1994	68	vision-p1	0		
1994	69	vision-p1	1		ungen nach dem Gesetz über kommunale Gemeinschafts- .... Verordnung über Bewirtschaftungsbezirke für Rotwild, Sikawild, Damwild und Muffelwild....... Berichtigung der Bekanntmachung der Neufassung des Landesfischereigesetzes vom 22. Juni 199 (GV. NW. S.516)........... Seite 864 
1994	70	vision-p1	0		
1994	71	vision-p1	0		
1994	72	vision-p1	0		
1994	73	vision-p1	0		
1994	74	vision-p1	1		1994 10, I0. 1994 IT. 1D. 1994 Inhalt Verordnung über die Zulassung der Datenübermittlung von der Polizei an ausländische Polizeibehörden (POIDET NW) Berichtigung der Bekanntmachung der Neufassung der Verordnung über die Bildungsgänge und die Abschlufprüfungen in der dreijährigen häheren Berufsfachschule, die zur Fachhochschulreife und zu Berufsabs
1994	75	vision-p1	1		g Ausgegeben zu Düsseldorf am 17. November 1994 Nummer 75 Glied. Nr. 1110 7124 7126 792 Datum 18. 10, 1994 18. 10.1994 25. 10.1994 20:10.1594" Inhalt Berichtigung der Landeswahlordnung (LWahlO) vom 14. Juli 1994 (GV. NW. S. 548) Zweite Verurdrung zur Änderung der Verordnung über die Zuständigkeiten nach der Handwerksord- nung Verordnung zur Durchfü
1994	76	vision-p1	0		
1994	77	vision-p1	0		
1994	78	vision-p1	0		
1994	79	vision-p1	0		
1994	80	vision-p1	0		
1994	81	vision-p1	0		
1994	82	vision-p1	0		
1994	83	vision-p1	1		..................... 1065 1069 1065 1065 1067 22.11.1994 Y 57a Aus. erusie uerindigkee er Macapei Angeverfaher nü Norameinh eutealen durpl dei7 1007 Berichtigung der Satzung für den Niersverband (Niersverbandssatzung) vom B. September 1894 (GV. NW. S. 978) . .. 1070 
1994	84	vision-p1	0		
1994	85	vision-p1	0		
1994	86	vision-p1	0		
1994	87	vision-p1	0		
1994	88	vision-p1	0	atum Inhalt 21.12. 1994 Neuntes Gesetz zur Änderung des Abgeordnetengesetzes 20.12.1994 Zweites Gesetz zur Änderung des Feiertagsgesetzes Nordrhein-Westfalen 20.12. 1994 Gesetz zur Änderung des Landesorganisationsgesetzes /•••. 12.12.1994 V	
1994	89	vision-p1	0		
1995	1	vision-p1	0		
1995	2	vision-p1	0		
1995	3	vision-p1	0		
1995	4	vision-p1	0		
1995	5	vision-p1	0		
1995	6	vision-p1	0		
1995	7	vision-p1	0		
1995	8	vision-p1	0		
1995	9	vision-p1	0		
1995	10	vision-p1	0		
1995	11	vision-p1	0		
1995	12	vision-p1	0		
1995	13	vision-p1	0		
1995	14	vision-p1	0		
1995	15	vision-p1	0		
1995	16	vision-p1	0		
1995	17	vision-p1	0		
1995	18	vision-p1	0		
1995	19	vision-p1	0		
1995	20	vision-p1	0		
1995	21	vision-p1	0		
1995	22	vision-p1	0		
1995	23	vision-p1	0		
1995	24	vision-p1	0		
1995	25	vision-p1	0		
1995	26	vision-p1	0		
1995	27	vision-p1	0		
1995	28	vision-p1	0		
1995	29	vision-p1	0		
1995	30	vision-p1	0		
1995	31	vision-p1	0		
1995	32	vision-p1	0		
1995	33	vision-p1	0		
1995	34	vision-p1	0		
1995	35	vision-p1	0		
1995	36	vision-p1	0		
1995	37	vision-p1	0		
1995	38	vision-p1	0		
1995	39	vision-p1	0		
1995	40	vision-p1	0		
1995	41	vision-p1	0		
1995	42	vision-p1	0		
1995	43	vision-p1	1		rdnung zur Änderung der Verordnung über den prüfungserleichterten Aufstieg vom mittleren in den gehobenen Justizdienst des Landes Nordrhein-Westfalen Berichtigung der Dritten Verordnung zur Änderung der Verordnung über die förmliche Verpflichtung nichtbeamteter Personen im Geschäftsbereich des Finanzministers des Landes Nordrhein-Westfalen. bei der
1995	44	vision-p1	0		
1995	45	vision-p1	0		
1995	46	vision-p1	0		
1995	47	vision-p1	0		
1995	48	vision-p1	0		
1995	49	vision-p1	0		
1995	50	textlayer	0		
1995	51	vision-p1	1		 2011 2121 2251 301 Datim ..r.a •.iita... w...i Inhalt -I:n* 30.5.1995 Fünfzehnte Verordnung zur Änderung der Allgemeinen Verwaltungsgebührenordnung. Berichtigung der Verordnung zur Anderung der Verordnung über die Zuständigkeiten im Arzneimit telwesen vom 2. Mai 1995 (GV. NW. S. 380).. 9.6.1995 Satzung der Landesanstalt für Rundfunk Nordrhein-West
1995	52	vision-p1	0		
1995	53	vision-p1	0		
1995	54	vision-p1	0		
1995	55	vision-p1	0		
1995	56	vision-p1	1		 Jahrgang Ausgegeben zu Düsseldorf am 25. Juli 1995 Nummer 56 Glied.- Nr. 203013 Datum 216 238 301 34 30.6.1995 4. 7. 1995 4.7.1995 20. 6.1995 Inhalt Berichtigung der Verordnung über die Ausbildung und Prüfung für Bewerberinnen und Bewerber der Laufbahn des höheren allgemeinen Verwaltungsdienstes mit einem abgeschlossenen Studium der Wirtschafts-, 
1995	57	vision-p1	0		
1995	58	vision-p1	2		4 14.7.1995 18.7.1995 17.7.1995 17.7.1995 17.7.1995 17.7.1995 Inhalt Mtren tia ta tenste e a nte orctien wer geblung und Pretung lur die Lautrahn des Berichtigung der Berichtigung vom 19: Januar 1995 (GV. NW. S. 126) der Verordnung über die Lauf- - ro Poli) vom vol angsr 1995 (CVe w.S.s Mordrhein- Westfalen (Laufbahnverordhung der Polize) Einudie W || 1995 17.7.1995 17.7.1995 17.7.1995 17.7.1995 Inhalt Mtren tia ta tenste e a nte orctien wer geblung und Pretung lur die Lautrahn des Berichtigung der Berichtigung vom 19: Januar 1995 (GV. NW. S. 126) der Verordnung über die Lauf- - ro Poli) vom vol angsr 1995 (CVe w.S.s Mordrhein- Westfalen (Laufbahnverordhung der Polize) Einudie Wezirke te eraeitu
1995	59	vision-p1	0		
1995	60	vision-p1	1		R DAS LAND NORDRHEIN-WESTFALEN 49. Jahrgang Ausgegeben zu Düsseldorf am 22. August 1995 Nummer 60 Glied.- Nr. 282 Datum 31. 5. 1995 24. 7.1995 Inhalt Berichtigung der Ersten Verordnung zur Änderung der Verordnung zur Regelung von Zuständigkeiten auf dem Gebiet des technischen Umweltschutzes (ZustVOtU) vom 2. Mai 1995 (GV. NW. S. 436) . • Öffentlich
1995	61	vision-p1	0		
1995	62	vision-p1	0		
1995	63	vision-p1	0		
1995	64	vision-p1	0		
1995	65	vision-p1	0		
1995	66	vision-p1	0		
1995	67	vision-p1	0		
1995	68	vision-p1	0		
1995	69	vision-p1	0		
1995	70	vision-p1	0		
1995	71	vision-p1	0		
1995	72	vision-p1	0		
1995	73	vision-p1	0		
1995	74	vision-p1	0		
1995	75	vision-p1	0		
1995	76	vision-p1	0		
1995	77	vision-p1	0		
1995	78	vision-p1	0		
1995	79	vision-p1	1		........ Verordnung zur Regelung des Geschäftsrechts und des Betriebes der Sparkassen in Nordrhein-West- falen (Sparkassenverordnung - SpkVO -) . . . Berichtigung des Gesetzes über die Feststellung eines Nachtrags zum Haushaltsplan des Landes Nordrhein-Westfalen für das Haushaltsjahr 1995 (Nachtragshaushaltsgesetz 1995) vom 10. November 1995 (GV. N
1995	80	vision-p1	0		
1996	1	textlayer	0		
1996	2	textlayer	0		
1996	3	textlayer	1		t der Berechnung und ihr Beginn anzugeben.  3Wird eine Leistung abgelehnt oder die Zahlung  einer Rente eingestellt, so ist dies zu begründen.  § 75  Berichtigung von Entscheidungen  Stellt sich nachträglich heraus, daß die Entschei- dung auf unrichtigen Voraussetzungen beruht, kann  die Kasse die unrichtige Entscheidung aufheben und  eine neue Ent
1996	4	textlayer	0		
1996	5	textlayer	0		
1996	6	textlayer	0		
1996	7	textlayer	0	angelegenheiten  (soweit die Zuständigkeit nicht anderen Ministe- rien zugewiesen ist); Sammlungs- und Lotteriewe- sen; Feiertagsschutz; Ordnungsangelegenheiten, die  keinem anderen Ministerium zugewiesen sind  Staatsangehörigkeits- und Per	
1996	8	textlayer	0		
1996	9	textlayer	2		 des Jahresarbeitsverdienstes im Bereich der Ausführungsbehörde  für Unfa11~ersicherung des Landes Nordrhein-Westfalen . . . . . . . . . . . . .  81  Berichtigung der Bekanntmachung der Neufassung des Straßen- und Wegegesetzes des Landes Nord- rhein-Westfalen vom 23. September 1995 (GV. NW. S. 1028) . . . . . . . . . . . . . . . . . . . . . . . . . || sident  J ohannes Rau  Der Minister für Arbeit,  Gesundheit und Soziales  Axel Horstmann  Der- Finanzminister  Heinz Schleußer  - GV. NW. 1996 S.81.  Berichtigung  der Bekanntmachung der Neufassung  des Straßen- und Wegegesetzes  des Landes Nordrhein-Westfalen  vom 23. September 1995 (GV. NW. S.1028)  In der Eingangsformel sind die Worte "in der se
1996	10	textlayer	0		
1996	11	textlayer	3		iten im Bereich der Staatlichen Bauverwaltung des Landes  Nordrhein-Westfalen ................... '.' .... , , .... , . . . . . . .  . ... , . .  94  Berichtigung der Bekanntmachung der Neufassung des Landesbesoldungsgesetzes vom 6. November  1995 (GV. NW. S. 1166) ...................................••............  5.2. 1996  Dritte Verordnung zur  || 5  .  Verordnung  über Sonderzuständigkeiten . im Bereich  der Staatlichen BauverwaItung  des Landes Nordrhein-Westfalen  Vom 24. Januar 1996  20320  Berichtigung  der Bekanntmachung der Neufassung  des Landesbesoldungsgesetzes  vom 6. November 1995 (GV. NW.S. 1166)  Folgende Berichtigung ist vorzunehmen:  Aufgrund des § 3 der "Verordnung über die  || 4. Januar 1996  20320  Berichtigung  der Bekanntmachung der Neufassung  des Landesbesoldungsgesetzes  vom 6. November 1995 (GV. NW.S. 1166)  Folgende Berichtigung ist vorzunehmen:  Aufgrund des § 3 der "Verordnung über die sachliche  In Anlage 1 ist in der Besoldungsgruppe A 3 der  und örtliche Zuständigkeit der Staatlichen Bauämter des  Landesbeso
1996	12	textlayer	0		
1996	13	textlayer	0		
1996	14	textlayer	5		 12, 3, 1996  F 3229 A  Gesetz- und Verordnungsblatt  FÜR DAS LAND NORDRHEIN-WESTFALEN  Ausgegeben zu Düsseldorf am 28. März 1996  Nummer 14  Inhalt  Berichtigung der Verordnung über die Laufbahnen der Beamten im Lande Nordrhein-Westfalen  (Laufbahnverordnung - LVO) in der Fassung der Bekanntmachung vom 23. November 1995 (GV. NW.  1996 S. 1) ...... || , .•...... , . . . . . . . . . . . . . . . . . .  . ....... .  Zweite Verordnung zur Änderung der Laufbahnverordnung der Polizei ................. .  Berichtigung der Bekanntmachung der Neufassung des Landesbesoldungsgesetzes vom 6. November  Seite  110  110  1995 (GV. NW. S. 1166) ............ ,  110  641  12.3.1996  Erste Verordnung zur Änderung  ||  geförderten Eigentumsmaßnahmen , . .  111   110  Ges.etz- und Verordnungsblatt für das Land. No'rdrhein-Westfalen - Nr. 14 vom 28. März 1996  20301  Berichtigung  der Verordnung über die Laufbahnen  der Beamten im Lande Nordrbein-Westfalen  (Laufbahnverordnung - LVO) in der Fassung  der Bekanntmachung vom 23. November 1995  (GV. NW. 1996 S. 1)  1. || Verkündung  in Kraft.  Düsseldorf, den 12. März 1996  20320  Der Innenminister  des Landes Nordrhein-Westfalen  F. J. Kniola  - GV. NW. 1996 S. 110.  Berichtigung  der Bekanntmachung der Neufassung  des Landesbesoldungsgesetzes  vom 6. November 1995 (GV. NW. S. 1166)  In Anlage 1 zum Landesbesoldungsgesetz ist in der  Besoldungsgruppe A 3 das Wort  || ngen bei mit öffentlichen Mitteln und mit Woh- nungsfürsorgeroitteln geförderten Miet- und Genossen- schaftswohnungen vom 22. September 1982 mit der  Berichtigung vom 8. November 1982 (GV. NW. S. 614/  S. 680) wird wie folgt geändert:  1. § 1 wird wie folgt geändert:  a) In Absatz 1 wird das Zitat "des § 2" durch das Zitat  "der §§ 2 und 2 a" erset
1996	15	textlayer	1		ereits vor der  Verkündung eines Gemeindefinanzierungsgesetzes für  das Haushaltsjahr notwendig werden.  §38  Ausgleich fehlerhafter Zuweisungen  Das Berichtigungsverfahren hinsichtlich der von den  Gemeinden gemeldeten Daten zur Festsetzung von ein- wohnerabhängigen Zuweisungen aus dem allgemeinen  Steuerverbund regeln das Innenministerium und das
1996	16	textlayer	2		iversorgungsschein .  136  Gesetz zur Umsetzung des Pflege-Versicherungsgesetzes (Landespflegegesetz Nordrhein-Westfalen- PO NW)  . • . . . . .  137  Berichtigung der Bekanntmachung der Neufassung des Straßen- und Wegegesetzes des Landes Nom- rhein-Westfalen vom 23. September 1995 (GV. NW. S. 1028) . . .  . ...... .  141  Verordnung zur Änderung de || 0 1 a  Der Minister  für Arbeit, Gesundheit und Soziales  Axel Horstmann  Der Minister für  Bauen und Wohnen  Michael Vesper  - GV. NW. 1996 S. 137.  Berichtigung  der Bekanntmachung der Neufassung  des Straßen- und Wegegesetzes  des Landes Nordrhein-Westfalen  vom 23. September 1995 (GV. NW. S. 1028)  In § 3 Abs. 2 ist im 2. Halbsatz das Wort "ode
1996	17	textlayer	2		en Jahresbericht spätestens nach Ablauf von 7 Mona- ten vorzulegen.  (3) Soweit die Einnahmen nicht zur Deckung der  Ausgaben, zu Abschreibungen, Wertberichtigungen, Bil- dung von Rückstellungen und Rücklagen, Tilgung von  Verlustvorträgen sowie zur Verzinsung des Stammkapi- tals verwendet werden, sind sie in voller Höhe den  RückstelllUlgen für Be || en Jahresbericht spätestens nach Ablauf von 7 Mona- ten vorzulegen.  (3) Soweit die Einnahmen nicht zur Deckung der  Ausgaben, zu Abschreibungen, Wertberichtigungen, Bil- dung VO~ Rückstellungen und Rücklagen" Tilgung von  Verlustvorträgen sowie zur Verzinsung des Stammkapi- tals verwendet werden, sind ,sie in . voller Höhe den  Rückstellungen für 
1996	18	textlayer	2		ennung, Entlassung und Zurruheset­ zung der Beamten und Richter des Landes Nordrhein-Westfalen. . . . . . . . . . . . . . . . . . . . . . .  156  77  Berichtigung der Änderung der Satzung für den Ruhrverband vom 5. Februar 1996 (GV. NW. S. 96)  156  77  15. 4. 1996  Änderung der Satzung für die Linksniederrheinische Entwässerungs-Genossenschaft ... || ierung   Nordrhein-Westfalen   Der Ministerpräsident   (L.S.)  Johannes Rau   Der Innenminister   Franz-Josef Kniola   - GV. NW. 1996 S. 156.  77  .. Berichtigung der Anderung der Satzung  für den Ruhrverband  vom 5. Februar 1996 (GV. NW. S. 96)  Die Änderung der Satzung für den Ruhrverband vom  5. Februar 1996 (GV. NW. S. 96) wird wie folgt berich
1996	19	textlayer	0		
1996	20	textlayer	0		
1996	21	textlayer	0		
1996	22	textlayer	2		nzgesetz (VO zu § 5  SchFG) .•••. __ .• • . . . . . • . • . • . . . . . . . . . . . . . . . . . . . • . . • . • • • • • • . • • • . • • • • • .  162  Berichtigung der Änderung der Satzung für den Ruhrverband vom 5. Februar 1990{GV. NW. S. 96).  183  7.5.1996  Dritte Verordnung zur Änderung der Verordnung zur Ausführung des Jugendarbeitsschutzgesetz || stlalen  Gabriele Behler  - GV. III'W. 1996 S. 182.   Gesetz- und Verordnungsblatt für das Land Nordrhein-Westfalen - Nr. 22 vom 31. Mai 1996  77  .. Berichtigung  der Anderung der Satzung  für den Ruhrverband  vom 5. Februar 1996 (GV. NW. S. 96)  Die Änderung der Satzung für den Ruhrverband vom  5. Februar 1996 (GV. NW. S. 96) wird wie folgt beric
1996	23	textlayer	0		
1996	24	textlayer	0		
1996	25	textlayer	0		
1996	26	textlayer	0		
1996	27	textlayer	4		. . . . . . . . . . . . . . . . . . . . .  215  Verordnung über die Zuständigkeiten auf dem Gebiet der Fleisch- und der Gefiügelfieischhygiene.  21~  Berichtigung der Bekanntmachung der Neufassung des Straßen- und Wegegesetzes des Landes Nord- rhein-Westfalen vom 23. September 1995 (GV. NW. S, 1028) . . . . . . . . . . . . . . . . . . . . . . . . . || und Wegegesetzes des Landes Nord- rhein-Westfalen vom 23. September 1995 (GV. NW. S, 1028) . . . . . . . . . . . . . . . . . . . . . . . . . .  216  "Berichtigung der Bekanntmachung der Genehmigung der 26. Änderung des Gebietsentwicklungsplaw  nes für den Regierungsbezirk Köln, Tetlabschnitt Kreisfreie Stadt Köln. Kreisfreie Stadt Leverkusen,  Erft || hein-Westfalen  Der Ministerpräsident  Johannes Rau  Die Ministerin für Umwelt,  Raumordnung und Landwirtschaft  Bärbel Höhn  - GV. NW. 1996 S. 215.  Berichtigung  der Bekanntmachung der Neufassung  des Straßen- und Wegegesetzes  des Landes Nordrhein-Westfalen  vom 23. September 1995 (GV. NW. S. 1028)  § 35 a Abs. 1 Satz 2 ist wie folgt zu berichti ||  beeinflußt wird. j,  - GV. NW. 1996 S. 216.   " .  Geaetz- und Verordnungsblatt für das Land Nordrhein-Westfalen - Nr. 27 vom 29, Juni 1996  , ,','  Berichtigung  der Bekanntmachuug der Genehmigung  der Z6. Änderung des Gebietsentwicklungsplanes  für den Regierungsbezirk Köln,  Te1labscbnitt Kreisfreie Stadt Köln,  Kreisfreie Stadt Leverkusen, Erf
1996	28	textlayer	0		
1996	29	textlayer	0		
1996	30	textlayer	0		
1996	31	textlayer	2		m Gesetz über Tageseinrichtungen für  Kinder. . . . . . . . . . . . . . . . . . . . .  . . . . . . . . . . . . . . . . . . . . . .. .....  240  2251  Berichtigung der Verordnung über die Durchführung eines Modellversuchs mit digitalem Fernsehen  und neuen digitalen Kommunikationsdiensten in Nordrhein-Westfalen - 1. Medienversuchsverord­ nung  1. MV ||  28. Juni 1996.  Der Minister  für Arbeit, Gesundheit und Soziales  des Landes Nordrhein-Westfalen  Dr. Axel Horstmann  - GV. NW. 1996 S. 240.  2251  Berichtigung  der Verordnung über die Durchführung  eines Modellversuchs mit digitalem Fernsehen  und neuen digitalen Kommunikationsdiensten  in Nordrhein-Westfalen- 1. Medienversuchsverordnung - 1. M
1996	32	textlayer	2		erungsbezirksübergreifenden  Schulbezirken für Bezirksfachklassen an Berufsschulen. . . . . . . . . . . . . . . . . . . . . . . . . . . .  244  2251  Berichtigung der ersten Satzung zur Änderung der Satzung der Landesanstalt für Rundfunk Nord­ rhein-Westfalen (LfR) über die Förderung Offener Kanäle in Kabelanlagen vom 19. Oktober 1995  (GV. NW. 199 ||   des Landes Nordrhein-Westfalen  Die Ministerin  für Wissenschaft und Forschung  des Landes Nordrhein-Westfalen  Anke Brunn  - GV. NW. 1996 S. 244.  Berichtigung  der ersten Satzung zur Änderung  der Satzung der Landesanstalt für Rundfunk  Nordrhein-Westfalen (LfR)  über die Förderung Offener Kanäle  in Kabelanlagen  vom 19. Oktober 1995 (GV. NW. 
1996	33	textlayer	0		
1996	34	textlayer	0		
1996	35	textlayer	0		
1996	36	textlayer	0		
1996	37	textlayer	1		Die Datenverarbeitung im Auftrag ist nur  zulässig nach Weisung der Schulaufsichtsbehörden und  ausschließlich für deren Zwecke.  §4  Datenerhebung,  Berichtigung, Auskunft, Einsicht in Akten  (1) Die in § 1 Abs. 1 genannten Personen sind bei der  Erhebung ihrer in den Anlagen aufgeführten Daten zur  Auskunft verpflichtet, soweit sie nicht als frei
1996	38	textlayer	0		
1996	39	textlayer	0		
1996	40	textlayer	0		
1996	41	textlayer	4		usgleichsämter in  Nordrhein-Westfalen. . . . . . . . . . . . . . . . . . . . . . . . . . . . . . . . . . . . . . . . . . . . . . . . . .  358  7134  Berichtigung der Verordnung über die Ausbildung und Prüfung für den Ausbildungsberuf Vermes­ sungstechnikerlVermessungstechnikerin (Ausbildungs- und Prüfungsordnung Vermessungstechni- ker-APO VermT) v || gsordnung Vermessungstechni- ker-APO VermT) vom 16. Juli 1996 (GV. NW. S. 330). . . . . . . . . . . . . . . . . . . . . . . . . . . . . . .  355  91  Berichtigung der Bekanntmachung der Neufassung des Straßen- und Wegegesetzes des Landes Nord­ rhein-Westfalen vom 23. September 1995 (GV. NW. S. 1028) . . . . . . . . . . . . . . . . . . . . . . . . . || S.)  Die Landesregierung  Nordrhein-Westfalen  Der Ministerpräsident  Johannes Ra u  Der Justizminister  Fritz Behrens  - GV. NW. 1996 S. 355.  7134  Berichtigung  der Verordnung über die  Ausbildung und Prüfung für den Ausbildungsberuf  VermessungstechnikerlVermessungstechnikerin  (Ausbildungs- und Prüfungsordnung  Vermessungstechniker-APO VermT)  || Einzelbewertungen"  ersetzt.  4. In § 35 Abs. 1 wird das Wort "Rahmenplänen" durch  das Wort "Rahmenlehrplänen" ersetzt.  91  - GV. NW. 1996 S. 355.  Berichtigung  der Bekanntmachung der Neufassung  des Straßen- und Wegegesetzes  des Landes Nordrhein-Westfalen  vom 23. September 1995 (GV. NW. S. 1028)  § 30 Abs. 5 ist wie folgt zu berichtigen:  ,,(
1996	42	textlayer	0		
1996	43	textlayer	0		
1996	44	textlayer	0		
1996	45	textlayer	0		
1996	46	textlayer	2		ber 1996  Nummer 46  Glied.­ Nr.  Datum  Inhalt  Seite  2022  25. 9. 1996  Änderung der Hauptsatzung des Landschaftsverbandes Rheinland  416  203012  Berichtigung der Verordnung zur Änderung der Verordnung über die Ausbildung und die II. Fachprü­ fung der Polizeivollzugsbeamten des Landes Nordrhein-Westfalen (Ausbildungs- und Prüfungsver­ ordnung L || Rheinland  Esser  - GV. NW. 1996 S. 417.   418  Gesetz- und Verordnungsblatt für das Land Nordrhein-Westfalen - Nr. 46 vorn 25. Oktober 1996  203012  Berichtigung  Verordnung zur Änderung der Verordnung  über die Ausbildung und die 11. Fachprüfung  der Polizeivollzugsbeamten  des Landes Nordrhein-Westfalen  (Ausbildungs- und Prufungsverordnung  Lau
1996	47	textlayer	0		
1996	48	textlayer	0		
1996	49	textlayer	0		
1996	50	textlayer	0		
1996	51	textlayer	0		
1996	52	textlayer	2		g zur Änderung der Verordnung über beamtenrechtliche Zuständigkeiten im Ge¬ schäftsbereich des Ministeriums für Wissenschaft und Forschung  460 20301 Berichtigung der Verordnung über die Ausbildung und Prüfung für die Laufbahn des höheren Forst¬ dienstes im Lande Nordrhein-Westfalen (VAPhöhFD) vom 5. September 1996 (GV. NW. S. 388) .... 462 8. 11.  || er 1996 Ministerium für Umwelt, Raumordnun  und Landwirtschaft des Landes Nordrhein-Westfalen Im Auftrag Dr. Pietrzeniuk - GV. NW. 1996 S. 461. 20301 Berichtigung der Verordnung über die Ausbildung und Prüfung für die Laufbahn des höheren Forstdienstes im Lande Nordrhein-Westfalen (VAPhöhFD) vom 5. September 1996 (GV. NW. S. 388) In § 16 Nr. 1 ist 
1996	53	textlayer	0		
1996	54	textlayer	0		
1996	55	textlayer	0		
1996	56	textlayer	0		
1996	57	textlayer	0		
1996	58	textlayer	0		
1996	59	textlayer	0		
1996	60	textlayer	0		
1996	61	textlayer	1		its vor der Verkündung eines Ge- meindefinanzierungsgesetzes für das Haushaltsjahr not- wendig werden.  § 36  Ausgleich fehlerhafter Zuweisungen  Das Berichtigungsverfahren hinsichtlich der von den  Gemeinden gemeldeten Daten zur Festsetzung von ein- wohnerabhängigen Zuweisungen aus dem allgemeinen  Steuerverbund regeln das Innenministerium und das
