file	key	date_or_rule	verified	source
rules/de/easter_holidays.yaml	karfreitag	easter	False	BMI 공식 서술(주법 16벌에 의한 전국 공통 9건) + BayFTG Art. 1 원문 + 독립 소스 3종 교차 실측 일치
rules/de/easter_holidays.yaml	ostermontag	easter	False	BMI 공식 서술(주법 16벌에 의한 전국 공통 9건) + BayFTG Art. 1 원문 + 독립 소스 3종 교차 실측 일치
rules/de/easter_holidays.yaml	christi_himmelfahrt	easter	False	BMI 공식 서술(주법 16벌에 의한 전국 공통 9건) + BayFTG Art. 1 원문 + 독립 소스 3종 교차 실측 일치
rules/de/easter_holidays.yaml	pfingstmontag	easter	False	BMI 공식 서술(주법 16벌에 의한 전국 공통 9건) + BayFTG Art. 1 원문 + 독립 소스 3종 교차 실측 일치
rules/de/solar_holidays.yaml	neujahr	1-1	False	BMI 공식 서술(주법 16벌에 의한 전국 공통 9건) + BayFTG Art. 1 원문 + 독립 소스 3종 교차 실측 일치
rules/de/solar_holidays.yaml	erster_mai	5-1	False	BMI 공식 서술(주법 16벌에 의한 전국 공통 9건) + BayFTG Art. 1 원문 + 독립 소스 3종 교차 실측 일치
rules/de/solar_holidays.yaml	tag_der_deutschen_einheit	10-3	True	Einigungsvertrag Art. 2 Abs. 2 — 'Der 3. Oktober ist als Tag der Deutschen Einheit gesetzlicher Feiertag.' — Vertrag vom 31.08.1990, BGBl. 1990 II Nr. 35 S. 889, Art. 2 는 S. 890 (28.09.1990 공포; bgbl.de 문서 bgbl290s0885.pdf https://www.bgbl.de/xaver/bgbl/start.xav?startbk=Bundesanzeiger_BGBl&jumpTo=bgbl290s0885.pdf Wayback 사본 https://web.archive.org/web/20230719131947id_/https://www.bgbl.de/xaver/bgbl/media/B9530373AE1BE942B45341AEC08B37B4/bgbl290s0885_67234.pdf 파일 sha256 은 요청마다 달라 적지 않고 S. 890 이미지 스트림 sha256 0f70b21d7715670a0db1d9433d8ea04ff534a7e53d3f40521301db6d8a92a6af 을 적는다 — 정의는 이 파일 머리 주석, 2026-09-17 열람). 스캔 판독 자구 일치, Art. 2 무개정
rules/de/solar_holidays.yaml	erster_weihnachtstag	12-25	False	BMI 공식 서술(주법 16벌에 의한 전국 공통 9건) + BayFTG Art. 1 원문 + 독립 소스 3종 교차 실측 일치
rules/de/solar_holidays.yaml	zweiter_weihnachtstag	12-26	False	BMI 공식 서술(주법 16벌에 의한 전국 공통 9건) + BayFTG Art. 1 원문 + 독립 소스 3종 교차 실측 일치
rules/de_be/designated_holidays.yaml	achter_mai_2020	2020-05-08	True	Gesetz über die Sonn- und Feiertage (Berlin) § 1 Abs. 1 Nr. 11 'der 8. Mai 2020 (75. Jahrestag der Befreiung vom Nationalsozialismus und der Beendigung des Zweiten Weltkrieges in Europa)' — Drittes Gesetz zur Änderung des Gesetzes über die Sonn- und Feiertage vom 30.01.2019 Art. 1 Nr. 1 d) (Nr. 11 추가), Art. 2 Nr. 2 (Nr. 11 삭제)·Art. 3 Abs. 2 (Art. 2 는 2020-05-09 시행), GVBl. für Berlin 2019 Nr. 3 S. 22 (06.02.2019 공포; 베를린 주의회(Abgeordnetenhaus Berlin) 의회 문서 시스템 PARDOK 의 관보 면 사본 https://pardok.parlament-berlin.de/starweb/adis/citat/VT/18/gvbl/g19030022.pdf sha256 714f8bfc1cb1ac1babe023519d62b02546bd2310dfe8429ce452cce380bc85e2, 2026-09-29 열람, 재수령 대조 일치). 2020 년 한 번의 공휴일. 날짜 8. 5. 2020 은 python-holidays 0.102 DE/BE 2020 대조 일치
rules/de_be/designated_holidays.yaml	achter_mai_2025	2025-05-08	True	Gesetz über die Sonn- und Feiertage (Berlin) § 1 Abs. 1 Nr. 11 'der 8. Mai 2025 (80. Jahrestag der Befreiung vom Nationalsozialismus und der Beendigung des Zweiten Weltkriegs in Europa)' — Viertes Gesetz zur Änderung des Gesetzes über die Sonn- und Feiertage vom 10.07.2024 Art. 1 Nr. 2 (Nr. 11·12 추가), Art. 2 Nr. 1 (Nr. 11 삭제)·Art. 4 Abs. 2 (Art. 2 는 2025-05-09 시행), GVBl. für Berlin 2024 Nr. 28 S. 460 (20.07.2024 공포; 베를린 주의회(Abgeordnetenhaus Berlin) 의회 문서 시스템 PARDOK 의 관보 면 사본 https://pardok.parlament-berlin.de/starweb/adis/citat/VT/19/gvbl/g24280460.pdf sha256 750494cd72ff03c5259022a396f2641be42ac6aff5b1d5367c2994c469503353, 2026-09-29 열람, 재수령 대조 일치). 2025 년 한 번의 공휴일
rules/de_be/designated_holidays.yaml	siebzehnter_juni_2028	2028-06-17	True	Gesetz über die Sonn- und Feiertage (Berlin) § 1 Abs. 1 Nr. 12(2025-05-09 부터 Nr. 11) 'der 17. Juni 2028 (75. Jahrestag des Aufstandes vom 17. Juni 1953)' — Viertes Gesetz zur Änderung des Gesetzes über die Sonn- und Feiertage vom 10.07.2024 Art. 1 Nr. 2 (Nr. 12 추가), Art. 2 Nr. 2 (Nr. 12 → Nr. 11, 2025-05-09 시행), Art. 3 Nr. 2 (Nr. 11 삭제)·Art. 4 Abs. 3 (Art. 3 은 2028-06-18 시행), GVBl. für Berlin 2024 Nr. 28 S. 460 (20.07.2024 공포; 베를린 주의회(Abgeordnetenhaus Berlin) 의회 문서 시스템 PARDOK 의 관보 면 사본 https://pardok.parlament-berlin.de/starweb/adis/citat/VT/19/gvbl/g24280460.pdf sha256 750494cd72ff03c5259022a396f2641be42ac6aff5b1d5367c2994c469503353, 2026-09-29 열람, 재수령 대조 일치). 2028 년 한 번의 공휴일
rules/de_be/easter_holidays.yaml	karfreitag	easter	False	umwelt-online 현행판 § 1 Abs. 1 Nr. 3 + berlin.de 공식 안내 열거 + feiertage-api 2026 날짜 대조 10/10
rules/de_be/easter_holidays.yaml	ostermontag	easter	False	umwelt-online 현행판 § 1 Abs. 1 Nr. 4 + berlin.de 공식 안내 열거 + feiertage-api 2026 날짜 대조 10/10
rules/de_be/easter_holidays.yaml	christi_himmelfahrt	easter	False	umwelt-online 현행판 § 1 Abs. 1 Nr. 6 + berlin.de 공식 안내 열거 + feiertage-api 2026 날짜 대조 10/10
rules/de_be/easter_holidays.yaml	pfingstmontag	easter	False	umwelt-online 현행판 § 1 Abs. 1 Nr. 7 + berlin.de 공식 안내 열거 + feiertage-api 2026 날짜 대조 10/10
rules/de_be/solar_holidays.yaml	neujahr	1-1	False	umwelt-online 현행판 § 1 Abs. 1 Nr. 1 + berlin.de 공식 안내 열거 + feiertage-api 2026 날짜 대조 10/10
rules/de_be/solar_holidays.yaml	frauentag	3-8	True	Gesetz über die Sonn- und Feiertage (Berlin) § 1 Abs. 1 Nr. 2 'der Frauentag (8. März)' — Drittes Gesetz zur Änderung des Gesetzes über die Sonn- und Feiertage vom 30.01.2019 Art. 1 Nr. 1 a) (Nr. 1 뒤에 새 Nr. 2 삽입), GVBl. für Berlin 2019 Nr. 3 S. 22 (06.02.2019 공포; 베를린 주의회(Abgeordnetenhaus Berlin) 의회 문서 시스템 PARDOK 의 관보 면 사본 https://pardok.parlament-berlin.de/starweb/adis/citat/VT/18/gvbl/g19030022.pdf sha256 714f8bfc1cb1ac1babe023519d62b02546bd2310dfe8429ce452cce380bc85e2, 2026-09-29 열람, 재수령 대조 일치). § 1 Abs. 1 Nr. 2 의 2019 이후 개정은 찾지 못함(2026-09 까지, 2024 개정 서두 인용·PARDOK 검색). SUMMARY 는 괄호 날짜를 뺀 'Frauentag'. 날짜 8. 3. 은 feiertage-api 2026 BE 대조 일치
rules/de_be/solar_holidays.yaml	erster_mai	5-1	False	umwelt-online 현행판 § 1 Abs. 1 Nr. 5 + berlin.de 공식 안내 열거 + feiertage-api 2026 날짜 대조 10/10
rules/de_be/solar_holidays.yaml	tag_der_deutschen_einheit	10-3	False	umwelt-online 현행판 § 1 Abs. 1 Nr. 8 + berlin.de 공식 안내 열거 + feiertage-api 2026 날짜 대조 10/10
rules/de_be/solar_holidays.yaml	erster_weihnachtstag	12-25	False	umwelt-online 현행판 § 1 Abs. 1 Nr. 9 + berlin.de 공식 안내 열거 + feiertage-api 2026 날짜 대조 10/10
rules/de_be/solar_holidays.yaml	zweiter_weihnachtstag	12-26	False	umwelt-online 현행판 § 1 Abs. 1 Nr. 10 + berlin.de 공식 안내 열거 + feiertage-api 2026 날짜 대조 10/10
rules/de_bw/easter_holidays.yaml	karfreitag	easter	True	FTG(BW) § 1, 열거 3번째 'Karfreitag' — Bekanntmachung der Neufassung des Feiertagsgesetzes vom 08.05.1995, GBl. 1995 Nr. 17 S. 450 (30.06.1995 공포; Landtag BW 아카이브 PDF https://www.landtag-bw.de/resource/blob/75054/19739a8ea1fb5eee00898b30364b0f93/GBl199517.pdf sha256 98f68c3039ac0a2df4f9ffc2417aa3f3ef25669c19a6b72e08c15f8f85d4fb94, 2026-09-09 열람, 재수령 대조 일치). 자구의 입법 뿌리는 1970 Neufassung(GBl. 1971 S. 1)·1994-12-12 개정(GBl. S. 631)·1995-03-23 개정(GBl. S. 293), § 1 은 그 뒤 무개정(GBl. 2026 Nr. 79 까지). 부활절 −2 일은 feiertage-api 2026 BW(04-03) 대조 일치
rules/de_bw/easter_holidays.yaml	ostermontag	easter	True	FTG(BW) § 1, 열거 4번째 'Ostermontag' — Bekanntmachung der Neufassung des Feiertagsgesetzes vom 08.05.1995, GBl. 1995 Nr. 17 S. 450 (30.06.1995 공포; Landtag BW 아카이브 PDF https://www.landtag-bw.de/resource/blob/75054/19739a8ea1fb5eee00898b30364b0f93/GBl199517.pdf sha256 98f68c3039ac0a2df4f9ffc2417aa3f3ef25669c19a6b72e08c15f8f85d4fb94, 2026-09-09 열람, 재수령 대조 일치). 자구의 입법 뿌리는 1970 Neufassung(GBl. 1971 S. 1)·1994-12-12 개정(GBl. S. 631)·1995-03-23 개정(GBl. S. 293), § 1 은 그 뒤 무개정(GBl. 2026 Nr. 79 까지). 부활절 +1 일은 feiertage-api 2026 BW(04-06) 대조 일치
rules/de_bw/easter_holidays.yaml	christi_himmelfahrt	easter	True	FTG(BW) § 1, 열거 6번째 'Christi Himmelfahrt' — Bekanntmachung der Neufassung des Feiertagsgesetzes vom 08.05.1995, GBl. 1995 Nr. 17 S. 450 (30.06.1995 공포; Landtag BW 아카이브 PDF https://www.landtag-bw.de/resource/blob/75054/19739a8ea1fb5eee00898b30364b0f93/GBl199517.pdf sha256 98f68c3039ac0a2df4f9ffc2417aa3f3ef25669c19a6b72e08c15f8f85d4fb94, 2026-09-09 열람, 재수령 대조 일치). 자구의 입법 뿌리는 1970 Neufassung(GBl. 1971 S. 1)·1994-12-12 개정(GBl. S. 631)·1995-03-23 개정(GBl. S. 293), § 1 은 그 뒤 무개정(GBl. 2026 Nr. 79 까지). 부활절 +39 일은 feiertage-api 2026 BW(05-14) 대조 일치
rules/de_bw/easter_holidays.yaml	pfingstmontag	easter	True	FTG(BW) § 1, 열거 7번째 'Pfingstmontag' — Bekanntmachung der Neufassung des Feiertagsgesetzes vom 08.05.1995, GBl. 1995 Nr. 17 S. 450 (30.06.1995 공포; Landtag BW 아카이브 PDF https://www.landtag-bw.de/resource/blob/75054/19739a8ea1fb5eee00898b30364b0f93/GBl199517.pdf sha256 98f68c3039ac0a2df4f9ffc2417aa3f3ef25669c19a6b72e08c15f8f85d4fb94, 2026-09-09 열람, 재수령 대조 일치). 자구의 입법 뿌리는 1970 Neufassung(GBl. 1971 S. 1)·1994-12-12 개정(GBl. S. 631, § 1 에서 삭제)·1995-03-23 개정(GBl. S. 293, "Christi Himmelfahrt," 뒤에 재삽입), § 1 은 그 뒤 무개정(GBl. 2026 Nr. 79 까지). 부활절 +50 일은 feiertage-api 2026 BW(05-25) 대조 일치
rules/de_bw/easter_holidays.yaml	fronleichnam	easter	True	FTG(BW) § 1, 열거 8번째 'Fronleichnam' — Bekanntmachung der Neufassung des Feiertagsgesetzes vom 08.05.1995, GBl. 1995 Nr. 17 S. 450 (30.06.1995 공포; Landtag BW 아카이브 PDF https://www.landtag-bw.de/resource/blob/75054/19739a8ea1fb5eee00898b30364b0f93/GBl199517.pdf sha256 98f68c3039ac0a2df4f9ffc2417aa3f3ef25669c19a6b72e08c15f8f85d4fb94, 2026-09-09 열람, 재수령 대조 일치). 자구의 입법 뿌리는 1970 Neufassung(GBl. 1971 S. 1)·1994-12-12 개정(GBl. S. 631)·1995-03-23 개정(GBl. S. 293), § 1 은 그 뒤 무개정(GBl. 2026 Nr. 79 까지). key 는 de_by·de_he·de_nw 와 같은 fronleichnam. 부활절 +60 일(Donnerstag nach Trinitatis)은 feiertage-api 2026 BW(06-04) 대조 일치
rules/de_bw/solar_holidays.yaml	neujahr	1-1	True	FTG(BW) § 1, 열거 1번째 'Neujahr' — Bekanntmachung der Neufassung des Feiertagsgesetzes vom 08.05.1995, GBl. 1995 Nr. 17 S. 450 (30.06.1995 공포; Landtag BW 아카이브 PDF https://www.landtag-bw.de/resource/blob/75054/19739a8ea1fb5eee00898b30364b0f93/GBl199517.pdf sha256 98f68c3039ac0a2df4f9ffc2417aa3f3ef25669c19a6b72e08c15f8f85d4fb94, 2026-09-09 열람, 재수령 대조 일치). 자구의 입법 뿌리는 1970 Neufassung(GBl. 1971 S. 1)·1994-12-12 개정(GBl. S. 631)·1995-03-23 개정(GBl. S. 293), § 1 은 그 뒤 무개정(GBl. 2026 Nr. 79 까지). 날짜 1. 1. 은 feiertage-api 2026 BW 대조 일치
rules/de_bw/solar_holidays.yaml	heilige_drei_koenige	1-6	True	FTG(BW) § 1, 열거 2번째 'Erscheinungsfest (6. Januar)' — Bekanntmachung der Neufassung des Feiertagsgesetzes vom 08.05.1995, GBl. 1995 Nr. 17 S. 450 (30.06.1995 공포; Landtag BW 아카이브 PDF https://www.landtag-bw.de/resource/blob/75054/19739a8ea1fb5eee00898b30364b0f93/GBl199517.pdf sha256 98f68c3039ac0a2df4f9ffc2417aa3f3ef25669c19a6b72e08c15f8f85d4fb94, 2026-09-09 열람, 재수령 대조 일치). 자구의 입법 뿌리는 1970 Neufassung(GBl. 1971 S. 1)·1994-12-12 개정(GBl. S. 631)·1995-03-23 개정(GBl. S. 293), § 1 은 그 뒤 무개정(GBl. 2026 Nr. 79 까지). SUMMARY 는 괄호 날짜를 뺀 'Erscheinungsfest' (통칭 Heilige Drei Könige 는 조문에 없음). key 는 de_by 와 같은 heilige_drei_koenige(신규 명명 없음). 날짜 6. 1. 은 조문 괄호와 feiertage-api 2026 BW(Heilige Drei Könige) 대조 일치
rules/de_bw/solar_holidays.yaml	erster_mai	5-1	True	FTG(BW) § 1, 열거 5번째 '1. Mai' — Bekanntmachung der Neufassung des Feiertagsgesetzes vom 08.05.1995, GBl. 1995 Nr. 17 S. 450 (30.06.1995 공포; Landtag BW 아카이브 PDF https://www.landtag-bw.de/resource/blob/75054/19739a8ea1fb5eee00898b30364b0f93/GBl199517.pdf sha256 98f68c3039ac0a2df4f9ffc2417aa3f3ef25669c19a6b72e08c15f8f85d4fb94, 2026-09-09 열람, 재수령 대조 일치). 자구의 입법 뿌리는 1970 Neufassung(GBl. 1971 S. 1)·1994-12-12 개정(GBl. S. 631)·1995-03-23 개정(GBl. S. 293), § 1 은 그 뒤 무개정(GBl. 2026 Nr. 79 까지). 날짜는 조문에 박혀 있고 feiertage-api 2026 BW (Tag der Arbeit) 대조 일치
rules/de_bw/solar_holidays.yaml	tag_der_deutschen_einheit	10-3	True	Einigungsvertrag Art. 2 Abs. 2 — 'Der 3. Oktober ist als Tag der Deutschen Einheit gesetzlicher Feiertag.' — Vertrag vom 31.08.1990, BGBl. 1990 II Nr. 35 S. 889, Art. 2 는 S. 890 (28.09.1990 공포; bgbl.de 문서 bgbl290s0885.pdf https://www.bgbl.de/xaver/bgbl/start.xav?startbk=Bundesanzeiger_BGBl&jumpTo=bgbl290s0885.pdf Wayback 사본 https://web.archive.org/web/20230719131947id_/https://www.bgbl.de/xaver/bgbl/media/B9530373AE1BE942B45341AEC08B37B4/bgbl290s0885_67234.pdf 파일 sha256 은 요청마다 달라 적지 않고 S. 890 이미지 스트림 sha256 0f70b21d7715670a0db1d9433d8ea04ff534a7e53d3f40521301db6d8a92a6af 을 적는다 — 정의는 rules/de/solar_holidays.yaml 머리 주석, 2026-09-17 열람; rules/de 의 같은 항목을 미러). FTG(BW) 의 § 1 열거에는 없고 § 7 Abs. 2 "mit Ausnahme des 1. Mai und des 3. Oktober" 등에서 전제만 한다(GBl. 1995 Nr. 17 S. 450). 날짜는 조문에 박혀 있고 feiertage-api 2026 BW 대조 일치
rules/de_bw/solar_holidays.yaml	allerheiligen	11-1	True	FTG(BW) § 1, 열거 9번째 'Allerheiligen (1. November)' — Bekanntmachung der Neufassung des Feiertagsgesetzes vom 08.05.1995, GBl. 1995 Nr. 17 S. 450 (30.06.1995 공포; Landtag BW 아카이브 PDF https://www.landtag-bw.de/resource/blob/75054/19739a8ea1fb5eee00898b30364b0f93/GBl199517.pdf sha256 98f68c3039ac0a2df4f9ffc2417aa3f3ef25669c19a6b72e08c15f8f85d4fb94, 2026-09-09 열람, 재수령 대조 일치). 자구의 입법 뿌리는 1970 Neufassung(GBl. 1971 S. 1)·1994-12-12 개정(GBl. S. 631)·1995-03-23 개정(GBl. S. 293), § 1 은 그 뒤 무개정(GBl. 2026 Nr. 79 까지). SUMMARY 는 괄호 날짜를 뺀 'Allerheiligen'. key 는 de_by·de_nw 와 같은 allerheiligen. 날짜 1. 11. 은 조문 괄호와 feiertage-api 2026 BW 대조 일치
rules/de_bw/solar_holidays.yaml	erster_weihnachtstag	12-25	True	FTG(BW) § 1, 열거 10번째 'Erster Weihnachtstag' — Bekanntmachung der Neufassung des Feiertagsgesetzes vom 08.05.1995, GBl. 1995 Nr. 17 S. 450 (30.06.1995 공포; Landtag BW 아카이브 PDF https://www.landtag-bw.de/resource/blob/75054/19739a8ea1fb5eee00898b30364b0f93/GBl199517.pdf sha256 98f68c3039ac0a2df4f9ffc2417aa3f3ef25669c19a6b72e08c15f8f85d4fb94, 2026-09-09 열람, 재수령 대조 일치). 자구의 입법 뿌리는 1970 Neufassung(GBl. 1971 S. 1)·1994-12-12 개정(GBl. S. 631)·1995-03-23 개정(GBl. S. 293), § 1 은 그 뒤 무개정(GBl. 2026 Nr. 79 까지). 날짜 25. 12. 은 feiertage-api 2026 BW 대조 일치
rules/de_bw/solar_holidays.yaml	zweiter_weihnachtstag	12-26	True	FTG(BW) § 1, 열거 11번째 'Zweiter Weihnachtstag' — Bekanntmachung der Neufassung des Feiertagsgesetzes vom 08.05.1995, GBl. 1995 Nr. 17 S. 450 (30.06.1995 공포; Landtag BW 아카이브 PDF https://www.landtag-bw.de/resource/blob/75054/19739a8ea1fb5eee00898b30364b0f93/GBl199517.pdf sha256 98f68c3039ac0a2df4f9ffc2417aa3f3ef25669c19a6b72e08c15f8f85d4fb94, 2026-09-09 열람, 재수령 대조 일치). 자구의 입법 뿌리는 1970 Neufassung(GBl. 1971 S. 1)·1994-12-12 개정(GBl. S. 631)·1995-03-23 개정(GBl. S. 293), § 1 은 그 뒤 무개정(GBl. 2026 Nr. 79 까지). 날짜 26. 12. 은 feiertage-api 2026 BW 대조 일치
rules/de_by/easter_holidays.yaml	karfreitag	easter	True	BayFTG Art. 1 Abs. 1 Nr. 1, 열거 3번째 'Karfreitag' — gesetze-bayern.de BayFTG-1 원문 2026-09-06 열람(Text gilt ab 01.08.2013). 부활절 −2 일은 feiertage-api 2026 BY(4. 3.)·python-holidays 0.102 BY 대조 일치
rules/de_by/easter_holidays.yaml	ostermontag	easter	True	BayFTG Art. 1 Abs. 1 Nr. 1, 열거 4번째 'Ostermontag' — gesetze-bayern.de BayFTG-1 원문 2026-09-06 열람(Text gilt ab 01.08.2013). 부활절 +1 일은 feiertage-api 2026 BY(6. 4.)·python-holidays 0.102 BY 대조 일치
rules/de_by/easter_holidays.yaml	christi_himmelfahrt	easter	True	BayFTG Art. 1 Abs. 1 Nr. 1, 열거 6번째 'Christi Himmelfahrt' — gesetze-bayern.de BayFTG-1 원문 2026-09-06 열람(Text gilt ab 01.08.2013). 부활절 +39 일은 feiertage-api 2026 BY(14. 5.)·python-holidays 0.102 BY 대조 일치
rules/de_by/easter_holidays.yaml	pfingstmontag	easter	True	BayFTG Art. 1 Abs. 1 Nr. 1, 열거 7번째 'Pfingstmontag' — gesetze-bayern.de BayFTG-1 원문 2026-09-06 열람(Text gilt ab 01.08.2013). 부활절 +50 일은 feiertage-api 2026 BY(25. 5.)·python-holidays 0.102 BY 대조 일치
rules/de_by/easter_holidays.yaml	fronleichnam	easter	True	BayFTG Art. 1 Abs. 1 Nr. 1, 열거 8번째 'Fronleichnam' — gesetze-bayern.de BayFTG-1 원문 2026-09-06 열람(Text gilt ab 01.08.2013). 부활절 +60 일은 feiertage-api 2026 BY(4. 6.)·python-holidays 0.102 BY 대조 일치
rules/de_by/solar_holidays.yaml	neujahr	1-1	True	BayFTG Art. 1 Abs. 1 Nr. 1, 열거 1번째 'Neujahr' — gesetze-bayern.de BayFTG-1 원문 2026-09-06 열람(Text gilt ab 01.08.2013). 날짜 1. 1. 은 feiertage-api 2026 BY·python-holidays 0.102 BY 대조 일치
rules/de_by/solar_holidays.yaml	heilige_drei_koenige	1-6	True	BayFTG Art. 1 Abs. 1 Nr. 1, 열거 2번째 'Heilige Drei Könige (Epiphanias)' — gesetze-bayern.de BayFTG-1 원문 2026-09-06 열람(Text gilt ab 01.08.2013). 날짜 6. 1. 은 feiertage-api 2026 BY·python-holidays 0.102 BY 대조 일치
rules/de_by/solar_holidays.yaml	erster_mai	5-1	True	BayFTG Art. 1 Abs. 1 Nr. 1, 열거 5번째 'der 1. Mai' — gesetze-bayern.de BayFTG-1 원문 2026-09-06 열람(Text gilt ab 01.08.2013). 날짜는 조문에 박혀 있고 feiertage-api 2026 BY(Tag der Arbeit)·python-holidays 0.102 BY 대조 일치
rules/de_by/solar_holidays.yaml	tag_der_deutschen_einheit	10-3	True	BayFTG Art. 1 Abs. 1 Nr. 1, 열거 9번째 'der 3. Oktober als Tag der Deutschen Einheit' — gesetze-bayern.de BayFTG-1 원문 2026-09-06 열람(Text gilt ab 01.08.2013). 연방 근거는 Einigungsvertrag Art. 2 Abs. 2 (rules/de). 날짜는 조문에 박혀 있고 feiertage-api 2026 BY·python-holidays 0.102 BY 대조 일치
rules/de_by/solar_holidays.yaml	allerheiligen	11-1	True	BayFTG Art. 1 Abs. 1 Nr. 1, 열거 10번째 'Allerheiligen' — gesetze-bayern.de BayFTG-1 원문 2026-09-06 열람(Text gilt ab 01.08.2013). 날짜 1. 11. 은 feiertage-api 2026 BY·python-holidays 0.102 BY 대조 일치
rules/de_by/solar_holidays.yaml	erster_weihnachtstag	12-25	True	BayFTG Art. 1 Abs. 1 Nr. 1, 열거 11번째 'Erster Weihnachtstag' — gesetze-bayern.de BayFTG-1 원문 2026-09-06 열람(Text gilt ab 01.08.2013). 날짜 25. 12. 은 feiertage-api 2026 BY(1. Weihnachtstag)·python-holidays 0.102 BY 대조 일치
rules/de_by/solar_holidays.yaml	zweiter_weihnachtstag	12-26	True	BayFTG Art. 1 Abs. 1 Nr. 1, 열거 12번째 'Zweiter Weihnachtstag' — gesetze-bayern.de BayFTG-1 원문 2026-09-06 열람(Text gilt ab 01.08.2013). 날짜 26. 12. 은 feiertage-api 2026 BY(2. Weihnachtstag)·python-holidays 0.102 BY 대조 일치
rules/de_he/easter_holidays.yaml	karfreitag	easter	True	HFeiertagsG § 1 Abs. 1 Nr. 2 'der Karfreitag' — Bekanntmachung der Neufassung des Gesetzes über die Sonn- und Feiertage vom 29.12.1971, GVBl. 1971 I Nr. 36 S. 343, § 1 은 S. 344 (30.12.1971 공포; starweb.hessen.de(헤센 주의회) PDF https://starweb.hessen.de/cache/GVBL/1971/00036.pdf sha256 fc2067c2778f3db8a8b7295c72d25f7df020b1b18e512fb2b648432f9ec21f55, 2026-09-29 열람, 재수령 대조 일치). 1994 개정(GVBl. 1994 I S. 596)은 이 호를 건드리지 않았고 § 1 Abs. 1 의 1994 이후 개정은 찾지 못함(GVBl. 2026 Nr. 65 까지, 공포본 자기 인용·연간 색인·전 호 검색). 부활절 −2 일은 innen.hessen.de 2026(03.04)·feiertage-api 2026 HE 대조 일치
rules/de_he/easter_holidays.yaml	ostermontag	easter	True	HFeiertagsG § 1 Abs. 1 Nr. 3 'der Ostermontag' — Bekanntmachung der Neufassung des Gesetzes über die Sonn- und Feiertage vom 29.12.1971, GVBl. 1971 I Nr. 36 S. 343, § 1 은 S. 344 (30.12.1971 공포; starweb.hessen.de(헤센 주의회) PDF https://starweb.hessen.de/cache/GVBL/1971/00036.pdf sha256 fc2067c2778f3db8a8b7295c72d25f7df020b1b18e512fb2b648432f9ec21f55, 2026-09-29 열람, 재수령 대조 일치). 1994 개정(GVBl. 1994 I S. 596)은 이 호를 건드리지 않았고 § 1 Abs. 1 의 1994 이후 개정은 찾지 못함(GVBl. 2026 Nr. 65 까지, 공포본 자기 인용·연간 색인·전 호 검색). 부활절 +1 일은 innen.hessen.de 2026(06.04)·feiertage-api 2026 HE 대조 일치
rules/de_he/easter_holidays.yaml	christi_himmelfahrt	easter	True	HFeiertagsG § 1 Abs. 1 Nr. 5 'der Himmelfahrtstag' — Bekanntmachung der Neufassung des Gesetzes über die Sonn- und Feiertage vom 29.12.1971, GVBl. 1971 I Nr. 36 S. 343, § 1 은 S. 344 (30.12.1971 공포; starweb.hessen.de(헤센 주의회) PDF https://starweb.hessen.de/cache/GVBL/1971/00036.pdf sha256 fc2067c2778f3db8a8b7295c72d25f7df020b1b18e512fb2b648432f9ec21f55, 2026-09-29 열람, 재수령 대조 일치). 1994 개정(GVBl. 1994 I S. 596)은 이 호를 건드리지 않았고 § 1 Abs. 1 의 1994 이후 개정은 찾지 못함(GVBl. 2026 Nr. 65 까지, 공포본 자기 인용·연간 색인·전 호 검색). 부활절 +39 일은 innen.hessen.de 2026(14.05)·feiertage-api 2026 HE(Christi Himmelfahrt) 대조 일치
rules/de_he/easter_holidays.yaml	pfingstmontag	easter	True	HFeiertagsG § 1 Abs. 1 Nr. 6 'der Pfingstmontag' — Bekanntmachung der Neufassung des Gesetzes über die Sonn- und Feiertage vom 29.12.1971, GVBl. 1971 I Nr. 36 S. 343, § 1 은 S. 344 (30.12.1971 공포; starweb.hessen.de(헤센 주의회) PDF https://starweb.hessen.de/cache/GVBL/1971/00036.pdf sha256 fc2067c2778f3db8a8b7295c72d25f7df020b1b18e512fb2b648432f9ec21f55, 2026-09-29 열람, 재수령 대조 일치). 1994 개정(GVBl. 1994 I S. 596)은 이 호를 건드리지 않았고 § 1 Abs. 1 의 1994 이후 개정은 찾지 못함(GVBl. 2026 Nr. 65 까지, 공포본 자기 인용·연간 색인·전 호 검색). 부활절 +50 일은 innen.hessen.de 2026(25.05)·feiertage-api 2026 HE 대조 일치
rules/de_he/easter_holidays.yaml	fronleichnam	easter	True	HFeiertagsG § 1 Abs. 1 Nr. 7 'der Fronleichnamstag' — Bekanntmachung der Neufassung des Gesetzes über die Sonn- und Feiertage vom 29.12.1971, GVBl. 1971 I Nr. 36 S. 343, § 1 은 S. 344 (30.12.1971 공포; starweb.hessen.de(헤센 주의회) PDF https://starweb.hessen.de/cache/GVBL/1971/00036.pdf sha256 fc2067c2778f3db8a8b7295c72d25f7df020b1b18e512fb2b648432f9ec21f55, 2026-09-29 열람, 재수령 대조 일치). 1994 개정(GVBl. 1994 I S. 596)은 이 호를 건드리지 않았고 § 1 Abs. 1 의 1994 이후 개정은 찾지 못함(GVBl. 2026 Nr. 65 까지, 공포본 자기 인용·연간 색인·전 호 검색). 조문에 날짜 정의 없음 — 부활절 +60 은 교회력 관습 계산. innen.hessen.de 2026(04.06)·feiertage-api 2026 HE(Fronleichnam)·python-holidays 0.102 HE 대조 일치
rules/de_he/solar_holidays.yaml	neujahr	1-1	True	HFeiertagsG § 1 Abs. 1 Nr. 1 'der Neujahrstag' — Bekanntmachung der Neufassung des Gesetzes über die Sonn- und Feiertage vom 29.12.1971, GVBl. 1971 I Nr. 36 S. 343, § 1 은 S. 344 (30.12.1971 공포; starweb.hessen.de(헤센 주의회) PDF https://starweb.hessen.de/cache/GVBL/1971/00036.pdf sha256 fc2067c2778f3db8a8b7295c72d25f7df020b1b18e512fb2b648432f9ec21f55, 2026-09-29 열람, 재수령 대조 일치). 1994 개정(GVBl. 1994 I S. 596)은 이 호를 건드리지 않았고 § 1 Abs. 1 의 1994 이후 개정은 찾지 못함(GVBl. 2026 Nr. 65 까지, 공포본 자기 인용·연간 색인·전 호 검색). 날짜 1. 1. 은 innen.hessen.de 2026 목록·feiertage-api 2026 HE 대조 일치
rules/de_he/solar_holidays.yaml	erster_mai	5-1	True	HFeiertagsG § 1 Abs. 1 Nr. 4 'der 1. Mai' — Bekanntmachung der Neufassung des Gesetzes über die Sonn- und Feiertage vom 29.12.1971, GVBl. 1971 I Nr. 36 S. 343, § 1 은 S. 344 (30.12.1971 공포; starweb.hessen.de(헤센 주의회) PDF https://starweb.hessen.de/cache/GVBL/1971/00036.pdf sha256 fc2067c2778f3db8a8b7295c72d25f7df020b1b18e512fb2b648432f9ec21f55, 2026-09-29 열람, 재수령 대조 일치). 1994 개정(GVBl. 1994 I S. 596)은 이 호를 건드리지 않았고 § 1 Abs. 1 의 1994 이후 개정은 찾지 못함(GVBl. 2026 Nr. 65 까지, 공포본 자기 인용·연간 색인·전 호 검색). 날짜는 조문에 박혀 있고 innen.hessen.de 2026 목록·feiertage-api 2026 HE(Tag der Arbeit) 대조 일치
rules/de_he/solar_holidays.yaml	tag_der_deutschen_einheit	10-3	True	HFeiertagsG § 1 Abs. 1 Nr. 8 'der Tag der Deutschen Einheit' — Fünftes Gesetz zur Änderung des Hessischen Feiertagsgesetzes vom 11.10.1994 Art. 1 Nr. 1 a) (Nr. 8 새 문언, 종전 'der Tag der deutschen Einheit (17. Juni)'), GVBl. 1994 I Nr. 25 S. 596 (19.10.1994 공포, 31.12.1994 시행; starweb.hessen.de(헤센 주의회) PDF https://starweb.hessen.de/cache/GVBL/1994/00025.pdf sha256 a16fbf4cc3298d219e56cc8e0d1f7354d3d33c822058f41b3c07153ef0ef8ff5, 2026-09-29 열람, 재수령 대조 일치). § 1 Abs. 1 의 1994 이후 개정은 찾지 못함(GVBl. 2026 Nr. 65 까지, 공포본 자기 인용·연간 색인·전 호 검색). 연방 근거는 Einigungsvertrag Art. 2 Abs. 2. 날짜 3. 10. 은 innen.hessen.de 2026 목록·feiertage-api 2026 HE 대조 일치
rules/de_he/solar_holidays.yaml	erster_weihnachtstag	12-25	True	HFeiertagsG § 1 Abs. 1 Nr. 9 'der 1. und 2. Weihnachtstag' — 한 호에 이틀, 이 항목은 그중 1. Weihnachtstag(25. 12.). Fünftes Gesetz zur Änderung des Hessischen Feiertagsgesetzes vom 11.10.1994 Art. 1 Nr. 1 b) (종전 Nr. 9 Buß- und Bettag·Nr. 10 을 새 Nr. 9 로), GVBl. 1994 I Nr. 25 S. 596 (19.10.1994 공포, 31.12.1994 시행; starweb.hessen.de(헤센 주의회) PDF https://starweb.hessen.de/cache/GVBL/1994/00025.pdf sha256 a16fbf4cc3298d219e56cc8e0d1f7354d3d33c822058f41b3c07153ef0ef8ff5, 2026-09-29 열람, 재수령 대조 일치). 종전 Nr. 10 은 'der 1. und 2. Weihnachtsfeiertag' — Bekanntmachung der Neufassung des Gesetzes über die Sonn- und Feiertage vom 29.12.1971, GVBl. 1971 I Nr. 36 S. 343, § 1 은 S. 344 (30.12.1971 공포; starweb.hessen.de(헤센 주의회) PDF https://starweb.hessen.de/cache/GVBL/1971/00036.pdf sha256 fc2067c2778f3db8a8b7295c72d25f7df020b1b18e512fb2b648432f9ec21f55, 2026-09-29 열람, 재수령 대조 일치). § 1 Abs. 1 의 1994 이후 개정은 찾지 못함(GVBl. 2026 Nr. 65 까지, 공포본 자기 인용·연간 색인·전 호 검색). 날짜는 innen.hessen.de 2026 목록 (1. Weihnachtsfeiertag)·feiertage-api 2026 HE 대조 일치
rules/de_he/solar_holidays.yaml	zweiter_weihnachtstag	12-26	True	HFeiertagsG § 1 Abs. 1 Nr. 9 'der 1. und 2. Weihnachtstag' — 한 호에 이틀, 이 항목은 그중 2. Weihnachtstag(26. 12.). Fünftes Gesetz zur Änderung des Hessischen Feiertagsgesetzes vom 11.10.1994 Art. 1 Nr. 1 b) (종전 Nr. 9 Buß- und Bettag·Nr. 10 을 새 Nr. 9 로), GVBl. 1994 I Nr. 25 S. 596 (19.10.1994 공포, 31.12.1994 시행; starweb.hessen.de(헤센 주의회) PDF https://starweb.hessen.de/cache/GVBL/1994/00025.pdf sha256 a16fbf4cc3298d219e56cc8e0d1f7354d3d33c822058f41b3c07153ef0ef8ff5, 2026-09-29 열람, 재수령 대조 일치). 종전 Nr. 10 은 'der 1. und 2. Weihnachtsfeiertag' — Bekanntmachung der Neufassung des Gesetzes über die Sonn- und Feiertage vom 29.12.1971, GVBl. 1971 I Nr. 36 S. 343, § 1 은 S. 344 (30.12.1971 공포; starweb.hessen.de(헤센 주의회) PDF https://starweb.hessen.de/cache/GVBL/1971/00036.pdf sha256 fc2067c2778f3db8a8b7295c72d25f7df020b1b18e512fb2b648432f9ec21f55, 2026-09-29 열람, 재수령 대조 일치). § 1 Abs. 1 의 1994 이후 개정은 찾지 못함(GVBl. 2026 Nr. 65 까지, 공포본 자기 인용·연간 색인·전 호 검색). 날짜는 innen.hessen.de 2026 목록 (2. Weihnachtsfeiertag)·feiertage-api 2026 HE 대조 일치
rules/de_hh/easter_holidays.yaml	karfreitag	easter	False	Feiertagsgesetz(HH) § 1 Nr. 2 'Karfreitag' — umwelt-online 현행판(Stand 28.08.2023). 부활절 −2 일은 feiertage-api 2026 HH(04-03) 대조 일치
rules/de_hh/easter_holidays.yaml	ostermontag	easter	False	Feiertagsgesetz(HH) § 1 Nr. 3 'Ostermontag' — umwelt-online 현행판(Stand 28.08.2023). 부활절 +1 일은 feiertage-api 2026 HH(04-06) 대조 일치
rules/de_hh/easter_holidays.yaml	christi_himmelfahrt	easter	False	Feiertagsgesetz(HH) § 1 Nr. 5 'Himmelfahrtstag' — umwelt-online 현행판(Stand 28.08.2023). 부활절 +39 일은 feiertage-api 2026 HH(05-14, Christi Himmelfahrt) 대조 일치
rules/de_hh/easter_holidays.yaml	pfingstmontag	easter	False	Feiertagsgesetz(HH) § 1 Nr. 6 'Pfingstmontag' — umwelt-online 현행판(Stand 28.08.2023). 부활절 +50 일은 feiertage-api 2026 HH(05-25) 대조 일치
rules/de_hh/solar_holidays.yaml	neujahr	1-1	False	Feiertagsgesetz(HH) § 1 Nr. 1 'Neujahrstag' — umwelt-online 현행판(Stand 28.08.2023). 날짜 1. 1. 은 feiertage-api 2026 HH 대조 일치
rules/de_hh/solar_holidays.yaml	erster_mai	5-1	False	Feiertagsgesetz(HH) § 1 Nr. 4 '1. Mai' — umwelt-online 현행판(Stand 28.08.2023). 날짜는 조문에 박혀 있고 feiertage-api 2026 HH(Tag der Arbeit) 대조 일치
rules/de_hh/solar_holidays.yaml	tag_der_deutschen_einheit	10-3	False	Feiertagsgesetz(HH) § 1 Nr. 7 'Tag der Deutschen Einheit (3. Oktober)' — umwelt-online 현행판(Stand 28.08.2023). SUMMARY 는 괄호 날짜를 뺀 표기 (de.ics 의 서술부 제외 전례). 연방 근거는 Einigungsvertrag Art. 2 Abs. 2 (rules/de). 날짜는 조문에 박혀 있고 feiertage-api 2026 HH 대조 일치
rules/de_hh/solar_holidays.yaml	reformationstag	10-31	True	Feiertagsgesetz(HH) § 1 Nr. 8 '31. Oktober' (통칭 Reformationstag) — Fünftes Gesetz zur Änderung des Feiertagsgesetzes vom 12.03.2018, HmbGVBl. 2018 Nr. 9 S. 63 (20.03.2018 공포, luewu.de PDF 2026-09-07 열람). 날짜는 feiertage-api 2026 HH 대조 일치
rules/de_hh/solar_holidays.yaml	erster_weihnachtstag	12-25	False	Feiertagsgesetz(HH) § 1 Nr. 9 '1. Weihnachtstag' — umwelt-online 현행판 (Stand 28.08.2023). 날짜 25. 12. 은 feiertage-api 2026 HH 대조 일치
rules/de_hh/solar_holidays.yaml	zweiter_weihnachtstag	12-26	False	Feiertagsgesetz(HH) § 1 Nr. 10 '2. Weihnachtstag' — umwelt-online 현행판 (Stand 28.08.2023). 날짜 26. 12. 은 feiertage-api 2026 HH 대조 일치
rules/de_ni/easter_holidays.yaml	karfreitag	easter	False	NFeiertagsG § 2 Abs. 1 Buchst. b 'Karfreitag' — NI-VORIS 현행판(Rechtsstand ab 29.06.2018, 문서 f74bc6e7)·schure.de 일치. 자구는 1995-03-07 Neufassung(Nds. GVBl. S. 50)의 것이고 2018 개정(Nds. GVBl. 2018 Nr. 7 S. 122) 후에도 Buchst. b 그대로. 부활절 −2 일은 feiertage-api 2026 NI(04-03) 대조 일치
rules/de_ni/easter_holidays.yaml	ostermontag	easter	False	NFeiertagsG § 2 Abs. 1 Buchst. c 'Ostermontag' — NI-VORIS 현행판(Rechtsstand ab 29.06.2018, 문서 f74bc6e7)·schure.de 일치. 자구는 1995-03-07 Neufassung(Nds. GVBl. S. 50)의 것이고 2018 개정(Nds. GVBl. 2018 Nr. 7 S. 122) 후에도 Buchst. c 그대로. 부활절 +1 일은 feiertage-api 2026 NI(04-06) 대조 일치
rules/de_ni/easter_holidays.yaml	christi_himmelfahrt	easter	False	NFeiertagsG § 2 Abs. 1 Buchst. e 'Himmelfahrtstag' — NI-VORIS 현행판(Rechtsstand ab 29.06.2018, 문서 f74bc6e7)·schure.de 일치. 자구는 1995-03-07 Neufassung(Nds. GVBl. S. 50)의 것이고 2018 개정(Nds. GVBl. 2018 Nr. 7 S. 122) 후에도 Buchst. e 그대로. 부활절 +39 일은 feiertage-api 2026 NI(05-14, Christi Himmelfahrt) 대조 일치
rules/de_ni/easter_holidays.yaml	pfingstmontag	easter	False	NFeiertagsG § 2 Abs. 1 Buchst. f 'Pfingstmontag' — NI-VORIS 현행판(Rechtsstand ab 29.06.2018, 문서 f74bc6e7)·schure.de 일치. 자구는 1995-03-07 Neufassung(Nds. GVBl. S. 50)의 것이고 2018 개정(Nds. GVBl. 2018 Nr. 7 S. 122) 후에도 Buchst. f 그대로. 부활절 +50 일은 feiertage-api 2026 NI(05-25) 대조 일치
rules/de_ni/solar_holidays.yaml	neujahr	1-1	False	NFeiertagsG § 2 Abs. 1 Buchst. a 'Neujahrstag' — NI-VORIS 현행판(Rechtsstand ab 29.06.2018, 문서 f74bc6e7)·schure.de 일치. 자구는 1995-03-07 Neufassung(Nds. GVBl. S. 50)의 것이고 2018 개정(Nds. GVBl. 2018 Nr. 7 S. 122) 후에도 Buchst. a 그대로. 날짜 1. 1. 은 feiertage-api 2026 NI 대조 일치
rules/de_ni/solar_holidays.yaml	erster_mai	5-1	False	NFeiertagsG § 2 Abs. 1 Buchst. d 'der 1. Mai' — NI-VORIS 현행판(Rechtsstand ab 29.06.2018, 문서 f74bc6e7)·schure.de 일치. 자구는 1995-03-07 Neufassung(Nds. GVBl. S. 50)의 것이고 2018 개정(Nds. GVBl. 2018 Nr. 7 S. 122) 후에도 Buchst. d 그대로. SUMMARY 는 정관사를 뺀 '1. Mai'. 날짜는 조문에 박혀 있고 feiertage-api 2026 NI(Tag der Arbeit) 대조 일치
rules/de_ni/solar_holidays.yaml	tag_der_deutschen_einheit	10-3	False	NFeiertagsG § 2 Abs. 1 Buchst. g 'der 3. Oktober, als Tag der Deutschen Einheit' — NI-VORIS 현행판(Rechtsstand ab 29.06.2018, 문서 f74bc6e7)·schure.de 일치. 자구는 1995-03-07 Neufassung(Nds. GVBl. S. 50)의 것이고 2018 개정(Nds. GVBl. 2018 Nr. 7 S. 122) 후에도 Buchst. g 그대로. SUMMARY 는 서술부를 정리한 'Tag der Deutschen Einheit'(de.ics 전례). 연방 근거는 Einigungsvertrag Art. 2 Abs. 2(rules/de) — 조문 열거에 있으므로 여기서는 부기다. 날짜는 조문에 박혀 있고 feiertage-api 2026 NI 대조 일치
rules/de_ni/solar_holidays.yaml	reformationstag	10-31	True	NFeiertagsG § 2 Abs. 1 Buchst. h 'der 31. Oktober, als Reformationstag' — Gesetz zur Änderung des Niedersächsischen Gesetzes über die Feiertage vom 22.06.2018 Art. 1 Nr. 1 (Buchst. h 삽입, 구 Buchst. h·i → i·j, Satz 2 삭제), Nds. GVBl. 2018 Nr. 7 S. 122 (28.06.2018 공포, 29.06.2018 시행; 니더작센 포털 PDF https://www.niedersachsen.de/download/132379/Nds._GVBl._Nr._7_2018_vom_28.06.2018_S._111-154.pdf sha256 99d4848d3b86f2bd5b7af9e33af05b75fdee7098b8cdcdd16e07a378bd378b3d, 2026-09-09 열람, 재수령 대조 일치; Wayback 20240415 사본도 같은 sha256). SUMMARY 는 서술부를 정리한 'Reformationstag'. 날짜 31. 10. 은 feiertage-api 2026 NI 대조 일치
rules/de_ni/solar_holidays.yaml	erster_weihnachtstag	12-25	False	NFeiertagsG § 2 Abs. 1 Buchst. i '1. Weihnachtstag' — NI-VORIS 현행판(Rechtsstand ab 29.06.2018, 문서 f74bc6e7)·schure.de 일치. 자구는 1995-03-07 Neufassung(Nds. GVBl. S. 50)의 것(당시 Buchst. h), Buchstabe 는 2018 개정 Art. 1 Nr. 1 의 재번호(구 Buchst. h → i, Nds. GVBl. 2018 Nr. 7 S. 122, 공포본 확인). 날짜 25. 12. 은 feiertage-api 2026 NI 대조 일치
rules/de_ni/solar_holidays.yaml	zweiter_weihnachtstag	12-26	False	NFeiertagsG § 2 Abs. 1 Buchst. j '2. Weihnachtstag' — NI-VORIS 현행판(Rechtsstand ab 29.06.2018, 문서 f74bc6e7)·schure.de 일치. 자구는 1995-03-07 Neufassung(Nds. GVBl. S. 50)의 것(당시 Buchst. i), Buchstabe 는 2018 개정 Art. 1 Nr. 1 의 재번호(구 Buchst. i → j, Nds. GVBl. 2018 Nr. 7 S. 122, 공포본 확인). 날짜 26. 12. 은 feiertage-api 2026 NI 대조 일치
rules/de_nw/easter_holidays.yaml	karfreitag	easter	True	Feiertagsgesetz NW § 2 Abs. 1 Nr. 2 'der Karfreitag' — Bekanntmachung der Neufassung des Gesetzes über die Sonn- und Feiertage vom 23.04.1989, GV. NW. 1989 Nr. 19 S. 222 (09.05.1989 공포; recht.nrw.de PDF https://recht.nrw.de/system/files/GV_Archiv/4122-xmmgvb8919.pdf sha256 b72dd60b57c8b59139d27313e193f13d0b0fd06fce4da727749dd9a58b780a49, 2026-09-29 열람, 재수령 대조 일치). 이 호는 1991·1994 개정(GV. NW. 1991 S. 200·1994 S. 1114)이 건드리지 않았고 § 2 Abs. 1 의 1994 이후 개정은 찾지 못함(GV. NRW. 2026 Nr. 27 까지, 관보 색인·포털 개정 이력). 부활절 −2 일은 feiertage-api 2026 NW(04-03) 대조 일치
rules/de_nw/easter_holidays.yaml	ostermontag	easter	True	Feiertagsgesetz NW § 2 Abs. 1 Nr. 3 'der Ostermontag' — Bekanntmachung der Neufassung des Gesetzes über die Sonn- und Feiertage vom 23.04.1989, GV. NW. 1989 Nr. 19 S. 222 (09.05.1989 공포; recht.nrw.de PDF https://recht.nrw.de/system/files/GV_Archiv/4122-xmmgvb8919.pdf sha256 b72dd60b57c8b59139d27313e193f13d0b0fd06fce4da727749dd9a58b780a49, 2026-09-29 열람, 재수령 대조 일치). 이 호는 1991·1994 개정(GV. NW. 1991 S. 200·1994 S. 1114)이 건드리지 않았고 § 2 Abs. 1 의 1994 이후 개정은 찾지 못함(GV. NRW. 2026 Nr. 27 까지, 관보 색인·포털 개정 이력). 부활절 +1 일은 feiertage-api 2026 NW(04-06) 대조 일치
rules/de_nw/easter_holidays.yaml	christi_himmelfahrt	easter	True	Feiertagsgesetz NW § 2 Abs. 1 Nr. 5 'der Christi-Himmelfahrtstag' — Bekanntmachung der Neufassung des Gesetzes über die Sonn- und Feiertage vom 23.04.1989, GV. NW. 1989 Nr. 19 S. 222 (09.05.1989 공포; recht.nrw.de PDF https://recht.nrw.de/system/files/GV_Archiv/4122-xmmgvb8919.pdf sha256 b72dd60b57c8b59139d27313e193f13d0b0fd06fce4da727749dd9a58b780a49, 2026-09-29 열람, 재수령 대조 일치). 1977 Bekanntmachung(GV. NW. 1977 S. 98)도 같은 표기다 — 비공식 현행판(lexmea·IHK Köln 등)의 하이픈 표기 'Christi-Himmelfahrts-Tag' 는 공포본에 없다. 이 호는 1991·1994 개정(GV. NW. 1991 S. 200·1994 S. 1114)이 건드리지 않았고 § 2 Abs. 1 의 1994 이후 개정은 찾지 못함(GV. NRW. 2026 Nr. 27 까지, 관보 색인·포털 개정 이력). 부활절 +39 일은 feiertage-api 2026 NW(05-14, Christi Himmelfahrt) 대조 일치
rules/de_nw/easter_holidays.yaml	pfingstmontag	easter	True	Feiertagsgesetz NW § 2 Abs. 1 Nr. 6 'der Pfingstmontag' — Bekanntmachung der Neufassung des Gesetzes über die Sonn- und Feiertage vom 23.04.1989, GV. NW. 1989 Nr. 19 S. 222 (09.05.1989 공포; recht.nrw.de PDF https://recht.nrw.de/system/files/GV_Archiv/4122-xmmgvb8919.pdf sha256 b72dd60b57c8b59139d27313e193f13d0b0fd06fce4da727749dd9a58b780a49, 2026-09-29 열람, 재수령 대조 일치). 이 호는 1991·1994 개정(GV. NW. 1991 S. 200·1994 S. 1114)이 건드리지 않았고 § 2 Abs. 1 의 1994 이후 개정은 찾지 못함(GV. NRW. 2026 Nr. 27 까지, 관보 색인·포털 개정 이력). 부활절 +50 일은 feiertage-api 2026 NW(05-25) 대조 일치
rules/de_nw/easter_holidays.yaml	fronleichnam	easter	True	Feiertagsgesetz NW § 2 Abs. 1 Nr. 7 'der Fronleichnamstag (Donnerstag nach dem Sonntag Trinitatis)' — Bekanntmachung der Neufassung des Gesetzes über die Sonn- und Feiertage vom 23.04.1989, GV. NW. 1989 Nr. 19 S. 222 (09.05.1989 공포; recht.nrw.de PDF https://recht.nrw.de/system/files/GV_Archiv/4122-xmmgvb8919.pdf sha256 b72dd60b57c8b59139d27313e193f13d0b0fd06fce4da727749dd9a58b780a49, 2026-09-29 열람, 재수령 대조 일치). 이 호는 1991·1994 개정(GV. NW. 1991 S. 200· 1994 S. 1114)이 건드리지 않았고 § 2 Abs. 1 의 1994 이후 개정은 찾지 못함(GV. NRW. 2026 Nr. 27 까지, 관보 색인·포털 개정 이력). SUMMARY 는 괄호 정의를 뺀 'Fronleichnamstag'. 조문의 정의(Trinitatis 다음 목요일)는 부활절 +60 과 등가 — Trinitatis 가 부활절 +56 일요일이라서. 2026 실측 Trinitatis 05-31 → 06-04, feiertage-api 2026 NW(Fronleichnam 06-04) 대조 일치
rules/de_nw/solar_holidays.yaml	neujahr	1-1	True	Feiertagsgesetz NW § 2 Abs. 1 Nr. 1 'der Neujahrstag' — Bekanntmachung der Neufassung des Gesetzes über die Sonn- und Feiertage vom 23.04.1989, GV. NW. 1989 Nr. 19 S. 222 (09.05.1989 공포; recht.nrw.de PDF https://recht.nrw.de/system/files/GV_Archiv/4122-xmmgvb8919.pdf sha256 b72dd60b57c8b59139d27313e193f13d0b0fd06fce4da727749dd9a58b780a49, 2026-09-29 열람, 재수령 대조 일치). 이 호는 1991·1994 개정(GV. NW. 1991 S. 200·1994 S. 1114)이 건드리지 않았고 § 2 Abs. 1 의 1994 이후 개정은 찾지 못함(GV. NRW. 2026 Nr. 27 까지, 관보 색인·포털 개정 이력). 날짜 1. 1. 은 feiertage-api 2026 NW 대조 일치
rules/de_nw/solar_holidays.yaml	erster_mai	5-1	True	Feiertagsgesetz NW § 2 Abs. 1 Nr. 4 'der 1. Mai als Tag des Bekenntnisses zu Freiheit und Frieden, sozialer Gerichtigkeit [sic], Völkerversöhnung und Menschenwürde' — Bekanntmachung der Neufassung des Gesetzes über die Sonn- und Feiertage vom 23.04.1989, GV. NW. 1989 Nr. 19 S. 222 (09.05.1989 공포; recht.nrw.de PDF https://recht.nrw.de/system/files/GV_Archiv/4122-xmmgvb8919.pdf sha256 b72dd60b57c8b59139d27313e193f13d0b0fd06fce4da727749dd9a58b780a49, 2026-09-29 열람, 재수령 대조 일치). 'Gerichtigkeit' 는 1989 공고본의 인쇄 그대로다 — 1977 Bekanntmachung(GV. NW. 1977 S. 98)은 'Gerechtigkeit' 이고, 1989–1996 관보에서 S. 222 정오표를 찾지 못함(텍스트층 없는 호는 목차 면만). 이 호는 1991·1994 개정(GV. NW. 1991 S. 200·1994 S. 1114)이 건드리지 않았고 § 2 Abs. 1 의 1994 이후 개정은 찾지 못함(GV. NRW. 2026 Nr. 27 까지, 관보 색인·포털 개정 이력). SUMMARY 는 서술부를 뺀 '1. Mai'(de.ics 의 서술부 제외 전례). 날짜는 조문에 박혀 있고 feiertage-api 2026 NW(Tag der Arbeit) 대조 일치
rules/de_nw/solar_holidays.yaml	tag_der_deutschen_einheit	10-3	True	Feiertagsgesetz NW § 2 Abs. 1 Nr. 8 'der 3. Oktober als Tag der Deutschen Einheit' — Gesetz zur Änderung des Feiertagsgesetzes NW vom 17.04.1991 Art. I Nr. 1 (Nr. 8 새 문언, 종전 'der 17. Juni als Tag der deutschen Einheit'), GV. NW. 1991 Nr. 19 S. 200 (03.05.1991 공포; recht.nrw.de PDF https://recht.nrw.de/system/files/GV_Archiv/3762-xmmgvb9119.pdf sha256 4c7dd3aad931ce0b5906db48681a0cdfb6cb425a1964a8a970c14a683aa2dbc5, 2026-09-29 열람, 재수령 대조 일치). § 2 Abs. 1 의 1994 이후 개정은 찾지 못함(GV. NRW. 2026 Nr. 27 까지, 관보 색인·포털 개정 이력). SUMMARY 는 서술부를 뺀 표기(de.ics 전례). 연방 근거는 Einigungsvertrag Art. 2 Abs. 2 (rules/de). 날짜는 조문에 박혀 있고 feiertage-api 2026 NW 대조 일치
rules/de_nw/solar_holidays.yaml	allerheiligen	11-1	True	Feiertagsgesetz NW § 2 Abs. 1 Nr. 9 'der Allerheiligentag (1. November)' — Bekanntmachung der Neufassung des Gesetzes über die Sonn- und Feiertage vom 23.04.1989, GV. NW. 1989 Nr. 19 S. 222 (09.05.1989 공포; recht.nrw.de PDF https://recht.nrw.de/system/files/GV_Archiv/4122-xmmgvb8919.pdf sha256 b72dd60b57c8b59139d27313e193f13d0b0fd06fce4da727749dd9a58b780a49, 2026-09-29 열람, 재수령 대조 일치). 이 호는 1991·1994 개정(GV. NW. 1991 S. 200·1994 S. 1114)이 건드리지 않았고 § 2 Abs. 1 의 1994 이후 개정은 찾지 못함(GV. NRW. 2026 Nr. 27 까지, 관보 색인·포털 개정 이력). SUMMARY 는 괄호 날짜를 뺀 'Allerheiligentag'. token 은 de_by 와 같은 allerheiligen(신규 명명 없음). § 6 의 stiller Feiertag. 날짜 1. 11. 은 조문 괄호와 feiertage-api 2026 NW(Allerheiligen) 대조 일치
rules/de_nw/solar_holidays.yaml	erster_weihnachtstag	12-25	True	Feiertagsgesetz NW § 2 Abs. 1 Nr. 10 'der 1. Weihnachtstag' — Bekanntmachung der Neufassung des Gesetzes über die Sonn- und Feiertage vom 23.04.1989 의 Nr. 11, GV. NW. 1989 Nr. 19 S. 222 (09.05.1989 공포; recht.nrw.de PDF https://recht.nrw.de/system/files/GV_Archiv/4122-xmmgvb8919.pdf sha256 b72dd60b57c8b59139d27313e193f13d0b0fd06fce4da727749dd9a58b780a49, 2026-09-29 열람, 재수령 대조 일치)을 Zweites Gesetz zur Änderung des Feiertagsgesetzes Nordrhein-Westfalen vom 20.12.1994 Art. I Nr. 1(Nr. 10 Buß- und Bettag 삭제, Nr. 11·12 → 10·11)이 Nr. 10 으로 재번호, GV. NW. 1994 Nr. 88 S. 1114 (30.12.1994 공포; recht.nrw.de PDF https://recht.nrw.de/system/files/GV_Archiv/4383-xmmgvb9488.pdf sha256 329fd81bb58b2e9a0cb17d8e0d7df3e28ffe0de35b175648fce282359ab823f8, 2026-09-29 열람, 재수령 대조 일치). § 2 Abs. 1 의 1994 이후 개정은 찾지 못함(GV. NRW. 2026 Nr. 27 까지, 관보 색인·포털 개정 이력). 날짜 25. 12. 은 feiertage-api 2026 NW 대조 일치
rules/de_nw/solar_holidays.yaml	zweiter_weihnachtstag	12-26	True	Feiertagsgesetz NW § 2 Abs. 1 Nr. 11 'der 2. Weihnachtstag' — Bekanntmachung der Neufassung des Gesetzes über die Sonn- und Feiertage vom 23.04.1989 의 Nr. 12, GV. NW. 1989 Nr. 19 S. 222 (09.05.1989 공포; recht.nrw.de PDF https://recht.nrw.de/system/files/GV_Archiv/4122-xmmgvb8919.pdf sha256 b72dd60b57c8b59139d27313e193f13d0b0fd06fce4da727749dd9a58b780a49, 2026-09-29 열람, 재수령 대조 일치)을 Zweites Gesetz zur Änderung des Feiertagsgesetzes Nordrhein-Westfalen vom 20.12.1994 Art. I Nr. 1(Nr. 10 Buß- und Bettag 삭제, Nr. 11·12 → 10·11)이 Nr. 11 로 재번호, GV. NW. 1994 Nr. 88 S. 1114 (30.12.1994 공포; recht.nrw.de PDF https://recht.nrw.de/system/files/GV_Archiv/4383-xmmgvb9488.pdf sha256 329fd81bb58b2e9a0cb17d8e0d7df3e28ffe0de35b175648fce282359ab823f8, 2026-09-29 열람, 재수령 대조 일치). § 2 Abs. 1 의 1994 이후 개정은 찾지 못함(GV. NRW. 2026 Nr. 27 까지, 관보 색인·포털 개정 이력). 날짜 26. 12. 은 feiertage-api 2026 NW 대조 일치
rules/de_rp/easter_holidays.yaml	karfreitag	easter	False	LFtG § 2 Abs. 1 Nr. 2 'der Karfreitag' — 현행 자구는 2차 소스 넷(datumsrechner.de· Bistum Speyer OVB 2007/08 Beilage·kirchenrecht-ekhn.de 19575·kirchenrecht-evpfalz.de 14462)이 글자 단위로 일치. 자구는 1970-07-15 원법(GVBl. S. 225)의 것이고 1994-12-20 개정(GVBl. S. 474, 말미 재번호) 뒤에도 Nr. 2 그대로, 2009-10-27 개정(GVBl. S. 358)은 § 10 만. SUMMARY 는 관사를 뺀 'Karfreitag'. 부활절 −2 일은 feiertage-api 2026 RP(04-03) 대조 일치
rules/de_rp/easter_holidays.yaml	ostermontag	easter	False	LFtG § 2 Abs. 1 Nr. 3 'der Ostermontag' — 현행 자구는 2차 소스 넷(datumsrechner.de· Bistum Speyer OVB 2007/08 Beilage·kirchenrecht-ekhn.de 19575·kirchenrecht-evpfalz.de 14462)이 글자 단위로 일치. 자구는 1970-07-15 원법(GVBl. S. 225)의 것이고 1994-12-20 개정(GVBl. S. 474, 말미 재번호) 뒤에도 Nr. 3 그대로, 2009-10-27 개정(GVBl. S. 358)은 § 10 만. SUMMARY 는 관사를 뺀 'Ostermontag'. 부활절 +1 일은 feiertage-api 2026 RP(04-06) 대조 일치
rules/de_rp/easter_holidays.yaml	christi_himmelfahrt	easter	False	LFtG § 2 Abs. 1 Nr. 5 'der Tag Christi Himmelfahrt' — 현행 자구는 2차 소스 넷 (datumsrechner.de·Bistum Speyer OVB 2007/08 Beilage·kirchenrecht-ekhn.de 19575· kirchenrecht-evpfalz.de 14462)이 글자 단위로 일치. 자구는 1970-07-15 원법(GVBl. S. 225)의 것이고 1994-12-20 개정(GVBl. S. 474, 말미 재번호) 뒤에도 Nr. 5 그대로, 2009-10-27 개정(GVBl. S. 358)은 § 10 만. SUMMARY 는 관사를 뺀 'Tag Christi Himmelfahrt'(de.ics·de_bw 의 'Christi Himmelfahrt' 와 갈림은 조문 표기 차이). 부활절 +39 일은 feiertage-api 2026 RP(05-14, Christi Himmelfahrt) 대조 일치
rules/de_rp/easter_holidays.yaml	pfingstmontag	easter	False	LFtG § 2 Abs. 1 Nr. 6 'der Pfingstmontag' — 현행 자구는 2차 소스 넷(datumsrechner.de· Bistum Speyer OVB 2007/08 Beilage·kirchenrecht-ekhn.de 19575·kirchenrecht-evpfalz.de 14462)이 글자 단위로 일치. 자구는 1970-07-15 원법(GVBl. S. 225)의 것이고 1994-12-20 개정(GVBl. S. 474, 말미 재번호) 뒤에도 Nr. 6 그대로, 2009-10-27 개정(GVBl. S. 358)은 § 10 만. SUMMARY 는 관사를 뺀 'Pfingstmontag'. 부활절 +50 일은 feiertage-api 2026 RP(05-25) 대조 일치
rules/de_rp/easter_holidays.yaml	fronleichnam	easter	False	LFtG § 2 Abs. 1 Nr. 7 'der Fronleichnamstag' — 현행 자구는 2차 소스 넷(datumsrechner.de· Bistum Speyer OVB 2007/08 Beilage·kirchenrecht-ekhn.de 19575·kirchenrecht-evpfalz.de 14462)이 글자 단위로 일치. 자구는 1970-07-15 원법(GVBl. S. 225)의 것이고 1994-12-20 개정(GVBl. S. 474, 말미 재번호) 뒤에도 Nr. 7 그대로, 2009-10-27 개정(GVBl. S. 358)은 § 10 만. SUMMARY 는 관사를 뺀 'Fronleichnamstag'(de_bw 의 'Fronleichnam' 과 갈림은 조문 표기 차이). key 는 de_bw·de_by·de_nw 와 같은 fronleichnam. 부활절 +60 일 (Donnerstag nach Trinitatis)은 feiertage-api 2026 RP(06-04) 대조 일치
rules/de_rp/solar_holidays.yaml	neujahr	1-1	False	LFtG § 2 Abs. 1 Nr. 1 'der Neujahrstag' — 현행 자구는 2차 소스 넷(datumsrechner.de· Bistum Speyer OVB 2007/08 Beilage·kirchenrecht-ekhn.de 19575·kirchenrecht-evpfalz.de 14462)이 글자 단위로 일치. 자구는 1970-07-15 원법(GVBl. S. 225)의 것이고 1994-12-20 개정(GVBl. S. 474, 말미 재번호) 뒤에도 Nr. 1 그대로, 2009-10-27 개정(GVBl. S. 358)은 § 10 만. SUMMARY 는 관사를 뺀 'Neujahrstag'. 날짜 1. 1. 은 feiertage-api 2026 RP 대조 일치
rules/de_rp/solar_holidays.yaml	erster_mai	5-1	False	LFtG § 2 Abs. 1 Nr. 4 'der 1. Mai' — 현행 자구는 2차 소스 넷(datumsrechner.de· Bistum Speyer OVB 2007/08 Beilage·kirchenrecht-ekhn.de 19575·kirchenrecht-evpfalz.de 14462)이 글자 단위로 일치. 자구는 1970-07-15 원법(GVBl. S. 225)의 것이고 1994-12-20 개정(GVBl. S. 474, 말미 재번호) 뒤에도 Nr. 4 그대로, 2009-10-27 개정(GVBl. S. 358)은 § 10 만. SUMMARY 는 관사를 뺀 '1. Mai'. 날짜는 조문에 박혀 있고 feiertage-api 2026 RP(Tag der Arbeit) 대조 일치
rules/de_rp/solar_holidays.yaml	tag_der_deutschen_einheit	10-3	False	LFtG § 2 Abs. 1 Nr. 8 'der Tag der Deutschen Einheit (3. Oktober)' — 현행 자구는 2차 소스 넷(datumsrechner.de·Bistum Speyer OVB 2007/08 Beilage·kirchenrecht-ekhn.de 19575· kirchenrecht-evpfalz.de 14462)이 글자 단위로 일치. 이 호를 넣은 개정은 미확인 (1990 S. 289 로 추정될 뿐 공포본 없음), 1994-12-20 개정(GVBl. S. 474, 말미 재번호) 뒤에도 Nr. 8 그대로, 2009-10-27 개정(GVBl. S. 358)은 § 10 만. SUMMARY 는 관사와 괄호 날짜를 뺀 'Tag der Deutschen Einheit'. 연방 근거는 Einigungsvertrag Art. 2 Abs. 2 (rules/de) — 조문 열거에 있으므로 여기서는 부기다. 날짜는 조문 괄호에 박혀 있고 feiertage-api 2026 RP 대조 일치
rules/de_rp/solar_holidays.yaml	allerheiligen	11-1	False	LFtG § 2 Abs. 1 Nr. 9 'der Allerheiligentag (1. November)' — 현행 자구는 2차 소스 넷(datumsrechner.de·Bistum Speyer OVB 2007/08 Beilage·kirchenrecht-ekhn.de 19575· kirchenrecht-evpfalz.de 14462)이 글자 단위로 일치. 자구는 1970-07-15 원법(GVBl. S. 225)의 것이고 1994-12-20 개정(GVBl. S. 474)이 말미 쉼표를 "und" 로 바꾼 것 외 Nr. 9 그대로, 2009-10-27 개정(GVBl. S. 358)은 § 10 만. SUMMARY 는 관사와 괄호 날짜를 뺀 'Allerheiligentag'(BW 의 'Allerheiligen' 과 갈림은 조문 표기 차이). key 는 de_bw· de_by·de_nw 와 같은 allerheiligen. 날짜 1. 11. 은 조문 괄호와 feiertage-api 2026 RP 대조 일치
rules/de_rp/solar_holidays.yaml	erster_weihnachtstag	12-25	False	LFtG § 2 Abs. 1 Nr. 10 'der 1. und 2. Weihnachtstag (25. und 26. Dezember)' — 한 번호에 이름 있는 두 공휴일이 병렬로 묶여 있어 앞 날 '1. Weihnachtstag'(25. Dezember) 를 이 항목으로 낸다(뒷 날은 zweiter_weihnachtstag). 현행 자구는 2차 소스 넷 (datumsrechner.de·Bistum Speyer OVB 2007/08 Beilage·kirchenrecht-ekhn.de 19575· kirchenrecht-evpfalz.de 14462)이 글자 단위로 일치. 자구는 1970-07-15 원법(GVBl. S. 225)의 것, 번호 10 은 1994-12-20 개정(GVBl. S. 474)의 재번호(구 Nr. 11), 2009-10-27 개정(GVBl. S. 358)은 § 10 만. SUMMARY 는 자기 몫 '1. Weihnachtstag'. 날짜 25. 12. 은 조문 괄호와 feiertage-api 2026 RP 대조 일치
rules/de_rp/solar_holidays.yaml	zweiter_weihnachtstag	12-26	False	LFtG § 2 Abs. 1 Nr. 10 'der 1. und 2. Weihnachtstag (25. und 26. Dezember)' — 한 번호에 이름 있는 두 공휴일이 병렬로 묶여 있어 뒷 날 '2. Weihnachtstag'(26. Dezember) 를 이 항목으로 낸다(앞 날은 erster_weihnachtstag). 현행 자구는 2차 소스 넷 (datumsrechner.de·Bistum Speyer OVB 2007/08 Beilage·kirchenrecht-ekhn.de 19575· kirchenrecht-evpfalz.de 14462)이 글자 단위로 일치. 자구는 1970-07-15 원법(GVBl. S. 225)의 것, 번호 10 은 1994-12-20 개정(GVBl. S. 474)의 재번호(구 Nr. 11), 2009-10-27 개정(GVBl. S. 358)은 § 10 만. SUMMARY 는 자기 몫 '2. Weihnachtstag'. 날짜 26. 12. 은 조문 괄호와 feiertage-api 2026 RP 대조 일치
rules/de_sh/easter_holidays.yaml	karfreitag	easter	True	SFTG(SH) § 2 Abs. 1 Nr. 2 'Karfreitag' — Gesetz über Sonn- und Feiertage (SFTG) vom 28.06.2004, GVOBl. Schl.-H. 2004 Nr. 8 S. 213 (15.07.2004 공포; Verkündungsportal 연도판 PDF https://verkuendungsportal.schleswig-holstein.de/mm/gvobl_jahrgang_2004/GVOBl_2004.pdf sha256 dba6f1a10bf991211a29d6f6c52f2e4f4dab5526c627d46f76b1df6ced26bc41, 2026-09-09 열람). 2018-03-21 개정(GVOBl. Schl.-H. 2018 Nr. 6 S. 69) 후에도 Nr. 2 그대로. 부활절 −2 일은 feiertage-api 2026 SH(04-03) 대조 일치
rules/de_sh/easter_holidays.yaml	ostermontag	easter	True	SFTG(SH) § 2 Abs. 1 Nr. 3 'Ostermontag' — Gesetz über Sonn- und Feiertage (SFTG) vom 28.06.2004, GVOBl. Schl.-H. 2004 Nr. 8 S. 213 (15.07.2004 공포; Verkündungsportal 연도판 PDF https://verkuendungsportal.schleswig-holstein.de/mm/gvobl_jahrgang_2004/GVOBl_2004.pdf sha256 dba6f1a10bf991211a29d6f6c52f2e4f4dab5526c627d46f76b1df6ced26bc41, 2026-09-09 열람). 2018-03-21 개정(GVOBl. Schl.-H. 2018 Nr. 6 S. 69) 후에도 Nr. 3 그대로. 부활절 +1 일은 feiertage-api 2026 SH(04-06) 대조 일치
rules/de_sh/easter_holidays.yaml	christi_himmelfahrt	easter	True	SFTG(SH) § 2 Abs. 1 Nr. 5 'Himmelfahrtstag' — Gesetz über Sonn- und Feiertage (SFTG) vom 28.06.2004, GVOBl. Schl.-H. 2004 Nr. 8 S. 213 (15.07.2004 공포; Verkündungsportal 연도판 PDF https://verkuendungsportal.schleswig-holstein.de/mm/gvobl_jahrgang_2004/GVOBl_2004.pdf sha256 dba6f1a10bf991211a29d6f6c52f2e4f4dab5526c627d46f76b1df6ced26bc41, 2026-09-09 열람). 2018-03-21 개정(GVOBl. Schl.-H. 2018 Nr. 6 S. 69) 후에도 Nr. 5 그대로. 부활절 +39 일은 feiertage-api 2026 SH(05-14, Christi Himmelfahrt) 대조 일치
rules/de_sh/easter_holidays.yaml	pfingstmontag	easter	True	SFTG(SH) § 2 Abs. 1 Nr. 6 'Pfingstmontag' — Gesetz über Sonn- und Feiertage (SFTG) vom 28.06.2004, GVOBl. Schl.-H. 2004 Nr. 8 S. 213 (15.07.2004 공포; Verkündungsportal 연도판 PDF https://verkuendungsportal.schleswig-holstein.de/mm/gvobl_jahrgang_2004/GVOBl_2004.pdf sha256 dba6f1a10bf991211a29d6f6c52f2e4f4dab5526c627d46f76b1df6ced26bc41, 2026-09-09 열람). 2018-03-21 개정(GVOBl. Schl.-H. 2018 Nr. 6 S. 69) 후에도 Nr. 6 그대로. 부활절 +50 일은 feiertage-api 2026 SH(05-25) 대조 일치
rules/de_sh/solar_holidays.yaml	neujahr	1-1	True	SFTG(SH) § 2 Abs. 1 Nr. 1 'Neujahrstag' — Gesetz über Sonn- und Feiertage (SFTG) vom 28.06.2004, GVOBl. Schl.-H. 2004 Nr. 8 S. 213 (15.07.2004 공포; Verkündungsportal 연도판 PDF https://verkuendungsportal.schleswig-holstein.de/mm/gvobl_jahrgang_2004/GVOBl_2004.pdf sha256 dba6f1a10bf991211a29d6f6c52f2e4f4dab5526c627d46f76b1df6ced26bc41, 2026-09-09 열람). 2018-03-21 개정(GVOBl. Schl.-H. 2018 Nr. 6 S. 69) 후에도 Nr. 1 그대로. 날짜 1. 1. 은 feiertage-api 2026 SH 대조 일치
rules/de_sh/solar_holidays.yaml	erster_mai	5-1	True	SFTG(SH) § 2 Abs. 1 Nr. 4 '1. Mai' — Gesetz über Sonn- und Feiertage (SFTG) vom 28.06.2004, GVOBl. Schl.-H. 2004 Nr. 8 S. 213 (15.07.2004 공포; Verkündungsportal 연도판 PDF https://verkuendungsportal.schleswig-holstein.de/mm/gvobl_jahrgang_2004/GVOBl_2004.pdf sha256 dba6f1a10bf991211a29d6f6c52f2e4f4dab5526c627d46f76b1df6ced26bc41, 2026-09-09 열람). 2018-03-21 개정(GVOBl. Schl.-H. 2018 Nr. 6 S. 69) 후에도 Nr. 4 그대로. 날짜는 조문에 박혀 있고 feiertage-api 2026 SH(Tag der Arbeit) 대조 일치
rules/de_sh/solar_holidays.yaml	tag_der_deutschen_einheit	10-3	True	SFTG(SH) § 2 Abs. 1 Nr. 7 '3. Oktober - Tag der Deutschen Einheit -' — Gesetz über Sonn- und Feiertage (SFTG) vom 28.06.2004, GVOBl. Schl.-H. 2004 Nr. 8 S. 213 (15.07.2004 공포; Verkündungsportal 연도판 PDF https://verkuendungsportal.schleswig-holstein.de/mm/gvobl_jahrgang_2004/GVOBl_2004.pdf sha256 dba6f1a10bf991211a29d6f6c52f2e4f4dab5526c627d46f76b1df6ced26bc41, 2026-09-09 열람). 2018-03-21 개정(GVOBl. Schl.-H. 2018 Nr. 6 S. 69) 후에도 Nr. 7 그대로. SUMMARY 는 날짜부를 뺀 'Tag der Deutschen Einheit'(de.ics 의 서술부 제외 전례). 연방 근거는 Einigungsvertrag Art. 2 Abs. 2(rules/de). 날짜는 조문에 박혀 있고 feiertage-api 2026 SH 대조 일치
rules/de_sh/solar_holidays.yaml	reformationstag	10-31	True	SFTG(SH) § 2 Abs. 1 Nr. 8 '31. Oktober - Reformationstag -' — Gesetz zur Änderung des Gesetzes über Sonn- und Feiertage vom 21.03.2018 Art. 1 Nr. 1 (Nr. 7 뒤에 Nr. 8 삽입, 구 Nr. 8·9 → 9·10), GVOBl. Schl.-H. 2018 Nr. 6 S. 69 (29.03.2018 공포, 30.03.2018 시행; Verkündungsportal 연도판 PDF https://verkuendungsportal.schleswig-holstein.de/mm/gvobl_jahrgang_2018/GVOBl_2018.pdf sha256 c50173af93e2e6a02bc33789c0e610df5d6b1c331a068fd21aa9322e7102d44b, 2026-09-09 열람, 재수령 대조 일치). SUMMARY 는 날짜부를 뺀 'Reformationstag'. 날짜 31. 10. 은 feiertage-api 2026 SH 대조 일치
rules/de_sh/solar_holidays.yaml	erster_weihnachtstag	12-25	True	SFTG(SH) § 2 Abs. 1 Nr. 9 '1. Weihnachtstag' — Gesetz über Sonn- und Feiertage (SFTG) vom 28.06.2004, GVOBl. Schl.-H. 2004 Nr. 8 S. 213 (15.07.2004 공포, 당시 Nr. 8; Verkündungsportal 연도판 PDF https://verkuendungsportal.schleswig-holstein.de/mm/gvobl_jahrgang_2004/GVOBl_2004.pdf sha256 dba6f1a10bf991211a29d6f6c52f2e4f4dab5526c627d46f76b1df6ced26bc41, 2026-09-09 열람). 번호는 2018-03-21 개정 Art. 1 Nr. 1 의 재번호(구 Nr. 8 → 9, GVOBl. Schl.-H. 2018 Nr. 6 S. 69, 29.03.2018 공포, 연도판 PDF https://verkuendungsportal.schleswig-holstein.de/mm/gvobl_jahrgang_2018/GVOBl_2018.pdf sha256 c50173af93e2e6a02bc33789c0e610df5d6b1c331a068fd21aa9322e7102d44b). 날짜 25. 12. 은 feiertage-api 2026 SH 대조 일치
rules/de_sh/solar_holidays.yaml	zweiter_weihnachtstag	12-26	True	SFTG(SH) § 2 Abs. 1 Nr. 10 '2. Weihnachtstag' — Gesetz über Sonn- und Feiertage (SFTG) vom 28.06.2004, GVOBl. Schl.-H. 2004 Nr. 8 S. 213 (15.07.2004 공포, 당시 Nr. 9; Verkündungsportal 연도판 PDF https://verkuendungsportal.schleswig-holstein.de/mm/gvobl_jahrgang_2004/GVOBl_2004.pdf sha256 dba6f1a10bf991211a29d6f6c52f2e4f4dab5526c627d46f76b1df6ced26bc41, 2026-09-09 열람). 번호는 2018-03-21 개정 Art. 1 Nr. 1 의 재번호(구 Nr. 9 → 10, GVOBl. Schl.-H. 2018 Nr. 6 S. 69, 29.03.2018 공포, 연도판 PDF https://verkuendungsportal.schleswig-holstein.de/mm/gvobl_jahrgang_2018/GVOBl_2018.pdf sha256 c50173af93e2e6a02bc33789c0e610df5d6b1c331a068fd21aa9322e7102d44b). 날짜 26. 12. 은 feiertage-api 2026 SH 대조 일치
