file	year	nr	title	norm_type	nonsearch_pages	nonsearch_count	G1	G1_evidence	G2	G2_evidence	G3	G3_evidence	G4	G4_evidence	group
2020_011.pdf	2020	11	Gesetz zum Dreiundzwanzigsten Rundfunkänderungsstaatsvertrag	Zustimmungsgesetz zu Staatsvertrag	2,3,4,5,6,7,8,9,10	9	met	title_norm[57] found: Gesetz zum Dreiundzwanzigsten Rundfunkänderungsstaatsvertrag (p1)	met	struct 'artikel 1' p1 ; eif 'tritt am tag nach seiner verkündung in kraft' p1 ; sign 'bremen, den 3. märz 2020 der senat' p1	met	nonsearch [2, 3, 4, 5, 6, 7, 8, 9, 10] vs sign p1: all after ; attach 'staatsvertrag' p1: …latt der freien hansestadt bremen 2020 verkündet am 13. märz 2020 nr. 11 gesetz zum dreiundzwanzigsten rundfunkänderungsstaatsvertrag vom 3. märz 2020 der senat verkündet das nachstehende, von der bürgerschaft (landtag) beschlossene gesetz: artikel 1 de…	met	no attachment+Feiertag sentence	G
2020_022.pdf	2020	22	Gesetz zum vierten Staatsvertrag zur Änderung des Dataport-Staatsvertrages	Zustimmungsgesetz zu Staatsvertrag	2,3,4,5	4	met	title_norm[66] found: Gesetz zum vierten Staatsvertrag zur Änderung des Dataport-Staatsvertrages (p1)	met	struct 'artikel 1' p1 ; eif 'tritt am tag nach seiner verkündung in kraft' p1 ; sign 'bremen, den 31. märz 2020 der senat' p1	met	nonsearch [2, 3, 4, 5] vs sign p1: all after ; attach 'staatsvertrag' p1: …193 gesetzblatt der freien hansestadt bremen 2020 verkündet am 7. apri l 2020 nr. 22 gesetz zum vierten staatsvertrag zur änderung des dataport-staatsvertrages vom 31. märz 2020 der senat verkündet das nachstehende, von der bürgerschaft …	met	no attachment+Feiertag sentence	G
2020_108.pdf	2020	108	Gesetz zum Staatsvertrag zur Modernisierung der Medienordnung in Deutschland	Zustimmungsgesetz zu Staatsvertrag	8,9,10,11,12,13,14,15,16,17,18,19,20,21,22,23,24,25,26,27,28,29,30,31,32,33,34,35,36,37,38,39,40,41,42,43,44,45,46,47,48,49,50,51,52,53,54,55,56,57,58,59,60,61,62,63,64,65,66,67,68,69,70,71,72,73,74,75,76,77,78,79,80,81,82,83,84,85,86,87,88,89,90,91,92,93,94,95,96,97,98,99,100,101,102,103,104,105,106,107,108,109,110,111,112	105	met	title_norm[68] found: Gesetz zum Staatsvertrag zur Modernisierung der Medienordnung in Deutschland (p1)	met	struct 'artikel 1' p1 ; eif 'tritt am tag nach seiner verkündung in kraft' p6 ; sign 'bremen, den 22. september 2020 der senat' p7	met	nonsearch [8, 9, 10, 11, 12, 13, 14, 15, 16, 17, 18, 19, 20, 21, 22, 23, 24, 25, 26, 27, 28, 29, 30, 31, 32, 33, 34, 35, 36, 37, 38, 39, 40, 41, 42, 43, 44, 45, 46, 47, 48, 49, 50, 51, 52, 53, 54, 55, 56, 57, 58, 59, 60, 61, 62, 63, 64, 65, 66, 67, 68, 69, 70, 71, 72, 73, 74, 75, 76, 77, 78, 79, 80, 81, 82, 83, 84, 85, 86, 87, 88, 89, 90, 91, 92, 93, 94, 95, 96, 97, 98, 99, 100, 101, 102, 103, 104, 105, 106, 107, 108, 109, 110, 111, 112] vs sign p7: all after ; attach 'staatsvertrag' p1: …974 gesetzblatt der freien hansestadt bremen 2020 verkündet am 7. oktober 2020 nr. 108 gesetz zum staatsvertrag zur modernisierung der medienordnung in deutschland vom 22. september 2020 der senat verkündet das nachstehende, von de…	met	no attachment+Feiertag sentence	G
2020_145.pdf	2020	145	Gesetz zum Ersten Medienänderungsstaatsvertrag	Zustimmungsgesetz zu Staatsvertrag	2,3,4,5	4	met	title_norm[43] found: Gesetz zum Ersten Medienänderungsstaatsvertrag (p1)	met	struct 'artikel 1' p1 ; eif 'tritt am tag nach seiner verkündung in kraft' p1 ; sign 'bremen, den 24. november 2020 der senat' p1	met	nonsearch [2, 3, 4, 5] vs sign p1: all after ; attach 'staatsvertrag' p1: …80 gesetzblatt der freien hansestadt bremen 2020 verkündet am 7. dezember 2020 nr. 145 gesetz zum ersten medienänderungsstaatsvertrag vom 24. november 2020 der senat verkündet das nachstehende, von der bürgerschaft (landtag) beschlossene gesetz: artikel…	met	no attachment+Feiertag sentence	G
2020_160.pdf	2020	160	Ortsgesetz der Stadt Bremerhaven über die Gestaltung von privater Möblierung im Bereich der Bgm.-Smidt-Straße (Bremerhavener Gestaltungsatzung Innenstadt)	other(Ortsgesetz)	8	1	met	title_norm[134] found: Ortsgesetz der Stadt Bremerhaven über die Gestaltung von privater Möblierung im Bereich der Bgm.-Smidt-Straße (Bremerhav (p1)	met	struct '§ 18' p1 ; eif 'tritt am 1. januar 2021 in kraft' p7 ; sign 'bremerhaven, den 26. november 2020 magistrat' p7	met	nonsearch [8] vs sign p7: all after ; attach 'beigefügt' p2: …asse ‚am alten hafen‘ und schleswiger strasse. der geltungsbereich dieses ortsgesetzes ergibt sich aus dem als anlage 1 beigefügten lageplan. der lageplan ist bestandteil dieses ortsgesetzes. gestalterische vorschriften oder festsetzungen in satzung…	met	no attachment+Feiertag sentence	G
2020_170.pdf	2020	170	Gesetz zu dem Staatsvertrag zwischen der Freien Hansestadt Bremen und dem Land Niedersachsen über die Zuständigkeit für die Durchführung von immissionsschutzrechtlichen Genehmigungsverfahren und die Anlagenüberwachung für ein Vorhaben der Lürssen Werft GmbH & Co. KG am Betriebsstandort Berne	Zustimmungsgesetz zu Staatsvertrag	2,3,4,5	4	met	title_norm[253] found: Gesetz zu dem Staatsvertrag zwischen der Freien Hansestadt Bremen und dem Land Niedersachsen über die Zuständigkeit für  (p1)	met	struct 'artikel 1' p1 ; eif 'tritt am tag nach seiner verkündung in kraft' p1 ; sign 'bremen, den 22. dezember 2020 der senat' p1	met	nonsearch [2, 3, 4, 5] vs sign p1: all after ; attach 'anlage' p1: …niedersachsen über die zuständigkeit für die durchführung von immissionsschutzrechtlichen genehmigungsverfahren und die anlagenüberwachung für ein vorhaben der lürssen werft gmbh & co. kg am betriebsstandort berne vom 22. dezember 2020 der senat …	met	no attachment+Feiertag sentence	G
2020_175.pdf	2020	175	Erste Verordnung zur Änderung der Bremischen Landesdüngeverordnung	Verordnung	4,5	2	met	title_norm[60] found: Erste Verordnung zur Änderung der Bremischen Landesdüngeverordnung (p1)	met	struct '§ 3' p1 ; eif 'tritt am tag nach ihrer verkündung in kraft' p3 ; sign 'bremen, den 15. dezember 2020 der senat' p3	met	nonsearch [4, 5] vs sign p3: all after ; attach 'ersichtliche fassung' p2: …§ 5 nummer 3 wird aufgehoben. 5. die anlage 1 (zu §§ 3 und 4 absatz 1) erhält die aus dem anhang 1 zu dieser verordnung ersichtliche fassung. 6. die anlage 2 (zu §§ 3 und 4 absatz 1) erhält die aus dem anhang 2 zu dieser verordnung ersichtliche fassung. nr. 17…	met	no attachment+Feiertag sentence ; Fassung-of: die anlage 1 (zu §§ 3 und 4 absatz 1) | erhält  || die anlage 2 (zu §§ 3 und 4 absatz 1) | erhält 	G
2021_029.pdf	2021	29	Zweite Verordnung zur Änderung der Verordnung über die Festsetzung des Lärmschutzbereichs für den Verkehrsflughafen Bremen	Verordnung	12,13,14,26,27	5	met	title_norm[108] found: Zweite Verordnung zur Änderung der Verordnung über die Festsetzung des Lärmschutzbereichs für den Verkehrsflughafen Brem (p1)	met	struct '§ 4' p1 ; eif 'tritt am tag nach ihrer verkündung in kraft' p2 ; sign 'bremen, den 9. februar 2021 der senat' p2	met	nonsearch [12, 13, 14, 26, 27] vs sign p2: all after ; attach 'ersichtliche fassung' p1: …„bei der senatorin für wissenschaft und häfen“. 3. die anlage 1 zu § 2 erhält die aus dem anhang 1 zu dieser verordnung ersichtliche fassung. 4. die anlage 2 zu § 4 satz 2 erhält die aus dem anhang 2 zu dieser verordnung ersichtliche fassung. 5. die anlage 3 z…	met	no attachment+Feiertag sentence ; Fassung-of: die anlage 1 zu § 2 | erhält  || die anlage 2 zu § 4 satz 2 | erhält  || die anlage 3 zu § 5 satz 1 | erhält  || die anlage 4 zu § 5 satz 3 | erhält 	G
2021_045.pdf	2021	45	Ortsgesetz zur Änderung des Ortsgesetzes über die öffentliche Ordnung	other(Ortsgesetz)	2	1	met	title_norm[61] found: Ortsgesetz zur Änderung des Ortsgesetzes über die öffentliche Ordnung (p1)	met	struct '§ 3' p1 ; eif 'tritt am tag nach seiner verkündung in kraft' p1 ; sign 'bremen, den 30. märz 2021 der senat' p1	met	nonsearch [2] vs sign p1: all after ; attach 'angefügt' p1: …naturschutz und landschaftspflege und im park links der weser (anlage)“ ersetzt. b) dem absatz 5 werden folgenden sätze angefügt: „absatz 3 gilt ferner nicht für solche flächen, die von der zuständigen behörde als hundeauslaufgebiet ausgewiesen sin…	met	no attachment+Feiertag sentence	G
2021_048.pdf	2021	48	Gesetz zum Staatsvertrag zur Neuregulierung des Glücksspielwesens in Deutschland	Zustimmungsgesetz zu Staatsvertrag	2,3,4,5,6,7,8,9,10,11,12,13,14,15,16,17,18,19,20,21,22,23,24,25,26,27,28,29,30,31,32,33,34,35,36,37,38,39,40,41,42,43,44,45,46,47,48,49,50,51,52,53,54,55,56,57,58,59,60,61,62,63,64,65,66,67,68	67	met	title_norm[72] found: Gesetz zum Staatsvertrag zur Neuregulierung des Glücksspielwesens in Deutschland (p1)	met	struct 'artikel 1' p1 ; eif 'tritt der glücksspielstaatsvertrag 2021 nach seinem artikel 35 absatz 1 satz 1 a' p1 ; sign 'bremen, den 30. märz 2021 der senat' p1	met	nonsearch [2, 3, 4, 5, 6, 7, 8, 9, 10, 11, 12, 13, 14, 15, 16, 17, 18, 19, 20, 21, 22, 23, 24, 25, 26, 27, 28, 29, 30, 31, 32, 33, 34, 35, 36, 37, 38, 39, 40, 41, 42, 43, 44, 45, 46, 47, 48, 49, 50, 51, 52, 53, 54, 55, 56, 57, 58, 59, 60, 61, 62, 63, 64, 65, 66, 67, 68] vs sign p1: all after ; attach 'staatsvertrag' p1: …308 gesetzblatt der freien hansestadt bremen 2021 verkündet am 14. april 2021 nr. 48 gesetz zum staatsvertrag zur neuregulierung des glücksspielwesens in deutschland vom 30. märz 2021 der senat verkündet das nachstehende, von der…	met	no attachment+Feiertag sentence	G
2021_125.pdf	2021	125	Polizeiverordnung über das Verbot des Führens und Abbrennens von pyrotechnischen Gegenständen	Verordnung	3	1	met	title_norm[83] found: Polizeiverordnung über das Verbot des Führens und Abbrennens von pyrotechnischen Gegenständen (p1)	unmet	struct '§ 110' p1 ; eif 'tritt am tag nach ihrer verkündung in kraft' p2 ; sign: not found after operative marker	unmet	nonsearch [3] vs sign pNone: NOT all after ; attach: none up to sign page	met	no attachment+Feiertag sentence	R
2021_133.pdf	2021	133	Gesetz zur Änderung besoldungsrechtlicher Vorschriften	Gesetz	5	1	met	title_norm[50] found: Gesetz zur Änderung besoldungsrechtlicher Vorschriften (p1)	met	struct 'artikel 1' p1 ; eif 'tritt vorbehaltlich des absatzes 2 am 1. januar 2022 in kraft' p4 ; sign 'bremen, den 23. november 2021 der senat' p4	met	nonsearch [5] vs sign p4: all after ; attach 'ersichtliche fassung' p3: …n, wenn die drei oberen jahrgangsstufen fehlen4),“ vorangestellt. 5. die anlage 6 erhält die im anhang zu diesem gesetz ersichtliche fassung. artikel 3 änderung der bremischen trennungsgeldverordnung in § 4 absatz 1 nummer 1 der bremischen trennungsgeldverordn…	met	no attachment+Feiertag sentence	G
2021_134.pdf	2021	134	Bremisches Gesetz zu dem Staatsvertrag über die Errichtung und den Betrieb des elektronischen Gesundheitsberuferegisters als gemeinsame Stelle der Länder zur Ausgabe elektronischer Heilberufs- und Berufsausweise sowie zur Herausgabe der Komponenten zur Authentifizierung von Leistungserbringerinstitutionen (eGBR-Staatsvertrag – eGBRStVtr)	Zustimmungsgesetz zu Staatsvertrag	2,3,4,5,6,7,8,9,10,11,12	11	met	title_norm[298] found: Bremisches Gesetz zu dem Staatsvertrag über die Errichtung und den Betrieb des elektronischen Gesundheitsberuferegisters (p1)	met	struct 'artikel 1' p1 ; eif 'tritt am tag nach seiner verkündung in kraft' p1 ; sign 'bremen, den 23. november 2021 der senat' p1	met	nonsearch [2, 3, 4, 5, 6, 7, 8, 9, 10, 11, 12] vs sign p1: all after ; attach 'staatsvertrag' p1: …776 gesetzblatt der freien hansestadt bremen 2021 verkündet am 7. dezember 2021 nr. 134 bremisches gesetz zu dem staatsvertrag über die errichtung und den betrieb des elektronischen gesundheitsberuferegisters als gemeinsame stelle der länder zur …	met	no attachment+Feiertag sentence	G
2021_153.pdf	2021	153	Gesetz zu dem Staatsvertrag zwischen der Freien Hansestadt Bremen und dem Land Niedersachsen im Bereich des ökologischen Landbaus	Zustimmungsgesetz zu Staatsvertrag	2,3,4,5,6	5	met	title_norm[112] found: Gesetz zu dem Staatsvertrag zwischen der Freien Hansestadt Bremen und dem Land Niedersachsen im Bereich des ökologischen (p1)	met	struct 'artikel 1' p1 ; eif 'tritt am tag nach seiner verkündung in kraft' p1 ; sign 'bremen, den 14. dezember 2021 der senat' p1	met	nonsearch [2, 3, 4, 5, 6] vs sign p1: all after ; attach 'staatsvertrag' p1: …930 gesetzblatt der freien hansestadt bremen 2021 verkündet am 27. dezember 2021 nr. 153 gesetz zu dem staatsvertrag zwischen der freien hansestadt bremen und dem land niedersachsen im bereich des ökologischen landbaus vom 14. dezember …	met	no attachment+Feiertag sentence	G
2022_040.pdf	2022	40	Gesetz zum Zweiten Medienänderungsstaatsvertrag	Zustimmungsgesetz zu Staatsvertrag	2,3,4,5,6,7,8,9,10,11,12,13,14,15	14	met	title_norm[44] found: Gesetz zum Zweiten Medienänderungsstaatsvertrag (p1)	met	struct 'artikel 1' p1 ; eif 'tritt am tag nach seiner verkündung in kraft' p1 ; sign 'bremen, den 29. märz 2022 der senat' p1	met	nonsearch [2, 3, 4, 5, 6, 7, 8, 9, 10, 11, 12, 13, 14, 15] vs sign p1: all after ; attach 'staatsvertrag' p1: …205 gesetzblatt der freien hansestadt bremen 2022 verkündet am 11. april 2022 nr. 40 gesetz zum zweiten medienänderungsstaatsvertrag vom 29. märz 2022 der senat verkündet das nachstehende, von der bürgerschaft (landtag) beschlossene gesetz: artikel 1 d…	met	no attachment+Feiertag sentence	G
2022_045.pdf	2022	45	Gesetz zum Staatsvertrag zwischen der Freien Hansestadt Bremen und dem Land Niedersachsen im Bereich der beiden EU-Fonds Europäischer Garantiefonds für die Landwirtschaft und Europäischer Landwirtschaftsfonds für die Entwicklung des ländlichen Raums sowie nationaler Fördermaßnahmen	Zustimmungsgesetz zu Staatsvertrag	2,3,4,5,6,7,8,9,10,11,12,13,14	13	met	title_norm[249] found: Gesetz zum Staatsvertrag zwischen der Freien Hansestadt Bremen und dem Land Niedersachsen im Bereich der beiden EU-Fonds (p1)	met	struct 'artikel 1' p1 ; eif 'tritt am tag nach seiner verkündung in kraft' p1 ; sign 'bremen, den 29. märz 2022 der senat' p1	met	nonsearch [2, 3, 4, 5, 6, 7, 8, 9, 10, 11, 12, 13, 14] vs sign p1: all after ; attach 'staatsvertrag' p1: …230 gesetzblatt der freien hansestadt bremen 2022 verkündet am 12. april 2022 nr. 45 gesetz zum staatsvertrag zwischen der freien hansestadt bremen und dem land niedersachsen im bereich der beiden eu-fonds europäischer garantiefo…	met	no attachment+Feiertag sentence	G
2022_084.pdf	2022	84	39. Verordnung zur Änderung der Verordnung zum Schutze von Landschaftsteilen im Gebiet der Stadtgemeinde Bremen	Verordnung	3	1	met	title_norm[96] found: 39. Verordnung zur Änderung der Verordnung zum Schutze von Landschaftsteilen im Gebiet der Stadtgemeinde Bremen (p1)	met	struct '§ 17' p1 ; eif 'tritt am tage nach ihrer verkündung in kraft' p2 ; sign 'bremen, den 19. juli 2022 der senat' p2	met	nonsearch [3] vs sign p2: all after ; attach 'beigefügt' p1: …en, aufgehoben. (2) die genaue abgrenzung des aufhebungsbereichs ist mit einer schwarzen linie in der dieser verordnung beigefügten änderungskarte, massstab 1 : 15.000 (grundlage: deutsche grundkarte 1 : 5 000), eingetragen. die grenze verläuft an d…	met	no attachment+Feiertag sentence	G
2022_092.pdf	2022	92	Ortsgesetz über vorhabenbezogene Stellplätze für Kraftfahrzeuge, Fahrradabstellplätze und Mobilitätsmanagement bei Bauvorhaben in der Stadtgemeinde Bremen (Mobilitäts-Bau-Ortsgesetz - MobBauOG HB)	other(Ortsgesetz)	13	1	met	title_norm[172] found: Ortsgesetz über vorhabenbezogene Stellplätze für Kraftfahrzeuge, Fahrradabstellplätze und Mobilitätsmanagement bei Bauvo (p1)	met	struct '§ 86' p1 ; eif 'tritt am 1. oktober 2022 in kraft' p12 ; sign 'bremen, den 20. september 2022 der senat' p12	met	nonsearch [13] vs sign p12: all after ; attach 'beigefügt' p2: …im amtsblatt der freien hansestadt bremen. § 2 gebietszonen das gebiet der stadtgemeinde bremen ist in der als anlage 1 beigefügten übersichtskarte im massstab 1: 25 000 dargestellt und wird unter berücksichtigung der örtlichen verkehrsverhältnisse …	met	no attachment+Feiertag sentence	G
2022_104.pdf	2022	104	Vertrag zwischen der Freien Hansestadt Bremen (Stadtgemeinde) und der Stadt Bremerhaven über den Brandschutz, die Hilfeleistung und den Rettungsdienst im stadtbremischen Überseehafengebiet Bremerhaven	other(Vertrag)	7,8,9,10,11,12,13,14,15,16,17,18,20,21,22,23,24,25,27,28,29,30,31	23	met	title_norm[175] found: Vertrag zwischen der Freien Hansestadt Bremen (Stadtgemeinde) und der Stadt Bremerhaven über den Brandschutz, die Hilfel (p1)	met	operative 'vereinbar' p1 ; sign 'bremen, den 1. märz 2022 die senator' p4	met	nonsearch [7, 8, 9, 10, 11, 12, 13, 14, 15, 16, 17, 18, 20, 21, 22, 23, 24, 25, 27, 28, 29, 30, 31] vs sign p4: all after ; attach 'beigefügt' p2: …ern zum gegenstand hat. diese vereinbarungen sind ebenfalls bestandteil des vertrages und als anlage 3 dem vertragstext beigefügt. (3) die in den in anlagen 2 und 3 normierten regelungen zum einsatz, zu übungsfahrten, zur wartung der feuerwehrtechni…	met	no attachment+Feiertag sentence	G
2022_114.pdf	2022	114	Gesetz über die Zustimmung zum Staatsvertrag zur Änderung des Glücksspielstaatsvertrags 2021	Zustimmungsgesetz zu Staatsvertrag	2,3,4,5,6	5	met	title_norm[82] found: Gesetz über die Zustimmung zum Staatsvertrag zur Änderung des Glücksspielstaatsvertrags 2021 (p1)	met	struct '§ 1' p1 ; eif 'tritt der staatsvertrag am 1. januar 2023 in kraft' p1 ; sign 'bremen, den 18. oktober 2022 der senat' p1	met	nonsearch [2, 3, 4, 5, 6] vs sign p1: all after ; attach 'staatsvertrag' p1: …696 gesetzblatt der freien hansestadt bremen 2022 verkündet am 4. november 2022 nr. 114 gesetz über die zustimmung zum staatsvertrag zur änderung des glücksspielstaatsvertrags 2021 vom 18. oktober 2022 der senat verkündet das nachstehende, von der bürg…	met	no attachment+Feiertag sentence	G
2022_133.pdf	2022	133	Gesetz zu dem Beitritt des Landes Bremen zu dem Staatsvertrag über die erweiterte Zuständigkeit der mit der Begleitung aufenthalts¬beendender Maßnahmen betrauten Bediensteten in den Ländern	Zustimmungsgesetz zu Staatsvertrag	2,3,4,5,6,7	6	met	title_norm[165] found: Gesetz zu dem Beitritt des Landes Bremen zu dem Staatsvertrag über die erweiterte Zuständigkeit der mit der Begleitung a (p1)	met	struct 'artikel 1' p1 ; eif 'tritt am tag nach seiner verkündung in kraft' p1 ; sign 'bremen, den 22. november 2022 der senat' p1	met	nonsearch [2, 3, 4, 5, 6, 7] vs sign p1: all after ; attach 'staatsvertrag' p1: …der freien hansestadt bremen 2022 verkündet am 7. dezember 2022 nr. 133 gesetz zu dem beitritt des landes bremen zu dem staatsvertrag über die erweiterte zuständigkeit der mit der begleitung aufenthaltsbeendender massnahmen betrauten bediensteten in den…	met	no attachment+Feiertag sentence	G
2022_145.pdf	2022	145	Ortsgesetz zur Einrichtung des Innovationsbereiches Ansgari Quartier	other(Ortsgesetz)	4,5	2	met	title_norm[62] found: Ortsgesetz zur Einrichtung des Innovationsbereiches Ansgari Quartier (p1)	met	struct '§ 4' p1 ; eif 'tritt am 1. januar 2023 in kraft' p3 ; sign 'bremen, den 13. dezember 2022 der senat' p3	met	nonsearch [4, 5] vs sign p3: all after ; attach 'anlage' p1: …ai 2014 (brem.gbl. s. 280) geändert worden ist, beschlossene ortsgesetz: § 1 innovationsbereich auf den flächen, die in anlage 1 mit einer gelben linie umrandet sind, wird ein innovationsbereich eingerichtet. in anlage 2 sind die im innovationsbe…	met	no attachment+Feiertag sentence	G
2022_146.pdf	2022	146	Ortsgesetz zur Einrichtung des Innovationsbereiches Sögestraße	other(Ortsgesetz)	4,5	2	met	title_norm[58] found: Ortsgesetz zur Einrichtung des Innovationsbereiches Sögestraße (p1)	met	struct '§ 4' p1 ; eif 'tritt am 1. januar 2023 in kraft' p3 ; sign 'bremen, den 13. dezember 2022 der senat' p3	met	nonsearch [4, 5] vs sign p3: all after ; attach 'anlage' p1: …ai 2014 (brem.gbl. s. 280) geändert worden ist, beschlossene ortsgesetz: § 1 innovationsbereich auf den flächen, die in anlage 1 mit einer fettgedruckten roten linie umrandet sind, wird ein innovationsbereich eingerichtet. in anlage 2 sind die im…	met	no attachment+Feiertag sentence	G
2022_147.pdf	2022	147	Zweites Ortsgesetz zur Änderung des Haushaltsgesetzes der Stadtgemeinde Bremen für das Haushaltsjahr 2022	other(Ortsgesetz)	2	1	met	title_norm[93] found: Zweites Ortsgesetz zur Änderung des Haushaltsgesetzes der Stadtgemeinde Bremen für das Haushaltsjahr 2022 (p1)	met	struct 'artikel 1' p1 ; eif 'tritt mit wirkung vom 1. januar 2022 in kraft' p3 ; sign 'bremen, den 13. dezember 2022 der senat' p3	unmet	nonsearch [2] vs sign p3: NOT all after ; attach 'anlage' p1: …etz: artikel 1 die „haushaltsübersicht – zusammenstellung der einnahmen, ausgaben und verpflichtungsermächtigungen“ der anlage „haushaltsplan der freien hansestadt bremen (stadtgemeinde) für das haushaltsjahr 2022 gesamtplan des haushaltsgesetzes…	met	no attachment+Feiertag sentence	R
2022_162.pdf	2022	162	Zweite Verordnung zur Änderung der Bremischen Landesdüngeverordnung	Verordnung	3	1	met	title_norm[61] found: Zweite Verordnung zur Änderung der Bremischen Landesdüngeverordnung (p1)	met	struct '§ 3' p1 ; eif 'tritt am tag nach ihrer verkündung in kraft' p2 ; sign 'bremen, den 13. dezember 2022 der senat' p2	met	nonsearch [3] vs sign p2: all after ; attach 'ersichtliche fassung' p1: …atsarchiv bremen hinterlegt.“ 2. die anlage 1 (zu § 3 und § 4 absatz 1) enthält die aus dem anhang zu dieser verordnung ersichtliche fassung. 3. die anlage 2 (zu § 3 und § 4 absatz 1) wird aufgehoben. nr. 162 gesetzblatt der freien hansestadt bremen vom 21. de…	met	no attachment+Feiertag sentence	G
2023_022.pdf	2023	22	Gesetz zu dem Dritten Medienänderungsstaatsvertrag	Zustimmungsgesetz zu Staatsvertrag	2,3,4,5,6,7,8,9,10,11,12,13	12	met	title_norm[46] found: Gesetz zu dem Dritten Medienänderungsstaatsvertrag (p1)	met	struct 'artikel 1' p1 ; eif 'tritt am tag nach seiner verkündung in kraft' p1 ; sign 'bremen, den 28. februar 2023 der senat' p1	met	nonsearch [2, 3, 4, 5, 6, 7, 8, 9, 10, 11, 12, 13] vs sign p1: all after ; attach 'staatsvertrag' p1: …19 gesetzblatt der freien hansestadt bremen 2023 verkündet am 16. märz 2023 nr. 22 gesetz zu dem dritten medienänderungsstaatsvertrag vom 28. februar 2023 der senat verkündet das nachstehende, von der bürgerschaft (landtag) beschlossene gesetz: artikel …	met	no attachment+Feiertag sentence	G
2023_037.pdf	2023	37	Ortsgesetz zur Änderung des Haushaltsgesetzes der Stadtgemeinde Bremen für das Haushaltsjahr 2023	other(Ortsgesetz)	3	1	met	title_norm[86] found: Ortsgesetz zur Änderung des Haushaltsgesetzes der Stadtgemeinde Bremen für das Haushaltsjahr 2023 (p1)	met	struct 'artikel 1' p1 ; eif 'tritt mit wirkung vom 1. januar 2023 in kraft' p1 ; sign 'bremen, den 28. märz 2023 der senat' p1	met	nonsearch [3] vs sign p1: all after ; attach 'ersichtliche fassung' p1: …ien hansestadt bremen (stadtgemeinde) für das haushaltsjahr 2023 gesamtplan“ erhält die aus dem anhang zu diesem gesetz ersichtliche fassung. 7. die anlage 2 „tilgungsplan“ wird aufgehoben. artikel 2 dieses ortsgesetz tritt mit wirkung vom 1. januar 2023 in kr…	met	no attachment+Feiertag sentence ; Fassung-of: „haushaltsplan der freien hansestadt bremen (stadtgemeinde) für das haushaltsjahr 2023 gesamtplan“ | erhält 	G
2023_042.pdf	2023	42	Gesetz zum Abkommen über die Errichtung und Finanzierung der Akademie für Öffentliches Gesundheitswesen in Düsseldorf	unclear	2,3,4,5,6,7,8	7	met	title_norm[103] found: Gesetz zum Abkommen über die Errichtung und Finanzierung der Akademie für Öffentliches Gesundheitswesen in Düsseldorf (p1)	met	struct 'artikel 1' p1 ; eif 'tritt am tag nach seiner verkündung in kraft' p1 ; sign 'bremen, den 28. märz 2023 der senat' p1	met	nonsearch [2, 3, 4, 5, 6, 7, 8] vs sign p1: all after ; attach 'abkommen' p1: …286 gesetzblatt der freien hansestadt bremen 2023 verkündet am 17. april 2023 nr. 42 gesetz zum abkommen über die errichtung und finanzierung der akademie für öffentliches gesundheitswesen in düsseldorf vom 28. märz 2023 der…	met	no attachment+Feiertag sentence	G
2023_065.pdf	2023	65	Gesetz zur Änderung dienstrechtlicher Vorschriften	Gesetz	7,8,9,10,11,12	6	met	title_norm[46] found: Gesetz zur Änderung dienstrechtlicher Vorschriften (p1)	met	struct 'artikel 1' p1 ; eif 'tritt vorbehaltlich der absätze 2 bis 5 am 1. juni 2023 in kraft' p6 ; sign 'bremen, den 2. mai 2023 der senat' p6	met	nonsearch [7, 8, 9, 10, 11, 12] vs sign p6: all after ; attach 'ersichtliche fassung' p6: …emerhaven der staatsanwaltschaft bremen ausgebracht sind.“ 6. die anlage 6 erhält die aus dem anhang 1 zu diesem gesetz ersichtliche fassung. artikel 4 änderung der bremischen laufbahnverordnung in der anlage 1 der bremischen laufbahnverordnung vom 9. märz 201…	met	no attachment+Feiertag sentence ; Fassung-of: die anlage 6 | erhält 	G
2023_095.pdf	2023	95	Gesetz über das Verbot des Konsums von Betäubungsmitteln und Alkohol am Hauptbahnhof Bremen	Gesetz	3	1	met	title_norm[79] found: Gesetz über das Verbot des Konsums von Betäubungsmitteln und Alkohol am Hauptbahnhof Bremen (p1)	met	struct '§ 1' p1 ; eif 'tritt am 1. oktober 2023 in kraft' p2 ; sign 'bremen, den 12. september 2023 der senat' p2	met	nonsearch [3] vs sign p2: all after ; attach 'anlage' p1: … nachstehende, von der bürgerschaft (landtag) beschlossene gesetz: § 1 geltungsbereich dieses gesetz gilt an den in der anlage aufgeführten haltestellen, inklusive der ersatzhaltestellen, des öffentlichen personenverkehrs sowie im unmittelbaren u…	met	no attachment+Feiertag sentence	G
2023_106.pdf	2023	106	Verordnung über die Einzelheiten des Beurteilungswesens für Richterinnen und Richter sowie Staatsanwältinnen und Staatsanwälte	Verordnung	8,9,10,11,12,13	6	met	title_norm[113] found: Verordnung über die Einzelheiten des Beurteilungswesens für Richterinnen und Richter sowie Staatsanwältinnen und Staatsa (p1)	met	struct '§ 12' p1 ; eif 'tritt am 1. februar 2024 in kraft' p7 ; sign 'bremen, den 17. november 2023 die senator' p7	met	nonsearch [8, 9, 10, 11, 12, 13] vs sign p7: all after ; attach 'anlage' p1: …elbeurteilungen und anlassbeurteilungen erstellt. § 2 notenstufen (1) für die dienstlichen beurteilungen ist der in der anlage zu dieser verordnung befindliche beurteilungsbogen zu verwenden. (2) die einzelnen merkmale des beurteilungsbogens werd…	met	no attachment+Feiertag sentence	G
2023_109.pdf	2023	109	Gesetz zu dem Vierten Medienänderungsstaatsvertrag	Zustimmungsgesetz zu Staatsvertrag	2,3,4,5,6,7,8	7	met	title_norm[46] found: Gesetz zu dem Vierten Medienänderungsstaatsvertrag (p1)	met	struct 'artikel 1' p1 ; eif 'tritt am tag nach seiner verkündung in kraft' p1 ; sign 'bremen, den 21. november 2023 der senat' p1	met	nonsearch [2, 3, 4, 5, 6, 7, 8] vs sign p1: all after ; attach 'staatsvertrag' p1: …esetzblatt der freien hansestadt bremen 2023 verkündet am 4. dezember 2023 nr. 109 gesetz zu dem vierten medienänderungsstaatsvertrag vom 21. november 2023 der senat verkündet das nachstehende, von der bürgerschaft (landtag) beschlossene gesetz: artikel…	met	no attachment+Feiertag sentence	G
2024_039.pdf	2024	39	Erste Verordnung zur Änderung der Verordnung über das Verbot des Führens von Waffen	Verordnung	2,3	2	met	title_norm[71] found: Erste Verordnung zur Änderung der Verordnung über das Verbot des Führens von Waffen (p1)	unmet	struct '§ 42' p1 ; eif 'tritt am tag nach ihrer verkündung in kraft' p3 ; sign: not found after operative marker	unmet	nonsearch [2, 3] vs sign pNone: NOT all after ; attach: none up to sign page	met	no attachment+Feiertag sentence	R
2024_043.pdf	2024	43	Siebte Polizeiverordnung zur Änderung der Polizeiverordnung über das Verbot des Führens von gefährlichen Gegenständen	Verordnung	2,3	2	met	title_norm[104] found: Siebte Polizeiverordnung zur Änderung der Polizeiverordnung über das Verbot des Führens von gefährlichen Gegenständen (p1)	unmet	struct '§ 110' p1 ; eif 'tritt am tag nach ihrer verkündung in kraft' p3 ; sign: not found after operative marker	unmet	nonsearch [2, 3] vs sign pNone: NOT all after ; attach: none up to sign page	met	no attachment+Feiertag sentence	R
2024_076.pdf	2024	76	Berichtigung des Gesetzblattes Nr. 70	Berichtigung	2,3,4,5,6,7,8	7	met	title_norm[32] found: Berichtigung des Gesetzblattes Nr. 70 (p1)	met	operative 'ist wie folgt zu berichtigen' p1 ; sign 'bremen, den 5. juli 2024 senatskanzlei' p1	met	nonsearch [2, 3, 4, 5, 6, 7, 8] vs sign p1: all after ; attach 'anhang' p1: …, verkündet am 5. juli 2024, ist wie folgt zu berichtigen: dem gesetz wird der nachfolgend angehängte staatsvertrag als anhang hinzugefügt. bremen, den 5. juli 2024 senatskanzlei …	met	no attachment+Feiertag sentence	G
2024_097.pdf	2024	97	Ortsgesetz zur Änderung des Ortsgesetzes über die Errichtung eines „sonstigen Sondervermögens Hafen“	other(Ortsgesetz)	2	1	met	title_norm[87] found: Ortsgesetz zur Änderung des Ortsgesetzes über die Errichtung eines „sonstigen Sondervermögens Hafen“ (p1)	met	struct 'artikel 1' p1 ; eif 'tritt am tag nach seiner verkündung in kraft' p2 ; sign 'bremen, den 17. september 2024 der senat' p2	unmet	nonsearch [2] vs sign p2: NOT all after ; attach 'angefügt' p1: …ge“ durch die angabe „anlage 1“ und das wort „flächen“ durch das wort „hafenflächen“ ersetzt. b) es wird folgender satz angefügt: „dem sondervermögen werden ausserdem die im eigentum der stadtgemeinde bremen stehenden grundstücke innerhalb der in d…	met	no attachment+Feiertag sentence	R
2024_101.pdf	2024	101	Berichtigung des Gesetzblattes Nr. 99	Berichtigung	2,3,4,5,6	5	met	title_norm[32] found: Berichtigung des Gesetzblattes Nr. 99 (p1)	met	operative 'ist wie folgt zu berichtigen' p1 ; sign 'bremen, den 11. oktober 2024 senatskanzlei' p1	met	nonsearch [2, 3, 4, 5, 6] vs sign p1: all after ; attach 'angefügt' p1: …en: dem gesetzblatt nummer 99 wird der nachfolgend angehängte „zweite staatsvertrag zur änderung des it-staatsvertrags“ angefügt. bremen, den 11. oktober 2024 senatskanzlei …	met	no attachment+Feiertag sentence	G
2024_103.pdf	2024	103	Berichtigung des Gesetzblattes Nr. 100	Berichtigung	2,3,4,5,6,7,8,9,10,11,12,13,14,15,16,17,18,19,20,21,22,23,24,25,26,27,28,29,30,31,32,33,34,35,36	35	met	title_norm[33] found: Berichtigung des Gesetzblattes Nr. 100 (p1)	met	operative 'ist wie folgt zu berichtigen' p1 ; sign 'bremen, den 11. oktober 2024 senatskanzlei' p1	met	nonsearch [2, 3, 4, 5, 6, 7, 8, 9, 10, 11, 12, 13, 14, 15, 16, 17, 18, 19, 20, 21, 22, 23, 24, 25, 26, 27, 28, 29, 30, 31, 32, 33, 34, 35, 36] vs sign p1: all after ; attach 'angefügt' p1: …m 10. oktober 2024, ist wie folgt zu berichtigen: dem gesetzblatt nummer 100 werden die nachfolgend angehängten anlagen angefügt. bremen, den 11. oktober 2024 senatskanzlei …	met	no attachment+Feiertag sentence	G
2024_133.pdf	2024	133	Gebührenordnung für Unterbringungen nach dem Aufnahmegesetz	unclear	3	1	met	title_norm[54] found: Gebührenordnung für Unterbringungen nach dem Aufnahmegesetz (p1)	met	struct '§ 3' p1 ; eif 'tritt am tag nach ihrer verkündung in kraft' p2 ; sign 'bremen, den 15. oktober 2024 der senat' p2	met	nonsearch [3] vs sign p2: all after ; attach 'anlage' p1: …sestadt bremen auf grundlage des bremischen aufnahmegesetzes bereitgestellt werden, sind die im gebührenverzeichnis der anlage festgelegten benutzungsgebühren zu erheben. (2) die gebührensätze beziehen sich, soweit nichts anderes bestimmt ist, je…	met	no attachment+Feiertag sentence	G
2024_154.pdf	2024	154	Gesetz zum Staatsvertrag zur Änderung des Staatsvertrages zwischen der Freien Hansestadt Bremen und dem Land Niedersachsen im Bereich der beiden EU-Fonds Europäischer Garantiefonds für die Landwirtschaft und Europäischer Landwirtschaftsfonds für die Entwicklung des ländlichen Raums sowie nationaler Fördermaßnahmen	Zustimmungsgesetz zu Staatsvertrag	2,3,4,5,6,7,8	7	met	title_norm[278] found: Gesetz zum Staatsvertrag zur Änderung des Staatsvertrages zwischen der Freien Hansestadt Bremen und dem Land Niedersachs (p1)	met	struct 'artikel 1' p1 ; eif 'tritt am tag nach seiner verkündung in kraft' p1 ; sign 'bremen, den 11. dezember 2024 der senat' p1	met	nonsearch [2, 3, 4, 5, 6, 7, 8] vs sign p1: all after ; attach 'staatsvertrag' p1: …1121 gesetzblatt der freien hansestadt bremen 2024 verkündet am 20. dezember 2024 nr. 154 gesetz zum staatsvertrag zur änderung des staatsvertrages zwischen der freien hansestadt bremen und dem land niedersachsen im bereich der beiden…	met	no attachment+Feiertag sentence	G
2025_023.pdf	2025	23	Berichtigung des Gesetzblattes Nr. 18	Berichtigung	2	1	met	title_norm[32] found: Berichtigung des Gesetzblattes Nr. 18 (p1)	met	operative 'ist wie folgt zu berichtigen' p1 ; sign 'bremen, den 25. märz 2025 senatskanzlei' p1	met	nonsearch [2] vs sign p1: all after ; attach 'beigefügt' p1: …ordnung“ (bremgbl. s. 52), verkündet am 21. märz 2025, ist wie folgt zu berichtigen: dem gesetzblatt nummer 18 wird die beigefügte anlage angefügt. bremen, den 25. märz 2025 senatskanzlei …	met	no attachment+Feiertag sentence	G
2025_036.pdf	2025	36	Bremisches Gesetz zu dem Staatsvertrag zur Aufgabenerfüllung nach dem Barrierefreiheitsstärkungsgesetz	Zustimmungsgesetz zu Staatsvertrag	2,3,4,5,6,7,8,9,10,11,12,13,14,15,16,17,18,19,20,21,22,23,24,25,26	25	met	title_norm[93] found: Bremisches Gesetz zu dem Staatsvertrag zur Aufgabenerfüllung nach dem Barrierefreiheitsstärkungsgesetz (p1)	met	struct 'artikel 1' p1 ; eif 'tritt am tag nach seiner verkündung in kraft' p1 ; sign 'bremen, 1. april 2025 der senat' p1	met	nonsearch [2, 3, 4, 5, 6, 7, 8, 9, 10, 11, 12, 13, 14, 15, 16, 17, 18, 19, 20, 21, 22, 23, 24, 25, 26] vs sign p1: all after ; attach 'staatsvertrag' p1: …356 gesetzblatt der freien hansestadt bremen 2025 verkündet am 12. april 2025 nr. 36 bremisches gesetz zu dem staatsvertrag zur aufgabenerfüllung nach dem barrierefreiheitsstärkungsgesetz vom 1. april 2025 der senat verkündet das nachstehende …	met	no attachment+Feiertag sentence	G
2025_103.pdf	2025	103	Verordnung zur Neuregelung der Festsetzung der Hochwasserschutzlinie im Land Bremen	Verordnung	13,14	2	met	title_norm[74] found: Verordnung zur Neuregelung der Festsetzung der Hochwasserschutzlinie im Land Bremen (p1)	met	struct '§ 62' p1 ; eif 'tritt am tag nach ihrer verkündung in kraft' p12 ; sign 'bremen, 4. september 2025 die senator' p12	met	nonsearch [13, 14] vs sign p12: all after ; attach 'anlage' p2: …0 m abknickend in südöstliche richtung, nach circa 8 m abknickend in nordöstliche richtung auf der oberkante der treppenanlage des „ludwig-franzius-platzes“ weiter im verlauf der überseepromenade bis zur hafeneinfahrt des europahafens und anschli…	met	no attachment+Feiertag sentence	G
2025_109.pdf	2025	109	Gesetz zu dem Sechsten Medienänderungsstaatsvertrag und zur Änderung des Bremischen Landesmediengesetzes	Zustimmungsgesetz zu Staatsvertrag	3,4,5,6,7,8,9,10,11,12,13,14,15,16,17,18,19,20,21,22,23,24,25,26,27,28,29,30,31,32,33,34	32	met	title_norm[94] found: Gesetz zu dem Sechsten Medienänderungsstaatsvertrag und zur Änderung des Bremischen Landesmediengesetzes (p1)	met	struct 'artikel 1' p1 ; eif 'tritt am tag nach seiner verkündung in kraft' p2 ; sign 'bremen, 16. september 2025 der senat' p2	met	nonsearch [3, 4, 5, 6, 7, 8, 9, 10, 11, 12, 13, 14, 15, 16, 17, 18, 19, 20, 21, 22, 23, 24, 25, 26, 27, 28, 29, 30, 31, 32, 33, 34] vs sign p2: all after ; attach 'staatsvertrag' p1: …setzblatt der freien hansestadt bremen 2025 verkündet am 10. oktober 2025 nr. 109 gesetz zu dem sechsten medienänderungsstaatsvertrag und zur änderung des bremischen landesmediengesetzes vom 16. september 2025 der senat verkündet das nachstehende von de…	met	no attachment+Feiertag sentence	G
2025_110.pdf	2025	110	Gesetz zu dem Siebten Staatsvertrag zur Änderung medienrechtlicher Staatsverträge – Reform des öffentlich-rechtlichen Rundfunks (Reformstaatsvertrag)	Zustimmungsgesetz zu Staatsvertrag	2,3,4,5,6,7,8,9,10,11,12,13,14,15,16,17,18,19,20,21,22,23,24,25,26,27,28,29,30,31,32,33,34,35,36,37,38,39,40,41,42,43,44,45,46,47,48,49,50,51,52,53,54,55,56,57,58,59,60,61,62,63,64,65,66,67,68,69,70,71,72,73,74,75,76,77,78,79,80,81,82,83,84	83	met	title_norm[131] found: Gesetz zu dem Siebten Staatsvertrag zur Änderung medienrechtlicher Staatsverträge – Reform des öffentlich-rechtlichen Ru (p1)	met	struct 'artikel 1' p1 ; eif 'tritt am tag nach seiner verkündung in kraft' p1 ; sign 'bremen, 16. september 2025 der senat' p1	met	nonsearch [2, 3, 4, 5, 6, 7, 8, 9, 10, 11, 12, 13, 14, 15, 16, 17, 18, 19, 20, 21, 22, 23, 24, 25, 26, 27, 28, 29, 30, 31, 32, 33, 34, 35, 36, 37, 38, 39, 40, 41, 42, 43, 44, 45, 46, 47, 48, 49, 50, 51, 52, 53, 54, 55, 56, 57, 58, 59, 60, 61, 62, 63, 64, 65, 66, 67, 68, 69, 70, 71, 72, 73, 74, 75, 76, 77, 78, 79, 80, 81, 82, 83, 84] vs sign p1: all after ; attach 'staatsvertrag' p1: …849 gesetzblatt der freien hansestadt bremen 2025 verkündet am 10. oktober 2025 nr. 110 gesetz zu dem siebten staatsvertrag zur änderung medienrechtlicher staatsverträge – reform des öffentlich-rechtlichen rundfunks (reformstaatsvertrag) vom 1…	met	no attachment+Feiertag sentence	G
2025_111.pdf	2025	111	Gesetz zu dem Achten Staatsvertrag zur Änderung medienrechtlicher Staatsverträge – Reform des Verfahrens zur Festsetzung des Rundfunkbeitrages	Zustimmungsgesetz zu Staatsvertrag	2,3,4,5	4	met	title_norm[125] found: Gesetz zu dem Achten Staatsvertrag zur Änderung medienrechtlicher Staatsverträge – Reform des Verfahrens zur Festsetzung (p1)	met	struct 'artikel 1' p1 ; eif 'tritt am tag nach seiner verkündung in kraft' p1 ; sign 'bremen, 16. september 2025 der senat' p1	met	nonsearch [2, 3, 4, 5] vs sign p1: all after ; attach 'staatsvertrag' p1: …933 gesetzblatt der freien hansestadt bremen 2025 verkündet am 10. oktober 2025 nr. 111 gesetz zu dem achten staatsvertrag zur änderung medienrechtlicher staatsverträge – reform des verfahrens zur festsetzung des rundfunkbeitrages vom 16. sep…	met	no attachment+Feiertag sentence	G
2025_114.pdf	2025	114	Verordnung über das Landschaftsschutzgebiet „Uni-Wildnis und Umgebung“ im Stadtteil Horn-Lehe, Ortsteil Lehe der Stadtgemeinde Bremen	Verordnung	6	1	met	title_norm[114] found: Verordnung über das Landschaftsschutzgebiet „Uni-Wildnis und Umgebung“ im Stadtteil Horn-Lehe, Ortsteil Lehe der Stadtge (p1)	met	struct '§ 17' p1 ; eif 'tritt am tage nach ihrer verkündung in kraft' p5 ; sign 'bremen, 8. juli 2025 der senat' p5	met	nonsearch [6] vs sign p5: all after ; attach 'anlage' p1: …ltungsbereich des landschaftsschutzgebietes ist mit grüner schraffur in der karte (amtliche basiskarte 1: 5 000) in der anlage zu dieser rechtsverordnung eingetragen. die grenze verläuft an der aussenkante der rahmensetzenden grünen durchgängigen…	met	no attachment+Feiertag sentence	G
2025_127.pdf	2025	127	Verordnung über die zulässige Miethöhe gemäß § 556d Absatz 2 des Bürgerlichen Gesetzbuchs (Mietenbegrenzungsverordnung)	Verordnung	26,27,28,29,30,31,32,33,34,35,36,37,38,39,40,41,42,43,44,45,46,47,48,49,50,51	26	met	title_norm[104] found: Verordnung über die zulässige Miethöhe gemäß § 556d Absatz 2 des Bürgerlichen Gesetzbuchs (Mietenbegrenzungsverordnung) (p1)	met	struct '§ 556' p1 ; eif 'tritt am 1. dezember 2025 in kraft' p1 ; sign 'bremen, 18. november 2025 der senat' p1	met	nonsearch [26, 27, 28, 29, 30, 31, 32, 33, 34, 35, 36, 37, 38, 39, 40, 41, 42, 43, 44, 45, 46, 47, 48, 49, 50, 51] vs sign p1: all after ; attach 'anlage' p1: …ersorgung der bevölkerung mit mietwohnungen zu angemessenen bedingungen besonders gefährdet ist. die begründung ist der anlage zu entnehmen. § 2 ausserkrafttreten diese verordnung tritt mit ablauf des 31. dezember 2029 ausser kraft. § 3 inkrafttr…	met	no attachment+Feiertag sentence	G
2025_159.pdf	2025	159	Berichtigung des Gesetzblattes Nr. 8 aus 2002	Berichtigung	2,3	2	met	title_norm[38] found: Berichtigung des Gesetzblattes Nr. 8 aus 2002 (p1)	met	operative 'ist wie folgt zu berichtigen' p1 ; sign 'bremen, 4. dezember 2025 senatskanzlei' p1	met	nonsearch [2, 3] vs sign p1: all after ; attach 'beigefügt' p1: …änderung des haushaltsgesetzes der freien hansestadt bremen (stadtgemeinde) für das haushaltsjahr 2002“ ist um die hier beigefügte anlage vom 18. januar 2002, bezeichnet als anlage 1 (bestehend aus anlage 1.1 und 1.2), zu ergänzen. bremen, 4. dezemb…	met	no attachment+Feiertag sentence	G
2026_009.pdf	2026	9	Dritte Verordnung zur Änderung der Verordnung über das Verbot des Führens von Waffen	Verordnung	6,7	2	met	title_norm[72] found: Dritte Verordnung zur Änderung der Verordnung über das Verbot des Führens von Waffen (p1)	met	struct '§ 42' p1 ; eif 'tritt am tag nach ihrer verkündung in kraft' p8 ; sign 'bremen, 3. februar 2026 der senat' p8	unmet	nonsearch [6, 7] vs sign p8: NOT all after ; attach 'anlage' p1: … bis 3 ersetzt: „§ 1 verbot des führens von waffen und messern in der freien hansestadt bremen (1) innerhalb der in der anlage farbig markierten gebiete ist das führen von waffen und messern auf öffentlichen strassen, wegen oder plätzen verboten,…	met	no attachment+Feiertag sentence	R
2026_031.pdf	2026	31	Haushaltsgesetz der Stadtgemeinde Bremen für das Haushaltsjahr 2026	Gesetz	16	1	met	title_norm[60] found: Haushaltsgesetz der Stadtgemeinde Bremen für das Haushaltsjahr 2026 (p1)	met	struct '§ 1' p1 ; eif 'tritt am 1. januar 2026 in kraft' p14 ; sign 'bremen, 24. märz 2026 der senat' p14	met	nonsearch [16] vs sign p14: all after ; attach 'beigefügt' p1: …verpflichtungsermächtigungen werden auf 916 431 200 euro festgestellt. der gesamtplan wird diesem ortsgesetz als anlage beigefügt. (2) das im stellenplan für das haushaltsjahr 2026 für den personalhaushalt ausgewiesene stellenvolumen wird auf 9 561 …	met	no attachment+Feiertag sentence	G
2026_032.pdf	2026	32	Haushaltsgesetz der Stadtgemeinde Bremen für das Haushaltsjahr 2027	Gesetz	17	1	met	title_norm[60] found: Haushaltsgesetz der Stadtgemeinde Bremen für das Haushaltsjahr 2027 (p1)	met	struct '§ 1' p1 ; eif 'tritt am 1. januar 2027 in kraft' p15 ; sign 'bremen, 24. märz 2026 der senat' p15	met	nonsearch [17] vs sign p15: all after ; attach 'beigefügt' p1: …verpflichtungsermächtigungen werden auf 938 538 710 euro festgestellt. der gesamtplan wird diesem ortsgesetz als anlage beigefügt. (2) das im stellenplan für das haushaltsjahr 2027 für den personalhaushalt ausgewiesene stellenvolumen wird auf 9 570 …	met	no attachment+Feiertag sentence	G
2026_051.pdf	2026	51	Ortsgesetz zur Einrichtung des Innovationsbereiches BID Hanseatenhof 2026 bis 2029	other(Ortsgesetz)	4,5	2	met	title_norm[73] found: Ortsgesetz zur Einrichtung des Innovationsbereiches BID Hanseatenhof 2026 bis 2029 (p1)	met	struct '§ 4' p1 ; eif 'tritt am 1. mai 2026 in kraft' p3 ; sign 'bremen, 28. april 2026 der senat' p3	met	nonsearch [4, 5] vs sign p3: all after ; attach 'anlage' p1: …014 (brem.gbl. s. 280) geändert worden ist, beschlossene ortsgesetz: § 1 innovationsbereich auf den flächen, die in der anlage 1 zu diesem ortsgesetz mit roten linien umrandet sind, wird ein innovationsbereich eingerichtet. in der anlage 2 zu die…	met	no attachment+Feiertag sentence	G
2026_063.pdf	2026	63	Gesetz zur Zustimmung zum Vertrag über die Errichtung, den Betrieb und die Weiterentwicklung des Nationalen Once-Only Technical-Systems (NOOTS) – Vertrag zur Ausführung von Artikel 91c Absatz 1, Absatz 2 GG – NOOTS-Staatsvertrag	Zustimmungsgesetz zu Staatsvertrag	2,3,4,5,6,7,8,9,10,11,12,13,14,15,16,17,18,19,20,21,22,23	22	met	title_norm[188] found: Gesetz zur Zustimmung zum Vertrag über die Errichtung, den Betrieb und die Weiterentwicklung des Nationalen Once-Only Te (p1)	met	struct 'artikel 91' p1 ; eif 'tritt am tag nach seiner verkündung in kraft' p1 ; sign 'bremen, 26. mai 2026 der senat' p1	met	nonsearch [2, 3, 4, 5, 6, 7, 8, 9, 10, 11, 12, 13, 14, 15, 16, 17, 18, 19, 20, 21, 22, 23] vs sign p1: all after ; attach 'staatsvertrag' p1: …s nationalen once-only-technical-systems (noots) – vertrag zur ausführung von artikel 91c absatz 1, absatz 2 gg – noots-staatsvertrag vom 26. mai 2026 der senat verkündet das nachstehende, von der bürgerschaft (landtag) beschlossene gesetz: artikel 1 no…	met	no attachment+Feiertag sentence	G
2026_082.pdf	2026	82	Gesetz zum Staatsvertrag zwischen der Freien Hansestadt Bremen und dem Land Niedersachsen über den Zusammenschluss der	Zustimmungsgesetz zu Staatsvertrag	3,4,5,6,7,8,9,10	8	met	title_norm[103] found: Gesetz zum Staatsvertrag zwischen der Freien Hansestadt Bremen und dem Land Niedersachsen über den Zusammenschluss der (p1)	met	struct 'artikel 1' p1 ; eif 'tritt am tag nach seiner verkündung in kraft' p2 ; sign 'bremen, 30. juni 2026 der senat' p2	met	nonsearch [3, 4, 5, 6, 7, 8, 9, 10] vs sign p2: all after ; attach 'staatsvertrag' p1: …552 gesetzblatt der freien hansestadt bremen 2026 verkündet am 15. juli 2026 nr. 82 gesetz zum staatsvertrag zwischen der freien hansestadt bremen und dem land niedersachsen über den zusammenschluss der hanseatischen rechtsanwal…	met	no attachment+Feiertag sentence	G
2026_090.pdf	2026	90	Ortsgesetz zur Einrichtung des Innovationsbereiches BID Balgequartier 2026 bis 2031	other(Ortsgesetz)	4,5	2	met	title_norm[74] found: Ortsgesetz zur Einrichtung des Innovationsbereiches BID Balgequartier 2026 bis 2031 (p1)	met	struct '§ 4' p1 ; eif 'tritt am 1. september 2026 in kraft' p3 ; sign 'bremen, 25. august 2026 der senat' p3	met	nonsearch [4, 5] vs sign p3: all after ; attach 'anlage' p1: …014 (brem.gbl. s. 280) geändert worden ist, beschlossene ortsgesetz: § 1 innovationsbereich auf den flächen, die in der anlage 1 zu diesem ortsgesetz mit roten linien umrandet sind, wird ein innovationsbereich eingerichtet. in der anlage 2 zu die…	met	no attachment+Feiertag sentence	G
2026_092.pdf	2026	92	Gesetz über die Zustimmung zum Zweiten Staatsvertrag zur Änderung des Glücksspielstaatsvertrags 2021	Zustimmungsgesetz zu Staatsvertrag	2,3,4,5,6,7,8,9,10,11,12,13,14,15,16,17,18,19,20,21,22,23	22	met	title_norm[89] found: Gesetz über die Zustimmung zum Zweiten Staatsvertrag zur Änderung des Glücksspielstaatsvertrags 2021 (p1)	met	struct 'artikel 1' p1 ; eif 'tritt am tag nach seiner verkündung in kraft' p1 ; sign 'bremen, 1. september 2026 der senat' p1	met	nonsearch [2, 3, 4, 5, 6, 7, 8, 9, 10, 11, 12, 13, 14, 15, 16, 17, 18, 19, 20, 21, 22, 23] vs sign p1: all after ; attach 'staatsvertrag' p1: …tzblatt der freien hansestadt bremen 2026 verkündet am 12. september 2026 nr. 92 gesetz über die zustimmung zum zweiten staatsvertrag zur änderung des glücksspielstaatsvertrags 2021 der senat verkündet das nachstehende von der bürgerschaft (landtag) bes…	met	no attachment+Feiertag sentence	G
