file	page	old_class	old_path_ops	new_path_ops	clip_paths	img_count	max_area_frac	new_class
2026_098.pdf	2	OTHER	58	0	29	0		BLANK
2026_097.pdf	3	OTHER	80	0	40	0		BLANK
2026_092.pdf	2	IMAGE	44	0	22	1	0.5798	IMAGE
2026_092.pdf	3	IMAGE	44	0	22	1	0.5798	IMAGE
2026_092.pdf	4	IMAGE	44	0	22	1	0.5798	IMAGE
2026_092.pdf	5	IMAGE	44	0	22	1	0.5798	IMAGE
2026_092.pdf	6	IMAGE	44	0	22	1	0.5798	IMAGE
2026_092.pdf	7	IMAGE	44	0	22	1	0.5798	IMAGE
2026_092.pdf	8	IMAGE	44	0	22	1	0.5798	IMAGE
2026_092.pdf	9	IMAGE	44	0	22	1	0.5804	IMAGE
2026_092.pdf	10	IMAGE	44	0	22	1	0.5798	IMAGE
2026_092.pdf	11	IMAGE	44	0	22	1	0.5798	IMAGE
2026_092.pdf	12	IMAGE	44	0	22	1	0.5798	IMAGE
2026_092.pdf	13	IMAGE	44	0	22	1	0.5798	IMAGE
2026_092.pdf	14	IMAGE	44	0	22	1	0.5798	IMAGE
2026_092.pdf	15	IMAGE	44	0	22	1	0.5798	IMAGE
2026_092.pdf	16	IMAGE	44	0	22	1	0.5798	IMAGE
2026_092.pdf	17	IMAGE	44	0	22	1	0.5787	IMAGE
2026_092.pdf	18	IMAGE	44	0	22	1	0.5798	IMAGE
2026_092.pdf	19	IMAGE	44	0	22	1	0.5798	IMAGE
2026_092.pdf	20	IMAGE	44	0	22	1	0.5798	IMAGE
2026_092.pdf	21	IMAGE	44	0	22	1	0.5798	IMAGE
2026_092.pdf	22	IMAGE	44	0	22	1	0.5798	IMAGE
2026_092.pdf	23	IMAGE	46	0	23	1	0.5798	IMAGE
2026_090.pdf	4	IMAGE	36	0	18	1	0.5592	IMAGE
2026_090.pdf	5	IMAGE	38	0	19	1	0.5798	IMAGE
2026_086.pdf	2	OTHER	68	0	34	0		BLANK
2026_082.pdf	3	IMAGE	2	0	1	1	0.5795	IMAGE
2026_082.pdf	4	IMAGE	2	0	1	1	0.5787	IMAGE
2026_082.pdf	5	IMAGE	2	0	1	1	0.5773	IMAGE
2026_082.pdf	6	IMAGE	2	0	1	1	0.5781	IMAGE
2026_082.pdf	7	IMAGE	2	0	1	1	0.5756	IMAGE
2026_082.pdf	8	IMAGE	2	0	1	1	0.5767	IMAGE
2026_082.pdf	9	IMAGE	2	0	1	1	0.5761	IMAGE
2026_082.pdf	10	IMAGE	2	0	1	1	0.5765	IMAGE
2026_067.pdf	4	OTHER	54	0	27	0		BLANK
2026_066.pdf	2	OTHER	72	0	36	0		BLANK
2026_065.pdf	7	OTHER	54	0	27	0		BLANK
2026_063.pdf	2	IMAGE	36	0	18	1	0.5797	IMAGE
2026_063.pdf	3	IMAGE	36	0	18	1	0.5797	IMAGE
2026_063.pdf	4	IMAGE	36	0	18	1	0.5797	IMAGE
2026_063.pdf	5	IMAGE	36	0	18	1	0.5797	IMAGE
2026_063.pdf	6	IMAGE	36	0	18	1	0.5807	IMAGE
2026_063.pdf	7	IMAGE	36	0	18	1	0.5802	IMAGE
2026_063.pdf	8	IMAGE	36	0	18	1	0.5797	IMAGE
2026_063.pdf	9	IMAGE	36	0	18	1	0.5807	IMAGE
2026_063.pdf	10	IMAGE	41	0	18	1	0.6373	IMAGE
2026_063.pdf	11	IMAGE	36	0	18	1	0.5802	IMAGE
2026_063.pdf	12	IMAGE	41	0	18	1	0.5838	IMAGE
2026_063.pdf	13	IMAGE	36	0	18	1	0.5802	IMAGE
2026_063.pdf	14	IMAGE	41	0	18	1	0.5908	IMAGE
2026_063.pdf	15	IMAGE	36	0	18	1	0.5802	IMAGE
2026_063.pdf	16	IMAGE	36	0	18	1	0.5802	IMAGE
2026_063.pdf	17	IMAGE	36	0	18	1	0.5797	IMAGE
2026_063.pdf	18	IMAGE	36	0	18	1	0.5813	IMAGE
2026_063.pdf	19	IMAGE	36	0	18	1	0.5802	IMAGE
2026_063.pdf	20	IMAGE	36	0	18	1	0.5802	IMAGE
2026_063.pdf	21	IMAGE	36	0	18	1	0.5807	IMAGE
2026_063.pdf	22	IMAGE	36	0	18	1	0.5807	IMAGE
2026_063.pdf	23	IMAGE	38	0	19	1	0.5802	IMAGE
2026_062.pdf	2	OTHER	54	0	27	0		BLANK
2026_061.pdf	4	OTHER	50	0	25	0		BLANK
2026_054.pdf	2	OTHER	58	0	29	0		BLANK
2026_051.pdf	4	IMAGE	36	0	18	1	0.6089	IMAGE
2026_051.pdf	5	IMAGE	38	0	19	1	0.5798	IMAGE
2026_043.pdf	2	BLANK	48	0	24	0		BLANK
2026_036.pdf	2	BLANK	0	0	0	0		BLANK
2026_035.pdf	2	OTHER	56	0	28	0		BLANK
2026_032.pdf	17	IMAGE	62	0	31	1	0.4929	IMAGE
2026_031.pdf	16	IMAGE	62	0	31	1	0.5367	IMAGE
2026_017.pdf	2	OTHER	58	0	29	0		BLANK
2026_009.pdf	6	IMAGE	50	0	25	1	0.5351	IMAGE
2026_009.pdf	7	IMAGE	62	0	31	1	0.4272	IMAGE
2026_006.pdf	3	OTHER	68	0	34	0		BLANK
2025_162.pdf	2	OTHER	62	0	31	0		BLANK
2025_159.pdf	2	IMAGE	41	0	18	1	0.3384	IMAGE
2025_159.pdf	3	IMAGE	42	0	21	1	0.5115	IMAGE
2025_149.pdf	4	OTHER	66	0	33	0		BLANK
2025_147.pdf	2	OTHER	72	0	36	0		BLANK
2025_139.pdf	3	OTHER	78	0	39	0		BLANK
2025_127.pdf	26	IMAGE	32	0	16	1	0.5804	IMAGE
2025_127.pdf	27	IMAGE	32	0	16	1	0.5804	IMAGE
2025_127.pdf	28	IMAGE	32	0	16	1	0.5798	IMAGE
2025_127.pdf	29	IMAGE	32	0	16	1	0.5798	IMAGE
2025_127.pdf	30	IMAGE	32	0	16	1	0.5798	IMAGE
2025_127.pdf	31	IMAGE	32	0	16	1	0.5798	IMAGE
2025_127.pdf	32	IMAGE	32	0	16	1	0.5798	IMAGE
2025_127.pdf	33	IMAGE	32	0	16	1	0.5798	IMAGE
2025_127.pdf	34	IMAGE	32	0	16	1	0.5798	IMAGE
2025_127.pdf	35	IMAGE	32	0	16	1	0.5798	IMAGE
2025_127.pdf	36	IMAGE	32	0	16	1	0.5798	IMAGE
2025_127.pdf	37	IMAGE	32	0	16	1	0.5798	IMAGE
2025_127.pdf	38	IMAGE	32	0	16	1	0.5798	IMAGE
2025_127.pdf	39	IMAGE	32	0	16	1	0.5798	IMAGE
2025_127.pdf	40	IMAGE	32	0	16	1	0.5798	IMAGE
2025_127.pdf	41	IMAGE	32	0	16	1	0.5798	IMAGE
2025_127.pdf	42	IMAGE	32	0	16	1	0.5798	IMAGE
2025_127.pdf	43	IMAGE	32	0	16	1	0.5798	IMAGE
2025_127.pdf	44	IMAGE	32	0	16	1	0.5798	IMAGE
2025_127.pdf	45	IMAGE	32	0	16	1	0.5798	IMAGE
2025_127.pdf	46	IMAGE	32	0	16	1	0.5798	IMAGE
2025_127.pdf	47	IMAGE	32	0	16	1	0.5798	IMAGE
2025_127.pdf	48	IMAGE	32	0	16	1	0.5798	IMAGE
2025_127.pdf	49	IMAGE	32	0	16	1	0.5798	IMAGE
2025_127.pdf	50	IMAGE	32	0	16	1	0.5798	IMAGE
2025_127.pdf	51	IMAGE	34	0	17	1	0.5798	IMAGE
2025_124.pdf	2	BLANK	46	0	23	0		BLANK
2025_116.pdf	6	OTHER	56	0	28	0		BLANK
2025_114.pdf	5	OTHER	64	0	32	0		BLANK
2025_114.pdf	6	IMAGE	42	0	21	1	0.2899	IMAGE
2025_111.pdf	2	IMAGE	36	0	18	1	0.5793	IMAGE
2025_111.pdf	3	IMAGE	36	0	18	1	0.5793	IMAGE
2025_111.pdf	4	IMAGE	36	0	18	1	0.5793	IMAGE
2025_111.pdf	5	IMAGE	38	0	19	1	0.5793	IMAGE
2025_110.pdf	2	IMAGE	46	0	23	1	0.5804	IMAGE
2025_110.pdf	3	IMAGE	46	0	23	1	0.5804	IMAGE
2025_110.pdf	4	IMAGE	46	0	23	1	0.5804	IMAGE
2025_110.pdf	5	IMAGE	46	0	23	1	0.5804	IMAGE
2025_110.pdf	6	IMAGE	46	0	23	1	0.5804	IMAGE
2025_110.pdf	7	IMAGE	46	0	23	1	0.5804	IMAGE
2025_110.pdf	8	IMAGE	46	0	23	1	0.5804	IMAGE
2025_110.pdf	9	IMAGE	46	0	23	1	0.5804	IMAGE
2025_110.pdf	10	IMAGE	46	0	23	1	0.5804	IMAGE
2025_110.pdf	11	IMAGE	46	0	23	1	0.5804	IMAGE
2025_110.pdf	12	IMAGE	46	0	23	1	0.5804	IMAGE
2025_110.pdf	13	IMAGE	46	0	23	1	0.5804	IMAGE
2025_110.pdf	14	IMAGE	46	0	23	1	0.5804	IMAGE
2025_110.pdf	15	IMAGE	46	0	23	1	0.5804	IMAGE
2025_110.pdf	16	IMAGE	46	0	23	1	0.5804	IMAGE
2025_110.pdf	17	IMAGE	46	0	23	1	0.5804	IMAGE
2025_110.pdf	18	IMAGE	46	0	23	1	0.5804	IMAGE
2025_110.pdf	19	IMAGE	46	0	23	1	0.5804	IMAGE
2025_110.pdf	20	IMAGE	46	0	23	1	0.5804	IMAGE
2025_110.pdf	21	IMAGE	46	0	23	1	0.5804	IMAGE
2025_110.pdf	22	IMAGE	46	0	23	1	0.5804	IMAGE
2025_110.pdf	23	IMAGE	46	0	23	1	0.5804	IMAGE
2025_110.pdf	24	IMAGE	46	0	23	1	0.5804	IMAGE
2025_110.pdf	25	IMAGE	46	0	23	1	0.5804	IMAGE
2025_110.pdf	26	IMAGE	46	0	23	1	0.5804	IMAGE
2025_110.pdf	27	IMAGE	46	0	23	1	0.5804	IMAGE
2025_110.pdf	28	IMAGE	46	0	23	1	0.5804	IMAGE
2025_110.pdf	29	IMAGE	46	0	23	1	0.5804	IMAGE
2025_110.pdf	30	IMAGE	46	0	23	1	0.5804	IMAGE
2025_110.pdf	31	IMAGE	46	0	23	1	0.5804	IMAGE
2025_110.pdf	32	IMAGE	46	0	23	1	0.5804	IMAGE
2025_110.pdf	33	IMAGE	46	0	23	1	0.5804	IMAGE
2025_110.pdf	34	IMAGE	46	0	23	1	0.5804	IMAGE
2025_110.pdf	35	IMAGE	46	0	23	1	0.5804	IMAGE
2025_110.pdf	36	IMAGE	46	0	23	1	0.5804	IMAGE
2025_110.pdf	37	IMAGE	46	0	23	1	0.5804	IMAGE
2025_110.pdf	38	IMAGE	46	0	23	1	0.5804	IMAGE
2025_110.pdf	39	IMAGE	46	0	23	1	0.5804	IMAGE
2025_110.pdf	40	IMAGE	46	0	23	1	0.5804	IMAGE
2025_110.pdf	41	IMAGE	46	0	23	1	0.5804	IMAGE
2025_110.pdf	42	IMAGE	46	0	23	1	0.5804	IMAGE
2025_110.pdf	43	IMAGE	46	0	23	1	0.5804	IMAGE
2025_110.pdf	44	IMAGE	46	0	23	1	0.5804	IMAGE
2025_110.pdf	45	IMAGE	46	0	23	1	0.5804	IMAGE
2025_110.pdf	46	IMAGE	46	0	23	1	0.5804	IMAGE
2025_110.pdf	47	IMAGE	46	0	23	1	0.5804	IMAGE
2025_110.pdf	48	IMAGE	46	0	23	1	0.5804	IMAGE
2025_110.pdf	49	IMAGE	46	0	23	1	0.5804	IMAGE
2025_110.pdf	50	IMAGE	46	0	23	1	0.5804	IMAGE
2025_110.pdf	51	IMAGE	46	0	23	1	0.5804	IMAGE
2025_110.pdf	52	IMAGE	46	0	23	1	0.5804	IMAGE
2025_110.pdf	53	IMAGE	46	0	23	1	0.5804	IMAGE
2025_110.pdf	54	IMAGE	52	0	26	1	0.5804	IMAGE
2025_110.pdf	55	IMAGE	46	0	23	1	0.5798	IMAGE
2025_110.pdf	56	IMAGE	46	0	23	1	0.5804	IMAGE
2025_110.pdf	57	IMAGE	46	0	23	1	0.5798	IMAGE
2025_110.pdf	58	IMAGE	46	0	23	1	0.5798	IMAGE
2025_110.pdf	59	IMAGE	51	0	23	1	0.5667	IMAGE
2025_110.pdf	60	IMAGE	51	0	23	1	0.5650	IMAGE
2025_110.pdf	61	IMAGE	46	0	23	1	0.5748	IMAGE
2025_110.pdf	62	IMAGE	46	0	23	1	0.5962	IMAGE
2025_110.pdf	63	IMAGE	51	0	23	1	0.5728	IMAGE
2025_110.pdf	64	IMAGE	46	0	23	1	0.5798	IMAGE
2025_110.pdf	65	IMAGE	51	0	23	1	0.5990	IMAGE
2025_110.pdf	66	IMAGE	46	0	23	1	0.5650	IMAGE
2025_110.pdf	67	IMAGE	51	0	23	1	0.5976	IMAGE
2025_110.pdf	68	IMAGE	51	0	23	1	0.6105	IMAGE
2025_110.pdf	69	IMAGE	46	0	23	1	0.5798	IMAGE
2025_110.pdf	70	IMAGE	46	0	23	1	0.5798	IMAGE
2025_110.pdf	71	IMAGE	46	0	23	1	0.5798	IMAGE
2025_110.pdf	72	IMAGE	46	0	23	1	0.5804	IMAGE
2025_110.pdf	73	IMAGE	46	0	23	1	0.5798	IMAGE
2025_110.pdf	74	IMAGE	46	0	23	1	0.5798	IMAGE
2025_110.pdf	75	IMAGE	46	0	23	1	0.5798	IMAGE
2025_110.pdf	76	IMAGE	46	0	23	1	0.5798	IMAGE
2025_110.pdf	77	IMAGE	46	0	23	1	0.5793	IMAGE
2025_110.pdf	78	IMAGE	46	0	23	1	0.5793	IMAGE
2025_110.pdf	79	IMAGE	46	0	23	1	0.5748	IMAGE
2025_110.pdf	80	IMAGE	46	0	23	1	0.5719	IMAGE
2025_110.pdf	81	IMAGE	46	0	23	1	0.5804	IMAGE
2025_110.pdf	82	IMAGE	46	0	23	1	0.5804	IMAGE
2025_110.pdf	83	IMAGE	46	0	23	1	0.5798	IMAGE
2025_110.pdf	84	IMAGE	48	0	24	1	0.5798	IMAGE
2025_109.pdf	3	IMAGE	32	0	16	1	0.5804	IMAGE
2025_109.pdf	4	IMAGE	32	0	16	1	0.5804	IMAGE
2025_109.pdf	5	IMAGE	32	0	16	1	0.5804	IMAGE
2025_109.pdf	6	IMAGE	32	0	16	1	0.5804	IMAGE
2025_109.pdf	7	IMAGE	32	0	16	1	0.5804	IMAGE
2025_109.pdf	8	IMAGE	32	0	16	1	0.5804	IMAGE
2025_109.pdf	9	IMAGE	32	0	16	1	0.5804	IMAGE
2025_109.pdf	10	IMAGE	32	0	16	1	0.5804	IMAGE
2025_109.pdf	11	IMAGE	32	0	16	1	0.5804	IMAGE
2025_109.pdf	12	IMAGE	32	0	16	1	0.5804	IMAGE
2025_109.pdf	13	IMAGE	32	0	16	1	0.5804	IMAGE
2025_109.pdf	14	IMAGE	32	0	16	1	0.5804	IMAGE
2025_109.pdf	15	IMAGE	32	0	16	1	0.5804	IMAGE
2025_109.pdf	16	IMAGE	32	0	16	1	0.5804	IMAGE
2025_109.pdf	17	IMAGE	32	0	16	1	0.5804	IMAGE
2025_109.pdf	18	IMAGE	32	0	16	1	0.5804	IMAGE
2025_109.pdf	19	IMAGE	32	0	16	1	0.5798	IMAGE
2025_109.pdf	20	IMAGE	32	0	16	1	0.5798	IMAGE
2025_109.pdf	21	IMAGE	37	0	16	1	0.5762	IMAGE
2025_109.pdf	22	IMAGE	37	0	16	1	0.6086	IMAGE
2025_109.pdf	23	IMAGE	32	0	16	1	0.5798	IMAGE
2025_109.pdf	24	IMAGE	32	0	16	1	0.5798	IMAGE
2025_109.pdf	25	IMAGE	37	0	16	1	0.6043	IMAGE
2025_109.pdf	26	IMAGE	37	0	16	1	0.6385	IMAGE
2025_109.pdf	27	IMAGE	32	0	16	1	0.5798	IMAGE
2025_109.pdf	28	IMAGE	32	0	16	1	0.5798	IMAGE
2025_109.pdf	29	IMAGE	32	0	16	1	0.5798	IMAGE
2025_109.pdf	30	IMAGE	32	0	16	1	0.5798	IMAGE
2025_109.pdf	31	IMAGE	32	0	16	1	0.5793	IMAGE
2025_109.pdf	32	IMAGE	32	0	16	1	0.5708	IMAGE
2025_109.pdf	33	IMAGE	32	0	16	1	0.5787	IMAGE
2025_109.pdf	34	IMAGE	34	0	17	1	0.5798	IMAGE
2025_108.pdf	9	OTHER	94	0	47	0		BLANK
2025_103.pdf	13	IMAGE	36	0	18	1	0.3382	IMAGE
2025_103.pdf	14	IMAGE	38	0	19	1	0.5804	IMAGE
2025_096.pdf	5	OTHER	132	0	66	0		BLANK
2025_095.pdf	5	OTHER	114	0	57	0		BLANK
2025_094.pdf	5	OTHER	114	0	57	0		BLANK
2025_089.pdf	2	BLANK	48	0	24	0		BLANK
2025_079.pdf	4	OTHER	92	0	46	0		BLANK
2025_077.pdf	10	OTHER	64	0	32	0		BLANK
2025_075.pdf	2	OTHER	106	0	53	0		BLANK
2025_060.pdf	3	OTHER	76	0	38	0		BLANK
2025_040.pdf	2	OTHER	58	0	29	0		BLANK
2025_039.pdf	7	OTHER	92	0	46	0		BLANK
2025_036.pdf	2	IMAGE	34	0	17	1	0.6073	IMAGE
2025_036.pdf	3	IMAGE	34	0	17	1	0.6013	IMAGE
2025_036.pdf	4	IMAGE	34	0	17	1	0.5967	IMAGE
2025_036.pdf	5	IMAGE	34	0	17	1	0.6009	IMAGE
2025_036.pdf	6	IMAGE	34	0	17	1	0.6001	IMAGE
2025_036.pdf	7	IMAGE	34	0	17	1	0.5944	IMAGE
2025_036.pdf	8	IMAGE	34	0	17	1	0.6160	IMAGE
2025_036.pdf	9	IMAGE	34	0	17	1	0.5962	IMAGE
2025_036.pdf	10	IMAGE	34	0	17	1	0.6031	IMAGE
2025_036.pdf	11	IMAGE	34	0	17	1	0.5838	IMAGE
2025_036.pdf	12	IMAGE	34	0	17	1	0.5968	IMAGE
2025_036.pdf	13	IMAGE	34	0	17	1	0.5973	IMAGE
2025_036.pdf	14	IMAGE	34	0	17	1	0.5975	IMAGE
2025_036.pdf	15	IMAGE	34	0	17	1	0.5965	IMAGE
2025_036.pdf	16	IMAGE	34	0	17	1	0.5882	IMAGE
2025_036.pdf	17	IMAGE	34	0	17	1	0.5950	IMAGE
2025_036.pdf	18	IMAGE	34	0	17	1	0.5953	IMAGE
2025_036.pdf	19	IMAGE	34	0	17	1	0.5968	IMAGE
2025_036.pdf	20	IMAGE	34	0	17	1	0.5823	IMAGE
2025_036.pdf	21	IMAGE	34	0	17	1	0.5838	IMAGE
2025_036.pdf	22	IMAGE	34	0	17	1	0.5945	IMAGE
2025_036.pdf	23	IMAGE	34	0	17	1	0.5846	IMAGE
2025_036.pdf	24	IMAGE	34	0	17	1	0.5907	IMAGE
2025_036.pdf	25	IMAGE	34	0	17	1	0.5960	IMAGE
2025_036.pdf	26	IMAGE	34	0	17	1	0.5950	IMAGE
2025_034.pdf	26	OTHER	94	0	47	0		BLANK
2025_028.pdf	3	OTHER	94	0	47	0		BLANK
2025_023.pdf	2	IMAGE	68	0	34	1	0.2688	IMAGE
2025_019.pdf	2	OTHER	148	0	74	0		BLANK
2025_009.pdf	2	OTHER	104	0	52	0		BLANK
2025_001.pdf	2	OTHER	92	0	46	0		BLANK
2024_155.pdf	8	OTHER	72	0	36	0		BLANK
2024_154.pdf	2	IMAGE	84	0	42	1	0.5803	IMAGE
2024_154.pdf	3	IMAGE	84	0	42	1	0.5803	IMAGE
2024_154.pdf	4	IMAGE	84	0	42	1	0.5803	IMAGE
2024_154.pdf	5	IMAGE	84	0	42	1	0.5803	IMAGE
2024_154.pdf	6	IMAGE	84	0	42	1	0.5803	IMAGE
2024_154.pdf	7	IMAGE	84	0	42	1	0.5803	IMAGE
2024_154.pdf	8	IMAGE	80	0	40	1	0.5803	IMAGE
2024_151.pdf	2	BLANK	48	0	24	0		BLANK
2024_150.pdf	4	OTHER	120	0	60	0		BLANK
2024_145.pdf	2	OTHER	164	0	82	0		BLANK
2024_133.pdf	3	OTHER	154	84	35	0		OTHER
2024_125.pdf	2	BLANK	0	0	0	0		BLANK
2024_118.pdf	7	BLANK	0	0	0	0		BLANK
2024_117.pdf	2	BLANK	0	0	0	0		BLANK
2024_103.pdf	2	IMAGE	32	0	16	1	0.5792	IMAGE
2024_103.pdf	3	IMAGE	32	0	16	1	0.5792	IMAGE
2024_103.pdf	4	IMAGE	32	0	16	1	0.5792	IMAGE
2024_103.pdf	5	IMAGE	32	0	16	1	0.5792	IMAGE
2024_103.pdf	6	IMAGE	32	0	16	1	0.5792	IMAGE
2024_103.pdf	7	IMAGE	32	0	16	1	0.5792	IMAGE
2024_103.pdf	8	IMAGE	32	0	16	1	0.5792	IMAGE
2024_103.pdf	9	IMAGE	32	0	16	1	0.5792	IMAGE
2024_103.pdf	10	IMAGE	32	0	16	1	0.5792	IMAGE
2024_103.pdf	11	IMAGE	32	0	16	1	0.5792	IMAGE
2024_103.pdf	12	IMAGE	32	0	16	1	0.5792	IMAGE
2024_103.pdf	13	IMAGE	32	0	16	1	0.5792	IMAGE
2024_103.pdf	14	IMAGE	32	0	16	1	0.5792	IMAGE
2024_103.pdf	15	IMAGE	32	0	16	1	0.2893	IMAGE
2024_103.pdf	16	IMAGE	32	0	16	1	0.5792	IMAGE
2024_103.pdf	17	IMAGE	32	0	16	1	0.5792	IMAGE
2024_103.pdf	18	IMAGE	32	0	16	1	0.5792	IMAGE
2024_103.pdf	19	IMAGE	32	0	16	1	0.5792	IMAGE
2024_103.pdf	20	IMAGE	32	0	16	1	0.5792	IMAGE
2024_103.pdf	21	IMAGE	32	0	16	1	0.5792	IMAGE
2024_103.pdf	22	IMAGE	32	0	16	1	0.5792	IMAGE
2024_103.pdf	23	IMAGE	32	0	16	1	0.5792	IMAGE
2024_103.pdf	24	IMAGE	32	0	16	1	0.5792	IMAGE
2024_103.pdf	25	IMAGE	32	0	16	1	0.5792	IMAGE
2024_103.pdf	26	IMAGE	32	0	16	1	0.2893	IMAGE
2024_103.pdf	27	IMAGE	32	0	16	1	0.5792	IMAGE
2024_103.pdf	28	IMAGE	32	0	16	1	0.5792	IMAGE
2024_103.pdf	29	IMAGE	32	0	16	1	0.5792	IMAGE
2024_103.pdf	30	IMAGE	32	0	16	1	0.5792	IMAGE
2024_103.pdf	31	IMAGE	32	0	16	1	0.5792	IMAGE
2024_103.pdf	32	IMAGE	32	0	16	1	0.5792	IMAGE
2024_103.pdf	33	IMAGE	32	0	16	1	0.5792	IMAGE
2024_103.pdf	34	IMAGE	32	0	16	1	0.5792	IMAGE
2024_103.pdf	35	IMAGE	32	0	16	1	0.5792	IMAGE
2024_103.pdf	36	IMAGE	34	0	17	1	0.2893	IMAGE
2024_101.pdf	2	IMAGE	36	0	18	1	0.5791	IMAGE
2024_101.pdf	3	IMAGE	36	0	18	1	0.5791	IMAGE
2024_101.pdf	4	IMAGE	36	0	18	1	0.5791	IMAGE
2024_101.pdf	5	IMAGE	36	0	18	1	0.5791	IMAGE
2024_101.pdf	6	IMAGE	38	0	19	1	0.5791	IMAGE
2024_097.pdf	2	OTHER	160	0	80	1	0.2048	OTHER
2024_095.pdf	2	OTHER	92	0	46	0		BLANK
2024_087.pdf	2	OTHER	104	0	52	0		BLANK
2024_076.pdf	2	IMAGE	42	0	21	1	0.5805	IMAGE
2024_076.pdf	3	IMAGE	42	0	21	1	0.5805	IMAGE
2024_076.pdf	4	IMAGE	42	0	21	1	0.5805	IMAGE
2024_076.pdf	5	IMAGE	42	0	21	1	0.5805	IMAGE
2024_076.pdf	6	IMAGE	42	0	21	1	0.5805	IMAGE
2024_076.pdf	7	IMAGE	42	0	21	1	0.5805	IMAGE
2024_076.pdf	8	IMAGE	38	0	19	1	0.5805	IMAGE
2024_074.pdf	3	OTHER	64	0	32	0		BLANK
2024_059.pdf	4	OTHER	150	0	75	0		BLANK
2024_055.pdf	15	OTHER	66	0	33	0		BLANK
2024_054.pdf	17	OTHER	70	0	35	0		BLANK
2024_043.pdf	2	IMAGE	44	0	22	1	0.4295	IMAGE
2024_043.pdf	3	IMAGE	72	0	36	1	0.4272	IMAGE
2024_039.pdf	2	IMAGE	62	0	31	1	0.4295	IMAGE
2024_039.pdf	3	IMAGE	108	0	54	1	0.4272	IMAGE
2024_017.pdf	41	OTHER	68	0	34	0		BLANK
2024_016.pdf	2	OTHER	54	0	27	0		BLANK
2023_129.pdf	2	OTHER	56	0	28	0		BLANK
2023_116.pdf	4	OTHER	70	0	35	0		BLANK
2023_109.pdf	2	IMAGE	42	0	21	1	0.6203	IMAGE
2023_109.pdf	3	IMAGE	42	0	21	1	0.6162	IMAGE
2023_109.pdf	4	IMAGE	42	0	21	1	0.6183	IMAGE
2023_109.pdf	5	IMAGE	42	0	21	1	0.6169	IMAGE
2023_109.pdf	6	IMAGE	42	0	21	1	0.6183	IMAGE
2023_109.pdf	7	IMAGE	42	0	21	1	0.6142	IMAGE
2023_109.pdf	8	IMAGE	38	0	19	1	0.6400	IMAGE
2023_106.pdf	8	IMAGE	38	0	19	1	0.6892	IMAGE
2023_106.pdf	9	IMAGE	42	0	21	1	0.6624	IMAGE
2023_106.pdf	10	IMAGE	42	0	21	1	0.6541	IMAGE
2023_106.pdf	11	IMAGE	42	0	21	1	0.6571	IMAGE
2023_106.pdf	12	IMAGE	42	0	21	1	0.6556	IMAGE
2023_106.pdf	13	IMAGE	38	0	19	1	0.6832	IMAGE
2023_103.pdf	5	OTHER	64	0	32	0		BLANK
2023_101.pdf	2	OTHER	68	0	34	0		BLANK
2023_098.pdf	3	OTHER	68	0	34	0		BLANK
2023_095.pdf	3	IMAGE	34	0	17	1	0.5624	IMAGE
2023_094.pdf	2	OTHER	58	0	29	0		BLANK
2023_070.pdf	3	OTHER	54	0	27	0		BLANK
2023_065.pdf	7	IMAGE	42	0	21	1	0.5802	IMAGE
2023_065.pdf	8	IMAGE	42	0	21	1	0.6806	IMAGE
2023_065.pdf	9	IMAGE	46	0	23	1	0.5802	IMAGE
2023_065.pdf	10	IMAGE	46	0	23	1	0.5802	IMAGE
2023_065.pdf	11	IMAGE	46	0	23	1	0.5802	IMAGE
2023_065.pdf	12	IMAGE	42	0	21	1	0.5802	IMAGE
2023_064.pdf	4	OTHER	60	0	30	0		BLANK
2023_049.pdf	2	OTHER	54	0	27	0		BLANK
2023_047.pdf	2	OTHER	58	0	29	0		BLANK
2023_042.pdf	2	IMAGE	48	0	24	1	0.6210	IMAGE
2023_042.pdf	3	IMAGE	48	0	24	1	0.6169	IMAGE
2023_042.pdf	4	IMAGE	48	0	24	1	0.6142	IMAGE
2023_042.pdf	5	IMAGE	48	0	24	1	0.6230	IMAGE
2023_042.pdf	6	IMAGE	48	0	24	1	0.6203	IMAGE
2023_042.pdf	7	IMAGE	48	0	24	1	0.6088	IMAGE
2023_042.pdf	8	IMAGE	44	0	22	1	0.6346	IMAGE
2023_037.pdf	3	IMAGE	51	3	24	1	0.5949	IMAGE
2023_026.pdf	2	OTHER	60	0	30	0		BLANK
2023_022.pdf	2	IMAGE	46	0	23	1	0.6169	IMAGE
2023_022.pdf	3	IMAGE	46	0	23	1	0.6135	IMAGE
2023_022.pdf	4	IMAGE	46	0	23	1	0.6155	IMAGE
2023_022.pdf	5	IMAGE	46	0	23	1	0.6155	IMAGE
2023_022.pdf	6	IMAGE	46	0	23	1	0.6149	IMAGE
2023_022.pdf	7	IMAGE	46	0	23	1	0.6142	IMAGE
2023_022.pdf	8	IMAGE	46	0	23	1	0.6176	IMAGE
2023_022.pdf	9	IMAGE	46	0	23	1	0.6217	IMAGE
2023_022.pdf	10	IMAGE	46	0	23	1	0.6183	IMAGE
2023_022.pdf	11	IMAGE	46	0	23	1	0.6168	IMAGE
2023_022.pdf	12	IMAGE	46	0	23	1	0.6162	IMAGE
2023_022.pdf	13	IMAGE	42	0	21	1	0.6461	IMAGE
2023_016.pdf	2	OTHER	66	0	33	0		BLANK
2022_162.pdf	2	OTHER	50	0	25	0		BLANK
2022_162.pdf	3	IMAGE	38	0	19	1	0.5398	IMAGE
2022_153.pdf	2	OTHER	50	0	25	0		BLANK
2022_152.pdf	7	OTHER	62	0	31	0		BLANK
2022_148.pdf	2	OTHER	54	0	27	0		BLANK
2022_147.pdf	2	IMAGE	46	2	22	1	0.6102	IMAGE
2022_147.pdf	3	OTHER	58	0	29	0		BLANK
2022_146.pdf	4	IMAGE	44	0	22	1	0.5475	IMAGE
2022_146.pdf	5	IMAGE	38	0	19	1	0.5286	IMAGE
2022_145.pdf	3	OTHER	64	0	32	0		BLANK
2022_145.pdf	4	IMAGE	38	0	19	1	0.6104	IMAGE
2022_145.pdf	5	IMAGE	40	0	20	1	0.2538	IMAGE
2022_141.pdf	5	OTHER	62	0	31	0		BLANK
2022_134.pdf	4	OTHER	54	0	27	0		BLANK
2022_133.pdf	2	IMAGE	38	0	19	1	0.5802	IMAGE
2022_133.pdf	3	IMAGE	38	0	19	1	0.5802	IMAGE
2022_133.pdf	4	IMAGE	38	0	19	1	0.5802	IMAGE
2022_133.pdf	5	IMAGE	38	0	19	1	0.5802	IMAGE
2022_133.pdf	6	IMAGE	38	0	19	1	0.5802	IMAGE
2022_133.pdf	7	IMAGE	34	0	17	1	0.5624	IMAGE
2022_132.pdf	3	OTHER	54	0	27	0		BLANK
2022_131.pdf	8	OTHER	54	0	27	0		BLANK
2022_117.pdf	3	OTHER	52	0	26	0		BLANK
2022_114.pdf	2	IMAGE	42	0	21	1	0.6183	IMAGE
2022_114.pdf	3	IMAGE	42	0	21	1	0.6169	IMAGE
2022_114.pdf	4	IMAGE	42	0	21	1	0.6176	IMAGE
2022_114.pdf	5	IMAGE	42	0	21	1	0.6196	IMAGE
2022_114.pdf	6	IMAGE	38	0	19	1	0.6427	IMAGE
2022_113.pdf	6	OTHER	50	0	25	0		BLANK
2022_109.pdf	2	OTHER	58	0	29	0		BLANK
2022_108.pdf	2	OTHER	64	0	32	0		BLANK
2022_107.pdf	3	OTHER	62	0	31	0		BLANK
2022_104.pdf	7	IMAGE	42	0	21	1	0.3581	IMAGE
2022_104.pdf	8	IMAGE	40	0	20	1	0.5848	IMAGE
2022_104.pdf	9	IMAGE	40	0	20	1	0.5739	IMAGE
2022_104.pdf	10	IMAGE	38	0	19	1	0.5958	IMAGE
2022_104.pdf	11	IMAGE	38	0	19	1	0.5566	IMAGE
2022_104.pdf	12	IMAGE	38	0	19	1	0.5572	IMAGE
2022_104.pdf	13	OTHER	42	0	21	1	0.1817	OTHER
2022_104.pdf	14	IMAGE	44	0	22	1	0.5975	IMAGE
2022_104.pdf	15	IMAGE	38	0	19	1	0.6301	IMAGE
2022_104.pdf	16	IMAGE	36	0	18	1	0.6333	IMAGE
2022_104.pdf	17	IMAGE	36	0	18	1	0.6065	IMAGE
2022_104.pdf	18	IMAGE	38	0	19	1	0.6400	IMAGE
2022_104.pdf	20	IMAGE	40	0	20	1	0.6220	IMAGE
2022_104.pdf	21	IMAGE	38	0	19	1	0.6652	IMAGE
2022_104.pdf	22	IMAGE	38	0	19	1	0.6434	IMAGE
2022_104.pdf	23	IMAGE	38	0	19	1	0.6378	IMAGE
2022_104.pdf	24	IMAGE	38	0	19	1	0.6307	IMAGE
2022_104.pdf	25	IMAGE	38	0	19	1	0.6591	IMAGE
2022_104.pdf	27	IMAGE	38	0	19	1	0.6611	IMAGE
2022_104.pdf	28	IMAGE	38	0	19	1	0.6422	IMAGE
2022_104.pdf	29	IMAGE	38	0	19	1	0.6555	IMAGE
2022_104.pdf	30	IMAGE	38	0	19	1	0.6688	IMAGE
2022_104.pdf	31	IMAGE	38	0	19	1	0.6465	IMAGE
2022_092.pdf	13	IMAGE	2	0	1	1	0.4972	IMAGE
2022_084.pdf	3	IMAGE	38	0	19	1	0.2886	IMAGE
2022_075.pdf	3	OTHER	58	0	29	0		BLANK
2022_074.pdf	2	OTHER	54	0	27	0		BLANK
2022_052.pdf	2	BLANK	0	0	0	0		BLANK
2022_046.pdf	2	OTHER	72	0	36	0		BLANK
2022_045.pdf	2	IMAGE	42	0	21	1	0.6224	IMAGE
2022_045.pdf	3	IMAGE	42	0	21	1	0.6094	IMAGE
2022_045.pdf	4	IMAGE	42	0	21	1	0.6189	IMAGE
2022_045.pdf	5	IMAGE	42	0	21	1	0.6203	IMAGE
2022_045.pdf	6	IMAGE	42	0	21	1	0.6162	IMAGE
2022_045.pdf	7	IMAGE	42	0	21	1	0.6216	IMAGE
2022_045.pdf	8	IMAGE	42	0	21	1	0.6203	IMAGE
2022_045.pdf	9	IMAGE	42	0	21	1	0.6223	IMAGE
2022_045.pdf	10	IMAGE	42	0	21	1	0.6169	IMAGE
2022_045.pdf	11	IMAGE	42	0	21	1	0.6203	IMAGE
2022_045.pdf	12	IMAGE	42	0	21	1	0.6223	IMAGE
2022_045.pdf	13	IMAGE	42	0	21	1	0.6182	IMAGE
2022_045.pdf	14	IMAGE	38	0	19	1	0.6379	IMAGE
2022_040.pdf	2	IMAGE	38	0	19	1	0.6189	IMAGE
2022_040.pdf	3	IMAGE	38	0	19	1	0.6128	IMAGE
2022_040.pdf	4	IMAGE	38	0	19	1	0.6156	IMAGE
2022_040.pdf	5	IMAGE	38	0	19	1	0.6210	IMAGE
2022_040.pdf	6	IMAGE	38	0	19	1	0.6203	IMAGE
2022_040.pdf	7	IMAGE	38	0	19	1	0.6190	IMAGE
2022_040.pdf	8	IMAGE	38	0	19	1	0.6176	IMAGE
2022_040.pdf	9	IMAGE	38	0	19	1	0.6196	IMAGE
2022_040.pdf	10	IMAGE	38	0	19	1	0.6203	IMAGE
2022_040.pdf	11	IMAGE	38	0	19	1	0.6190	IMAGE
2022_040.pdf	12	IMAGE	40	0	20	1	0.6210	IMAGE
2022_040.pdf	13	IMAGE	38	0	19	1	0.6135	IMAGE
2022_040.pdf	14	IMAGE	38	0	19	1	0.6183	IMAGE
2022_040.pdf	15	IMAGE	34	0	17	1	0.6298	IMAGE
2022_025.pdf	2	OTHER	54	0	27	0		BLANK
2022_018.pdf	2	BLANK	0	0	0	0		BLANK
2022_016.pdf	2	BLANK	0	0	0	0		BLANK
2022_004.pdf	3	BLANK	0	0	0	0		BLANK
2021_153.pdf	2	IMAGE	38	0	19	1	0.6142	IMAGE
2021_153.pdf	3	IMAGE	38	0	19	1	0.6095	IMAGE
2021_153.pdf	4	IMAGE	38	0	19	1	0.6162	IMAGE
2021_153.pdf	5	IMAGE	38	0	19	1	0.6224	IMAGE
2021_153.pdf	6	IMAGE	34	0	17	1	0.5625	IMAGE
2021_152.pdf	2	OTHER	54	0	27	0		BLANK
2021_143.pdf	16	OTHER	60	0	30	0		BLANK
2021_142.pdf	16	OTHER	60	0	30	0		BLANK
2021_141.pdf	3	OTHER	50	0	25	0		BLANK
2021_138.pdf	3	OTHER	50	0	25	0		BLANK
2021_134.pdf	2	IMAGE	44	0	22	1	0.6176	IMAGE
2021_134.pdf	3	IMAGE	44	0	22	1	0.6040	IMAGE
2021_134.pdf	4	IMAGE	44	0	22	1	0.5891	IMAGE
2021_134.pdf	5	IMAGE	44	0	22	1	0.5938	IMAGE
2021_134.pdf	6	IMAGE	44	0	22	1	0.5510	IMAGE
2021_134.pdf	7	IMAGE	44	0	22	1	0.6209	IMAGE
2021_134.pdf	8	IMAGE	44	0	22	1	0.5924	IMAGE
2021_134.pdf	9	IMAGE	44	0	22	1	0.6203	IMAGE
2021_134.pdf	10	IMAGE	44	0	22	1	0.5979	IMAGE
2021_134.pdf	11	IMAGE	44	0	22	1	0.6127	IMAGE
2021_134.pdf	12	IMAGE	42	0	21	1	0.2983	IMAGE
2021_133.pdf	5	IMAGE	40	0	20	1	0.5623	IMAGE
2021_132.pdf	6	OTHER	78	0	39	0		BLANK
2021_128.pdf	3	OTHER	56	0	28	0		BLANK
2021_125.pdf	3	IMAGE	42	0	21	1	0.3541	IMAGE
2021_110.pdf	4	OTHER	60	0	30	0		BLANK
2021_096.pdf	2	OTHER	70	0	35	0		BLANK
2021_085.pdf	3	OTHER	56	0	28	0		BLANK
2021_082.pdf	10	OTHER	58	0	29	0		BLANK
2021_067.pdf	2	OTHER	58	0	29	0		BLANK
2021_058.pdf	4	OTHER	60	0	30	0		BLANK
2021_048.pdf	2	IMAGE	38	0	19	1	0.5802	IMAGE
2021_048.pdf	3	IMAGE	38	0	19	1	0.5802	IMAGE
2021_048.pdf	4	IMAGE	38	0	19	1	0.5802	IMAGE
2021_048.pdf	5	IMAGE	38	0	19	1	0.5802	IMAGE
2021_048.pdf	6	IMAGE	38	0	19	1	0.5802	IMAGE
2021_048.pdf	7	IMAGE	38	0	19	1	0.5802	IMAGE
2021_048.pdf	8	IMAGE	38	0	19	1	0.5802	IMAGE
2021_048.pdf	9	IMAGE	38	0	19	1	0.5802	IMAGE
2021_048.pdf	10	IMAGE	38	0	19	1	0.5802	IMAGE
2021_048.pdf	11	IMAGE	38	0	19	1	0.5802	IMAGE
2021_048.pdf	12	IMAGE	38	0	19	1	0.5802	IMAGE
2021_048.pdf	13	IMAGE	38	0	19	1	0.5802	IMAGE
2021_048.pdf	14	IMAGE	38	0	19	1	0.5802	IMAGE
2021_048.pdf	15	IMAGE	38	0	19	1	0.5802	IMAGE
2021_048.pdf	16	IMAGE	38	0	19	1	0.5802	IMAGE
2021_048.pdf	17	IMAGE	38	0	19	1	0.5802	IMAGE
2021_048.pdf	18	IMAGE	38	0	19	1	0.5802	IMAGE
2021_048.pdf	19	IMAGE	40	0	20	1	0.5802	IMAGE
2021_048.pdf	20	IMAGE	38	0	19	1	0.5802	IMAGE
2021_048.pdf	21	IMAGE	38	0	19	1	0.5802	IMAGE
2021_048.pdf	22	IMAGE	38	0	19	1	0.5802	IMAGE
2021_048.pdf	23	IMAGE	38	0	19	1	0.5802	IMAGE
2021_048.pdf	24	IMAGE	38	0	19	1	0.5802	IMAGE
2021_048.pdf	25	IMAGE	38	0	19	1	0.5802	IMAGE
2021_048.pdf	26	IMAGE	38	0	19	1	0.5802	IMAGE
2021_048.pdf	27	IMAGE	38	0	19	1	0.5802	IMAGE
2021_048.pdf	28	IMAGE	38	0	19	1	0.5802	IMAGE
2021_048.pdf	29	IMAGE	38	0	19	1	0.5802	IMAGE
2021_048.pdf	30	IMAGE	38	0	19	1	0.5802	IMAGE
2021_048.pdf	31	IMAGE	38	0	19	1	0.5802	IMAGE
2021_048.pdf	32	IMAGE	38	0	19	1	0.5802	IMAGE
2021_048.pdf	33	IMAGE	38	0	19	1	0.5802	IMAGE
2021_048.pdf	34	IMAGE	38	0	19	1	0.5802	IMAGE
2021_048.pdf	35	IMAGE	38	0	19	1	0.5802	IMAGE
2021_048.pdf	36	IMAGE	38	0	19	1	0.5802	IMAGE
2021_048.pdf	37	IMAGE	38	0	19	1	0.5802	IMAGE
2021_048.pdf	38	IMAGE	38	0	19	1	0.5802	IMAGE
2021_048.pdf	39	IMAGE	38	0	19	1	0.5802	IMAGE
2021_048.pdf	40	IMAGE	38	0	19	1	0.5802	IMAGE
2021_048.pdf	41	IMAGE	38	0	19	1	0.5802	IMAGE
2021_048.pdf	42	IMAGE	38	0	19	1	0.5802	IMAGE
2021_048.pdf	43	IMAGE	38	0	19	1	0.5802	IMAGE
2021_048.pdf	44	IMAGE	38	0	19	1	0.5802	IMAGE
2021_048.pdf	45	IMAGE	38	0	19	1	0.5802	IMAGE
2021_048.pdf	46	IMAGE	38	0	19	1	0.5802	IMAGE
2021_048.pdf	47	IMAGE	38	0	19	1	0.5802	IMAGE
2021_048.pdf	48	IMAGE	38	0	19	1	0.5802	IMAGE
2021_048.pdf	49	IMAGE	38	0	19	1	0.5802	IMAGE
2021_048.pdf	50	IMAGE	38	0	19	1	0.5802	IMAGE
2021_048.pdf	51	IMAGE	38	0	19	1	0.5802	IMAGE
2021_048.pdf	52	IMAGE	38	0	19	1	0.5802	IMAGE
2021_048.pdf	53	IMAGE	38	0	19	1	0.5802	IMAGE
2021_048.pdf	54	IMAGE	38	0	19	1	0.5802	IMAGE
2021_048.pdf	55	IMAGE	38	0	19	1	0.5802	IMAGE
2021_048.pdf	56	IMAGE	38	0	19	1	0.5802	IMAGE
2021_048.pdf	57	IMAGE	38	0	19	1	0.5802	IMAGE
2021_048.pdf	58	IMAGE	38	0	19	1	0.5802	IMAGE
2021_048.pdf	59	IMAGE	38	0	19	1	0.5802	IMAGE
2021_048.pdf	60	IMAGE	38	0	19	1	0.5802	IMAGE
2021_048.pdf	61	IMAGE	38	0	19	1	0.5802	IMAGE
2021_048.pdf	62	IMAGE	38	0	19	1	0.5802	IMAGE
2021_048.pdf	63	IMAGE	38	0	19	1	0.5802	IMAGE
2021_048.pdf	64	IMAGE	38	0	19	1	0.5802	IMAGE
2021_048.pdf	65	IMAGE	38	0	19	1	0.5802	IMAGE
2021_048.pdf	66	IMAGE	38	0	19	1	0.5802	IMAGE
2021_048.pdf	67	IMAGE	38	0	19	1	0.5802	IMAGE
2021_048.pdf	68	IMAGE	34	0	17	1	0.5802	IMAGE
2021_045.pdf	2	OTHER	491	183	154	181	0.0159	OTHER
2021_029.pdf	2	OTHER	54	0	27	0		BLANK
2021_029.pdf	12	IMAGE	54	0	27	1	0.4049	IMAGE
2021_029.pdf	13	IMAGE	51	0	23	1	0.4007	IMAGE
2021_029.pdf	14	IMAGE	49	0	22	1	0.4007	IMAGE
2021_029.pdf	26	IMAGE	58	0	29	1	0.3965	IMAGE
2021_029.pdf	27	IMAGE	42	0	21	1	0.4025	IMAGE
2021_027.pdf	4	BLANK	0	0	0	0		BLANK
2021_021.pdf	6	BLANK	0	0	0	0		BLANK
2020_175.pdf	3	BLANK	0	0	0	0		BLANK
2020_175.pdf	4	IMAGE	2	0	1	1	0.4058	IMAGE
2020_175.pdf	5	IMAGE	2	0	1	1	0.3858	IMAGE
2020_171.pdf	2	BLANK	0	0	0	0		BLANK
2020_170.pdf	2	IMAGE	2	0	1	1	0.5802	IMAGE
2020_170.pdf	3	IMAGE	2	0	1	1	0.5802	IMAGE
2020_170.pdf	4	IMAGE	2	0	1	1	0.5802	IMAGE
2020_170.pdf	5	IMAGE	2	0	1	1	0.5802	IMAGE
2020_162.pdf	3	BLANK	0	0	0	0		BLANK
2020_160.pdf	8	IMAGE	2	0	1	1	0.5351	IMAGE
2020_145.pdf	2	IMAGE	2	0	1	1	0.5802	IMAGE
2020_145.pdf	3	IMAGE	2	0	1	1	0.5802	IMAGE
2020_145.pdf	4	IMAGE	2	0	1	1	0.5802	IMAGE
2020_145.pdf	5	IMAGE	2	0	1	1	0.5802	IMAGE
2020_139.pdf	16	BLANK	0	0	0	0		BLANK
2020_123.pdf	2	BLANK	0	0	0	0		BLANK
2020_118.pdf	2	BLANK	0	0	0	0		BLANK
2020_115.pdf	7	BLANK	0	0	0	0		BLANK
2020_108.pdf	8	IMAGE	2	0	1	1	0.5795	IMAGE
2020_108.pdf	9	IMAGE	2	0	1	1	0.5795	IMAGE
2020_108.pdf	10	IMAGE	2	0	1	1	0.5795	IMAGE
2020_108.pdf	11	IMAGE	2	0	1	1	0.5795	IMAGE
2020_108.pdf	12	IMAGE	2	0	1	1	0.5795	IMAGE
2020_108.pdf	13	IMAGE	2	0	1	1	0.5795	IMAGE
2020_108.pdf	14	IMAGE	2	0	1	1	0.5795	IMAGE
2020_108.pdf	15	IMAGE	2	0	1	1	0.5795	IMAGE
2020_108.pdf	16	IMAGE	2	0	1	1	0.5795	IMAGE
2020_108.pdf	17	IMAGE	2	0	1	1	0.5795	IMAGE
2020_108.pdf	18	IMAGE	2	0	1	1	0.5795	IMAGE
2020_108.pdf	19	IMAGE	2	0	1	1	0.5795	IMAGE
2020_108.pdf	20	IMAGE	2	0	1	1	0.5795	IMAGE
2020_108.pdf	21	IMAGE	2	0	1	1	0.5795	IMAGE
2020_108.pdf	22	IMAGE	2	0	1	1	0.5795	IMAGE
2020_108.pdf	23	IMAGE	2	0	1	1	0.5795	IMAGE
2020_108.pdf	24	IMAGE	2	0	1	1	0.5795	IMAGE
2020_108.pdf	25	IMAGE	2	0	1	1	0.5795	IMAGE
2020_108.pdf	26	IMAGE	2	0	1	1	0.5795	IMAGE
2020_108.pdf	27	IMAGE	2	0	1	1	0.5795	IMAGE
2020_108.pdf	28	IMAGE	2	0	1	1	0.5795	IMAGE
2020_108.pdf	29	IMAGE	2	0	1	1	0.5795	IMAGE
2020_108.pdf	30	IMAGE	2	0	1	1	0.5795	IMAGE
2020_108.pdf	31	IMAGE	2	0	1	1	0.5795	IMAGE
2020_108.pdf	32	IMAGE	2	0	1	1	0.5795	IMAGE
2020_108.pdf	33	IMAGE	2	0	1	1	0.5795	IMAGE
2020_108.pdf	34	IMAGE	2	0	1	1	0.5795	IMAGE
2020_108.pdf	35	IMAGE	2	0	1	1	0.5795	IMAGE
2020_108.pdf	36	IMAGE	2	0	1	1	0.5795	IMAGE
2020_108.pdf	37	IMAGE	2	0	1	1	0.5795	IMAGE
2020_108.pdf	38	IMAGE	2	0	1	1	0.5795	IMAGE
2020_108.pdf	39	IMAGE	2	0	1	1	0.5795	IMAGE
2020_108.pdf	40	IMAGE	2	0	1	1	0.5795	IMAGE
2020_108.pdf	41	IMAGE	2	0	1	1	0.5795	IMAGE
2020_108.pdf	42	IMAGE	2	0	1	1	0.5795	IMAGE
2020_108.pdf	43	IMAGE	2	0	1	1	0.5795	IMAGE
2020_108.pdf	44	IMAGE	2	0	1	1	0.5795	IMAGE
2020_108.pdf	45	IMAGE	2	0	1	1	0.5795	IMAGE
2020_108.pdf	46	IMAGE	2	0	1	1	0.5795	IMAGE
2020_108.pdf	47	IMAGE	2	0	1	1	0.5795	IMAGE
2020_108.pdf	48	IMAGE	2	0	1	1	0.5795	IMAGE
2020_108.pdf	49	IMAGE	2	0	1	1	0.5795	IMAGE
2020_108.pdf	50	IMAGE	2	0	1	1	0.5795	IMAGE
2020_108.pdf	51	IMAGE	2	0	1	1	0.5795	IMAGE
2020_108.pdf	52	IMAGE	2	0	1	1	0.5795	IMAGE
2020_108.pdf	53	IMAGE	2	0	1	1	0.5795	IMAGE
2020_108.pdf	54	IMAGE	2	0	1	1	0.5795	IMAGE
2020_108.pdf	55	IMAGE	2	0	1	1	0.5795	IMAGE
2020_108.pdf	56	IMAGE	2	0	1	1	0.5795	IMAGE
2020_108.pdf	57	IMAGE	2	0	1	1	0.5795	IMAGE
2020_108.pdf	58	IMAGE	2	0	1	1	0.5795	IMAGE
2020_108.pdf	59	IMAGE	2	0	1	1	0.5795	IMAGE
2020_108.pdf	60	IMAGE	2	0	1	1	0.5795	IMAGE
2020_108.pdf	61	IMAGE	2	0	1	1	0.5795	IMAGE
2020_108.pdf	62	IMAGE	2	0	1	1	0.5795	IMAGE
2020_108.pdf	63	IMAGE	2	0	1	1	0.5795	IMAGE
2020_108.pdf	64	IMAGE	2	0	1	1	0.5795	IMAGE
2020_108.pdf	65	IMAGE	2	0	1	1	0.5795	IMAGE
2020_108.pdf	66	IMAGE	2	0	1	1	0.5795	IMAGE
2020_108.pdf	67	IMAGE	2	0	1	1	0.5795	IMAGE
2020_108.pdf	68	IMAGE	2	0	1	1	0.5795	IMAGE
2020_108.pdf	69	IMAGE	2	0	1	1	0.5795	IMAGE
2020_108.pdf	70	IMAGE	2	0	1	1	0.5795	IMAGE
2020_108.pdf	71	IMAGE	2	0	1	1	0.5795	IMAGE
2020_108.pdf	72	IMAGE	2	0	1	1	0.5795	IMAGE
2020_108.pdf	73	IMAGE	2	0	1	1	0.5795	IMAGE
2020_108.pdf	74	IMAGE	2	0	1	1	0.5795	IMAGE
2020_108.pdf	75	IMAGE	2	0	1	1	0.5795	IMAGE
2020_108.pdf	76	IMAGE	2	0	1	1	0.5795	IMAGE
2020_108.pdf	77	IMAGE	2	0	1	1	0.5795	IMAGE
2020_108.pdf	78	IMAGE	2	0	1	1	0.5795	IMAGE
2020_108.pdf	79	IMAGE	2	0	1	1	0.5795	IMAGE
2020_108.pdf	80	IMAGE	2	0	1	1	0.5795	IMAGE
2020_108.pdf	81	IMAGE	2	0	1	1	0.5795	IMAGE
2020_108.pdf	82	IMAGE	2	0	1	1	0.5795	IMAGE
2020_108.pdf	83	IMAGE	2	0	1	1	0.5795	IMAGE
2020_108.pdf	84	IMAGE	2	0	1	1	0.5795	IMAGE
2020_108.pdf	85	IMAGE	2	0	1	1	0.5795	IMAGE
2020_108.pdf	86	IMAGE	2	0	1	1	0.5795	IMAGE
2020_108.pdf	87	IMAGE	2	0	1	1	0.5795	IMAGE
2020_108.pdf	88	IMAGE	2	0	1	1	0.5795	IMAGE
2020_108.pdf	89	IMAGE	2	0	1	1	0.5795	IMAGE
2020_108.pdf	90	IMAGE	2	0	1	1	0.5795	IMAGE
2020_108.pdf	91	IMAGE	2	0	1	1	0.5795	IMAGE
2020_108.pdf	92	IMAGE	2	0	1	1	0.5795	IMAGE
2020_108.pdf	93	IMAGE	2	0	1	1	0.5795	IMAGE
2020_108.pdf	94	IMAGE	2	0	1	1	0.5795	IMAGE
2020_108.pdf	95	IMAGE	2	0	1	1	0.5795	IMAGE
2020_108.pdf	96	IMAGE	2	0	1	1	0.5795	IMAGE
2020_108.pdf	97	IMAGE	2	0	1	1	0.5795	IMAGE
2020_108.pdf	98	IMAGE	2	0	1	1	0.5795	IMAGE
2020_108.pdf	99	IMAGE	2	0	1	1	0.5795	IMAGE
2020_108.pdf	100	IMAGE	2	0	1	1	0.5795	IMAGE
2020_108.pdf	101	IMAGE	2	0	1	1	0.5795	IMAGE
2020_108.pdf	102	IMAGE	2	0	1	1	0.5795	IMAGE
2020_108.pdf	103	IMAGE	2	0	1	1	0.5795	IMAGE
2020_108.pdf	104	IMAGE	2	0	1	1	0.5795	IMAGE
2020_108.pdf	105	IMAGE	2	0	1	1	0.5795	IMAGE
2020_108.pdf	106	IMAGE	2	0	1	1	0.5795	IMAGE
2020_108.pdf	107	IMAGE	2	0	1	1	0.5795	IMAGE
2020_108.pdf	108	IMAGE	2	0	1	1	0.5795	IMAGE
2020_108.pdf	109	IMAGE	2	0	1	1	0.5795	IMAGE
2020_108.pdf	110	IMAGE	2	0	1	1	0.5795	IMAGE
2020_108.pdf	111	IMAGE	2	0	1	1	0.5795	IMAGE
2020_108.pdf	112	IMAGE	2	0	1	1	0.5795	IMAGE
2020_104.pdf	3	BLANK	0	0	0	0		BLANK
2020_089.pdf	2	BLANK	0	0	0	0		BLANK
2020_063.pdf	2	BLANK	0	0	0	0		BLANK
2020_033.pdf	4	BLANK	0	0	0	0		BLANK
2020_023.pdf	4	BLANK	0	0	0	0		BLANK
2020_022.pdf	2	IMAGE	2	0	1	1	0.5813	IMAGE
2020_022.pdf	3	IMAGE	2	0	1	1	0.5813	IMAGE
2020_022.pdf	4	IMAGE	2	0	1	1	0.5490	IMAGE
2020_022.pdf	5	IMAGE	2	0	1	1	0.5405	IMAGE
2020_014.pdf	2	BLANK	0	0	0	0		BLANK
2020_011.pdf	2	IMAGE	2	0	1	1	0.5802	IMAGE
2020_011.pdf	3	IMAGE	2	0	1	1	0.5802	IMAGE
2020_011.pdf	4	IMAGE	2	0	1	1	0.5802	IMAGE
2020_011.pdf	5	IMAGE	2	0	1	1	0.5802	IMAGE
2020_011.pdf	6	IMAGE	2	0	1	1	0.5802	IMAGE
2020_011.pdf	7	IMAGE	2	0	1	1	0.5802	IMAGE
2020_011.pdf	8	IMAGE	2	0	1	1	0.5802	IMAGE
2020_011.pdf	9	IMAGE	2	0	1	1	0.5802	IMAGE
2020_011.pdf	10	IMAGE	2	0	1	1	0.5802	IMAGE
