class	file	page	png
BLANK	2022_004.pdf	3	BLANK_2022_004_p3.png
BLANK	2026_035.pdf	2	BLANK_2026_035_p2.png
BLANK	2026_036.pdf	2	BLANK_2026_036_p2.png
BLANK	2022_141.pdf	5	BLANK_2022_141_p5.png
BLANK	2020_139.pdf	16	BLANK_2020_139_p16.png
BLANK	2022_107.pdf	3	BLANK_2022_107_p3.png
BLANK	2024_151.pdf	2	BLANK_2024_151_p2.png
BLANK	2025_001.pdf	2	BLANK_2025_001_p2.png
BLANK	2025_089.pdf	2	BLANK_2025_089_p2.png
BLANK	2024_117.pdf	2	BLANK_2024_117_p2.png
IMAGE	2022_045.pdf	2	IMAGE_2022_045_p2.png
IMAGE	2024_103.pdf	22	IMAGE_2024_103_p22.png
IMAGE	2020_108.pdf	73	IMAGE_2020_108_p73.png
IMAGE	2023_022.pdf	13	IMAGE_2023_022_p13.png
IMAGE	2026_063.pdf	12	IMAGE_2026_063_p12.png
IMAGE	2020_108.pdf	98	IMAGE_2020_108_p98.png
IMAGE	2022_162.pdf	3	IMAGE_2022_162_p3.png
IMAGE	2021_029.pdf	14	IMAGE_2021_029_p14.png
IMAGE	2025_110.pdf	69	IMAGE_2025_110_p69.png
IMAGE	2026_063.pdf	4	IMAGE_2026_063_p4.png
OTHER	2022_104.pdf	13	OTHER_2022_104_p13.png
OTHER	2024_133.pdf	3	OTHER_2024_133_p3.png
OTHER	2021_045.pdf	2	OTHER_2021_045_p2.png
OTHER	2024_097.pdf	2	OTHER_2024_097_p2.png
