file	page	read_reason	dpi	status	unreadable_region	visible_content	finding	transcription	class	basis
2020_160.pdf	8	v1 R	150+300	partly unreadable	지도 안의 거리 이름 글자(회색 바탕의 작은 세로·가로 라벨) — 300 dpi 에서도 읽히지 않음	"""Anlage 1 - Geltungsbereich"" Karte (rot markierter Straßenzug, ""44454,85 m²""); Straßennamen winzig"	none			visual reading
2021_125.pdf	3	v1 R	150	read		"""Anlage:"" Karte Altstadt/Weser (Schlachte, Weserpromenade, Bürgermeister-Smidt-Brücke, Teerhofbrücke markiert)"	none			visual reading
2021_133.pdf	5	v1 R	150	read		"""Anlage 6"" ""Gültig ab 1. Januar 2022"" ""Amtszulagen, Stellenzulagen, Zulagen (Monatsbeträge)"" Tabelle (§§ 42–51, 70; Besoldungsordnungen A, B, R)"	none			visual reading
2022_092.pdf	13	v1 R	150+300	partly unreadable	바탕 지형도의 작은 지명·도로 라벨 — 300 dpi 에서도 읽히지 않음	"""Anlage 1 (zu § 2) – Übersichtskarte der Gebietszonen"" (Zone I, II, III); Ortsbeschriftung winzig"	none			visual reading
2022_114.pdf	2	v1 R	150	read		"""Staatsvertrag zur Änderung des Glücksspielstaatsvertrags 2021"" Präambel: Länderliste, ""schließen nachstehenden Staatsvertrag:"""	none			visual reading
2022_114.pdf	3	v1 R	150	read		"Staatsvertrag ""Artikel 1 Änderung des Glücksspielstaatsvertrags 2021"" Nr. 1 (§ 8 Abs. 1), Nr. 2 (§ 23) — Änderungen am Glücksspielstaatsvertrag"	none			visual reading
2022_114.pdf	4	v1 R	150	read		"Fortsetzung Art. 1 Nr. 2c–7 (§§ 27f, 27h, 27p, 32, 35), ""Artikel 2 Inkrafttreten (1) Dieser Staatsvertrag tritt am 1. Januar 2023 in Kraft. …"" (""einmal im Monat"" — nicht ""einmalig"")"	none			visual reading
2022_114.pdf	5	v1 R	150	read		"Unterschriften der Länder (Baden-Württemberg bis Niedersachsen), ""Für die Freie Hansestadt Bremen: Bremen, den 23. März 2022 Bovenschulte"""	none			visual reading
2022_114.pdf	6	v1 R	150	read		Unterschriften (Nordrhein-Westfalen bis Thüringen)	none			visual reading
2022_145.pdf	4	v1 R	150	read		"""Abgrenzung Innovationsbereich Ansgari Quartier Anlage 1 zu § 1"", Liegenschaftskataster 07.10.2022, Maßstab 1:1 000, Karte mit Flächenanteilen, ""Bremen, den 07.10.2022 GeoInformation Bremen …"""	none			visual reading
2022_145.pdf	5	v1 R	150	read		"""Anlage 2 (zu § 1)"" Tabelle Gemarkung/Flurstücke/Straße/Hausnummer/Teilung (lfd. Nr. 1–7)"	none			visual reading
2022_146.pdf	4	v1 R	150+300	read		"""Anlage 1 (zu § 1)"" Katasterkarte Sögestraße (rot umrandet); Flurstücksnummern winzig"	none			visual reading
2022_146.pdf	5	v1 R	150	read		"""Anlage 2 (zu §1)"" Tabelle Sögestraße (lfd. Nr. 1–38)"	none			visual reading
2022_147.pdf	2	v1 R	150	read		"""Nachtragshaushalt 2022 - Haushaltsübersicht - Zusammenstellung der Einnahmen, Ausgaben und Verpflichtungsermächtigungen"" (Einzelpläne 30–39)"	none			visual reading
2023_037.pdf	3	v1 R	150	read		"Haushaltsübersicht Einnahmen/Ausgaben (Einzelpläne 30–39), ""ggf. Abweichungen in der Summe durch Runden"""	none			visual reading
2023_065.pdf	7	v1 R	150	read		"""Anhang 1 (zu Artikel 3 Nummer 6)"" ""Anlage 6"" ""Gültig ab xx. 2023"" ""Amtszulagen, Stellenzulagen, Zulagen (Monatsbeträge in Euro)"" Tabelle"	none			visual reading
2023_065.pdf	8	v1 R	150	read		"""Anhang 2 zu Artikel 4 des Gesetzes zur Änderung dienstrechtlicher Vorschriften"" Studiengänge-Tabelle (Bildung)"	none			visual reading
2023_065.pdf	9	v1 R	150	read		Anhang 2 Fortsetzung (Bildung, Gesundheits- und soziale Dienste)	none			visual reading
2023_065.pdf	10	v1 R	150	read		Anhang 2 Fortsetzung (Gesundheits- und soziale Dienste, Agrar, Technische Dienste/Nautik)	none			visual reading
2023_065.pdf	11	v1 R	150	read		Anhang 2 Fortsetzung (Technische, Wissenschaftliche, Allgemeine Dienste)	none			visual reading
2023_065.pdf	12	v1 R	150	read		Anhang 2 Fortsetzung (Allgemeine Dienste 2)	none			visual reading
2023_095.pdf	3	v1 R	150+300	read		"""Anlage zu § 1 Gesetz über das Verbot des Konsums von Betäubungsmitteln und Alkohol am Hauptbahnhof Bremen"" Karte, ""Haltestellen einschließlich Ersatzhaltestellen: 1. Hauptbahnhof … 6. Blumenthalstraße"", ""© GeoBasis-DE / Landesamt Geoinformation Bremen [2023]""; Kartenbeschriftung klein"	none			visual reading
2023_106.pdf	8	v1 R	150	read		"""Anlage (zu § 2 Absatz 1) Dienstliche Beurteilung"" Formular S. 1 (Name … Art der Beurteilung, ""Wichtiger Hinweis"")"	none			visual reading
2023_106.pdf	9	v1 R	150	read		Formular S. 2: 1. Fachkenntnisse, 2. Entschlusskraft und Initiative, 3. Auffassungsgabe und Urteilsvermögen	none			visual reading
2023_106.pdf	10	v1 R	150	read		Formular S. 3: 4. Ausdrucksfähigkeit, 5. Arbeitssorgfalt und Arbeitshaltung	none			visual reading
2023_106.pdf	11	v1 R	150	read		Formular S. 4: 6. Arbeitsorganisation, 7. Belastbarkeit, 8. Verhandlungsgeschick	none			visual reading
2023_106.pdf	12	v1 R	150	read		Formular S. 5: 9. Behauptungsvermögen, 10. Soziale Kompetenz, 11. Führungskompetenz	none			visual reading
2023_106.pdf	13	v1 R	150	read		Beurteilungsformular S. 6: 12. Zusätzliche Bemerkungen, 13. Gesamtnote (§ 12 Abs. 2 Satz 5 BremRiG), 14. Eignungsprognose, Unterschriftsfelder	none			visual reading
2024_039.pdf	2	v1 R	150+300	partly unreadable	옛 시가도 래스터의 작은 라벨(빗금 구역 안 건물·거리 이름) — 300 dpi 에서도 일부 읽히지 않음	"Karte ""Bahnhofsvorstadt"" (schraffiertes Gebiet, Hauptbahnhof, Ostertor); Kartenbeschriftung körnig"	none			visual reading
2024_039.pdf	3	v1 R	150+300	read		"""2. Bremer Viertel"" Karte, ""© GeoBasis-DE / Landesamt GeoInformation Bremen [2024]"", ""Artikel 2 Diese Verordnung tritt am Tag nach ihrer Verkündung in Kraft."" ""Der Senat"""	none			visual reading
2024_043.pdf	2	v1 R	150+300	partly unreadable	2024 Nr. 39 p2 와 같은 래스터(이미지 sha256 앞 12 자 0efb97eccbc3) — 같은 영역 읽히지 않음	"Karte ""Bahnhofsvorstadt"" (wie 2024 Nr. 39 p2), darunter ""2. Bremer Viertel"""	none			visual reading
2024_043.pdf	3	v1 R	150+300	read		"""Bremer Viertel"" Karte, ""© GeoBasis-DE …"", ""Artikel 2 Diese Polizeiverordnung tritt am Tag nach ihrer Verkündung in Kraft."" ""Ordnungsamt Bremen"" ; 래스터는 2024 Nr. 39 p3 와 같음(96143f45186b) — 그 쪽 300 dpi 타일 넷을 읽었고, 이 쪽은 오른쪽 아래 타일(서명 「Ordnungsamt Bremen」)을 따로 봄"	none			visual reading
2024_097.pdf	2	v1 R	150+300	partly unreadable	평면도 안의 아주 작은 필지 목록(범례 옆 표)과 측량사 도장 칸 — 300 dpi 에서도 읽히지 않음	"Übersichtsplan Flur und Flurstücke Bremen Airport (Flur 36/37/38, Airport-Stadt Süd, Legende), ""Artikel 2 Dieses Ortsgesetz tritt am Tag nach seiner Verkündung in Kraft. Bremen, den 17. September 2024 Der Senat"""	none			visual reading
2025_127.pdf	26	v1 R	150	read		"Deckblatt ""Gutachterliche Expertise zum Bremer Wohnungsmarkt"", ""Im Auftrag der Stadt Bremen"", ""Hamburg, Juni 2025"" (FUB IGES)"	none			visual reading
2025_127.pdf	27	v1 R	150	read		INHALT (Kapitel 1–5)	none			visual reading
2025_127.pdf	28	v1 R	150	read		TABELLENVERZEICHNIS (Tabelle 1–8)	none			visual reading
2025_127.pdf	29	v1 R	150	read		1 AUFTRAG (§ 556d Abs. 2 BGB)	none			visual reading
2025_127.pdf	30	v1 R	150	read		2 RECHTLICHE EINORDNUNG, 2.1 Kriterien	none			visual reading
2025_127.pdf	31	v1 R	150	read		Fortsetzung 2.1, 2.2 Erfüllung des Kriteriums	none			visual reading
2025_127.pdf	32	v1 R	150	read		Fortsetzung 2.2, 2.3 Wertigkeit der Kriterien	none			visual reading
2025_127.pdf	33	v1 R	150	read		2.4 Regionale Differenzierung, Fußnoten 1–2	none			visual reading
2025_127.pdf	34	v1 R	150	read		3 DATENGRUNDLAGE, 3.1 Datenrecherche	none			visual reading
2025_127.pdf	35	v1 R	150	read		3.2 Operationalisierung	none			visual reading
2025_127.pdf	36	v1 R	150	read		Tabelle 1 Operationalisierung	none			visual reading
2025_127.pdf	37	v1 R	150	read		4 INDIKATOREN, 4.1 Angebotsmieten	none			visual reading
2025_127.pdf	38	v1 R	150	read		Fortsetzung 4.1, Tabelle 2, 4.2 Mietpreisdifferenz	none			visual reading
2025_127.pdf	39	v1 R	150	read		Fortsetzung 4.2 (Vergleichsmieten, Angebotsmieten), Fußnoten 3–4	none			visual reading
2025_127.pdf	40	v1 R	150	read		Grenzwert/Bewertung 4.2, Tabelle 3, 4.3 Mietbelastungsquote	none			visual reading
2025_127.pdf	41	v1 R	150	read		Fortsetzung 4.3.1 (Betriebskosten, Wohnungsgröße, Haushaltseinkommen)	none			visual reading
2025_127.pdf	42	v1 R	150	read		Grenzwert, Tabelle 4, Bewertung	none			visual reading
2025_127.pdf	43	v1 R	150	read		4.3.2 Mikrozensus, 4.4 Wohnungsversorgungsgrad und Leerstand	none			visual reading
2025_127.pdf	44	v1 R	150	read		4.4.1 Wohnungsversorgungsgrad, Fußnoten 5–6	none			visual reading
2025_127.pdf	45	v1 R	150	read		Wohnungsangebot, Fluktuationsreserve, Tabelle 5	none			visual reading
2025_127.pdf	46	v1 R	150	read		Fortsetzung, 4.4.2 Leerstand, Tabelle 6, 4.5	none			visual reading
2025_127.pdf	47	v1 R	150	read		Fortsetzung 4.5, Fußnoten 7–8	none			visual reading
2025_127.pdf	48	v1 R	150	read		Berechnungsmethode, Tabelle 7, Fußnote 9	none			visual reading
2025_127.pdf	49	v1 R	150	read		zwei Zeilen Schluss 4.5, sonst leer	none			visual reading
2025_127.pdf	50	v1 R	150	read		5 ERGEBNIS, Tabelle 8	none			visual reading
2025_127.pdf	51	v1 R	150	read		Fortsetzung Ergebnis (Empfehlung)	none			visual reading
2026_009.pdf	6	v1 R	150+300	partly unreadable	옛 시가도 래스터의 작은 라벨(빗금 구역 안) — 300 dpi 에서도 일부 읽히지 않음	"""1. Bahnhofsvorstadt"" Karte (schraffiert); Beschriftung körnig"	none			visual reading
2026_009.pdf	7	v1 R	150+300	read		"""2. Bremer Viertel"" Karte, ""© GeoBasis-DE / Landesamt GeoInformation Bremen [2024]"" ; 래스터는 2024 Nr. 39 p3 와 같음(96143f45186b) — 그 쪽 300 dpi 타일 넷을 읽었고, 이 쪽은 오른쪽 아래 타일을 따로 봄"	none			visual reading
2026_031.pdf	16	v1 R	150	read		"""STADTGEMEINDE BREMEN Haushaltsübersicht – Zusammenstellung der Einnahmen und der Ausgaben"" (Einzelpläne 30–39, 2026/2025/2024)"	none			visual reading
2026_032.pdf	17	v1 R	150	read		gleiche Haushaltsübersicht für 2027	none			visual reading
2026_051.pdf	4	v1 R	150+300	read		"""Anlage 1 zu §1"" Karte BID ""Hanseatenhof"" (Geltungsbereich, Maßstab 1:500, Landesamt GeoInformation); Flurstücksnummern klein"	none			visual reading
2026_051.pdf	5	v1 R	150	read		"""Anlage 2 zu § 1"" Tabelle Gemarkung/Flurstücke/Straße/Teilung (lfd. Nr. 1–9)"	none			visual reading
2026_090.pdf	4	v1 R	150+300	read		"""Anlage 1 zu §1 (1)"" Karte BID ""Balgequartier"" (Maßstab 1:500); Flurstücksnummern klein"	none			visual reading
2026_090.pdf	5	v1 R	150	read		"""Anlage 2 zu § 1 (2)"" Tabelle (lfd. Nr. 1–34)"	none			visual reading
2021_045.pdf	2	E3 (v1 G)	150+300	partly unreadable	바탕 지형도의 작은 라벨(공원 안 길 이름, 세로 하천 이름 일부) — 300 dpi 에서도 일부 읽히지 않음	"""Anlage Leinenzwang im Park links der Weser (zu § 6 Absatz 3 Satz 1)"", Übersichtsplan, Legende ""Park links der Weser"", Schriftfeld ""Anlage 1 zu § 6 Abs. 3 des Ortsgesetzes über die öffentliche Ordnung Park links der Weser"", Maßstab 1:12.500, 29.07.2020"	none			visual reading
