file	page	reason
2020_160.pdf	8	v1 R
2021_125.pdf	3	v1 R
2021_133.pdf	5	v1 R
2022_092.pdf	13	v1 R
2022_114.pdf	2	v1 R
2022_114.pdf	3	v1 R
2022_114.pdf	4	v1 R
2022_114.pdf	5	v1 R
2022_114.pdf	6	v1 R
2022_145.pdf	4	v1 R
2022_145.pdf	5	v1 R
2022_146.pdf	4	v1 R
2022_146.pdf	5	v1 R
2022_147.pdf	2	v1 R
2023_037.pdf	3	v1 R
2023_065.pdf	7	v1 R
2023_065.pdf	8	v1 R
2023_065.pdf	9	v1 R
2023_065.pdf	10	v1 R
2023_065.pdf	11	v1 R
2023_065.pdf	12	v1 R
2023_095.pdf	3	v1 R
2023_106.pdf	8	v1 R
2023_106.pdf	9	v1 R
2023_106.pdf	10	v1 R
2023_106.pdf	11	v1 R
2023_106.pdf	12	v1 R
2023_106.pdf	13	v1 R
2024_039.pdf	2	v1 R
2024_039.pdf	3	v1 R
2024_043.pdf	2	v1 R
2024_043.pdf	3	v1 R
2024_097.pdf	2	v1 R
2025_127.pdf	26	v1 R
2025_127.pdf	27	v1 R
2025_127.pdf	28	v1 R
2025_127.pdf	29	v1 R
2025_127.pdf	30	v1 R
2025_127.pdf	31	v1 R
2025_127.pdf	32	v1 R
2025_127.pdf	33	v1 R
2025_127.pdf	34	v1 R
2025_127.pdf	35	v1 R
2025_127.pdf	36	v1 R
2025_127.pdf	37	v1 R
2025_127.pdf	38	v1 R
2025_127.pdf	39	v1 R
2025_127.pdf	40	v1 R
2025_127.pdf	41	v1 R
2025_127.pdf	42	v1 R
2025_127.pdf	43	v1 R
2025_127.pdf	44	v1 R
2025_127.pdf	45	v1 R
2025_127.pdf	46	v1 R
2025_127.pdf	47	v1 R
2025_127.pdf	48	v1 R
2025_127.pdf	49	v1 R
2025_127.pdf	50	v1 R
2025_127.pdf	51	v1 R
2026_009.pdf	6	v1 R
2026_009.pdf	7	v1 R
2026_031.pdf	16	v1 R
2026_032.pdf	17	v1 R
2026_051.pdf	4	v1 R
2026_051.pdf	5	v1 R
2026_090.pdf	4	v1 R
2026_090.pdf	5	v1 R
2021_045.pdf	2	E3 (v1 G)
