1952:1	182	
1952:2	3746	
1952:3	4374	Tierzuchtgesetz Verordnung über die Ernennung, Einstellung und Entlassung der Beamten und An- gestellten des Landes Ffessen Gesetz über die Sonn- wnd Feiertage Hessisches Ausflihrungsgesetz zum Bundesgesetz über Personalausweise Viehseuchenanordnung zur Bekämpfung der Maul- und Klauenseuche und der Schweinepest Verordnung zur Ermächtigung des Minis
1952:4	4839	
1952:5	4292	ederwild: Verordnung über die Jagdzeit aut Federwild in Na- turschutz- u. Wildschutzgebieten. Vom 31. Juli 1952 P'eiertage: Geselz über die Sona- und Feiertage. Vom 17. Sep- tember 1952 Verordnung über den 2. November 1952. Vom 28. Ok- tober 1952 Fetti Verordnung über Von 28. Mära 1952 đen Fettgehalt der Trinkmilch. F'euersehulz: Verordnung zur Änd
1952:6	4069	
1952:7	4573	er Schweinepest. Vom 2. Oktober 1952 Serum: Viehseuchenanordnung (VA) über die staatliche Prü- fung von Rotlaufserum. Vom 20. Dezember 1951 Sonn- und Feiertage: Gesetz über die Sonn- und Feiertage. Vom 17. Sep- tember 1952. Verordnung tber den 2. November 1952. Vom 28. Ok- tober 1952 Speiseeis: Gesetz zur Änderung des Gesetzes über die Ge- . tränke || Serum: Viehseuchenanordnung (VA) über die staatliche Prü- fung von Rotlaufserum. Vom 20. Dezember 1951 Sonn- und Feiertage: Gesetz über die Sonn- und Feiertage. Vom 17. Sep- tember 1952. Verordnung tber den 2. November 1952. Vom 28. Ok- tober 1952 Speiseeis: Gesetz zur Änderung des Gesetzes über die Ge- . tränke- und Speiseeissteuer vom 6. Dezember
1952:8	3805	
1953:1	176	
1953:2	3477	
1953:3	4156	
1953:4	2646	
1953:5	4763	
1953:6	4722	ember 1953 159 Bundesausgleichsabgabei: Hessische Verordnung über die Erhebung eines Bunde.- ausgleichs in der Milcbwirtschaft, Vom 3. Juli 1953. 138 Feiertage: Verordnung über den Volksirauertag im Jahre 2953. Vom 9. September 1953 Feuerwerk: Verordnung über den Verkehr mit Feuerwerk and anderen pyrotechnischen Gegenständen. Vom 20.Fe- bruar 1953 
1953:7	4765	
1953:8	4768	
1953:9	4457	zur Anderung der Verordnung zur Durchführung des Gesetzes über die Zuitassung von Sportwetten im Lande Hessen. Vom 28. April 1953 . . •.101 Sonn- und Feiertage: Verordnung über den Volkstrauertag im Jahre 1953. Vom 9. September 1953 . 148 Sozialangelegenheiten: Gesetz über die Beaufsichtigung der Versicherungs- unternehmen außerhalb der Sozialversi
1953:10	4611	
1953:11	859	
1954:1	177	
1954:2	3857	
1954:3	4251	isterführungspflicht für Sprengstoffe Verordnung żur Änderung von Verordnungen über Sprengstoffe Gesetz zur Ergänzung des Gesetzes über die Sonn- und Feiertage Drittes Gesetz zum Abschluß der politischen Befreiung in Hessen Gesetz über die Jugendwohlfahrtsbehörden Gesetz zur Durchführung des Kriegsgefangenenentschädigungsgesetzes Erstes Gesetz zur 
1954:4	1926	
1954:5	4896	
1954:6	4288	e Unzucht: Verordnung über das Verbot der Ausübung der Un- zucht zum Erwerb in Gemeinden mit weniger als 20 000 Einwohner. Vom 7, Dezember 1954. .272 Feiertage: Gesetz zur Exgänzung des Gesetzes über die Sonn- und Feiertage. Vom 6. November 1954 •.185 Feldangelegewheiten: Feld- und Forststrafgesetz. Vom 30. März 1954 39 Ausführungsgesetz zum Flurbe ||  zum Erwerb in Gemeinden mit weniger als 20 000 Einwohner. Vom 7, Dezember 1954. .272 Feiertage: Gesetz zur Exgänzung des Gesetzes über die Sonn- und Feiertage. Vom 6. November 1954 •.185 Feldangelegewheiten: Feld- und Forststrafgesetz. Vom 30. März 1954 39 Ausführungsgesetz zum Flurbereinigungsgesetz. Vom 30. März 1954 44 Feuerwerk: Verordnung zur
1954:7	5158	
1954:8	4546	
1954:9	4346	I. September 1954 . 154 Siedlungssachen: Gesetz über Beurkundungen und öffentliche Beglau- bigungen in Siedlungssachen. Vom 2. Juni 1954 99 Sonn- und Feiertage: Gesetz zur Erganzung des Gesetzes über die Sonn- und Feiertage. Vom 6. Noverber 1954 i..180  || en und öffentliche Beglau- bigungen in Siedlungssachen. Vom 2. Juni 1954 99 Sonn- und Feiertage: Gesetz zur Erganzung des Gesetzes über die Sonn- und Feiertage. Vom 6. Noverber 1954 i..180 
1954:10	4459	
1954:11	1907	
1955:1	183	
1955:2	4503	
1955:3	2884	
1955:4	4620	
1955:5	4227	
1955:6	4499	
1955:7	4933	
1955:8	3855	
1956:1	175	
1956:2	3888	
1956:3	3821	
1956:4	4434	
1956:5	4703	
1956:6	4293	
1956:7	4660	
1956:8	3059	
1957:1	177	
1957:2	3654	erordnung zur Änderung der Verordnung über eine Umlage zur Förderung der Milchwirtschaft Zweites Gesetz zur Ergänzung des Gesetzes über die Sonn- und Feiertage Gesetz zur Änderung wasserrechtlicher Vorschriften in Hessen (WassÄG) . Verordnung zur Änderung der Verordnung über die Aufwandsentschädigung der ehrenamtlichen Bürgermeister und der ehrenam
1957:3	3642	
1957:4	4247	
1957:5	4498	 Lagern von Getreide und anderen Ernteerzeugnissen, Vom 27. September 1957 144 Errichtung von Kernreaktoren: ce te una de Snhensanltca Vom obee 141 F Feiertage: Zweites Gesetz zur Ergänzung des Gesetzes über die Sonn- und Feiertage. Vom 16. April 1957 49 Feuerlöschmittel und Geräte: Polizeiverordnung über Feuerlöschmittel und trag- bare oder ohne e || 57 144 Errichtung von Kernreaktoren: ce te una de Snhensanltca Vom obee 141 F Feiertage: Zweites Gesetz zur Ergänzung des Gesetzes über die Sonn- und Feiertage. Vom 16. April 1957 49 Feuerlöschmittel und Geräte: Polizeiverordnung über Feuerlöschmittel und trag- bare oder ohne eigenen Kraftantrieb fahrbare Feuerlöschgeräte. Vom 15. März 1957 . 35 
1957:6	4231	
1957:7	4835	
1957:8	3994	uli 1957 Seuchenhaftes Verkalben: Viehseuchenanordnung zur Bekämpfung der Brucel- (seuchenhaftes Verkalben) der Rinder. Vom 21. Januar 1957 Sonn- und Feiertage: Zweites Gesetz zur Exgänzung des Gesetzes über die Sonn- und Feiertage. Vom 16. April 1951 . Sozialgerichte: Gesetz zur Änderung des lessische gesetzes ozialgerichtsgesel 14. Februar 1957 A || r Brucel- (seuchenhaftes Verkalben) der Rinder. Vom 21. Januar 1957 Sonn- und Feiertage: Zweites Gesetz zur Exgänzung des Gesetzes über die Sonn- und Feiertage. Vom 16. April 1951 . Sozialgerichte: Gesetz zur Änderung des lessische gesetzes ozialgerichtsgesel 14. Februar 1957 Austührungs- (SGG). Seh Schulen: Gesetz zur Änderung des Gesetzes zur Err
1957:9	3127	
1958:1	177	
1958:2	3907	
1958:3	4040	
1958:4	978	
1958:5	4197	
1958:6	4307	
1958:7	4330	
1958:8	3697	
1958:9	4265	
1958:10	4744	
1958:11	2480	Sachverzeichnis zum Gesetz- und Verordnungsblatt für das Land Hessen, Jahrgang 1958 Seite Verkanf von Landbutter: S. Landbutter. Verkauf an Sonn- und Feiertagen: Verordnung über den Verkauf in Kur-und Erholungs- orten. Vom 23. Januar 1958 . Versickerung: Gesetz über die Neuregelung der Aufsicht über die lan- desunmittelbaren Träger der gesetzlichen
1959:1	188	
1959:2	2870	
1959:3	1570	
1959:4	3824	
1959:5	3639	
1959:6	4008	
1959:7	3531	
1959:8	2864	
1960:1	209	
1960:2	2806	
1960:3	3026	
1960:4	3266	
1960:5	414	
1960:6	3595	
1960:7	3903	
1960:8	4805	
1960:9	3954	
1960:10	3713	
1960:11	3583	
1960:12	3773	
1960:13	1977	
1961:1	200	
1961:2	2892	
1961:3	3095	
1961:4	3171	
1961:5	2178	
1961:6	4062	
1961:7	2998	
1961:8	3570	
1961:9	3495	
1961:10	3697	
1961:11	3942	
1961:12	3997	
1962:1	218	
1962:2	3068	
1962:3	3239	
1962:4	3535	
1962:5	2287	
1962:6	4428	
1962:7	3928	
1962:8	3640	
1962:9	2990	
1962:10	3561	
1962:11	4005	
1962:12	3404	
1962:13	3037	
1963:1	215	
1963:2	3071	
1963:3	3373	
1963:4	3496	n • Anordnung über die zuständige Verwaltungsbehörde nach der Verordnung über Aus- nahmen vom Verbot der Beschäftigung von Arbeitnehmern an Sonn- und Feiertagen in der Papierindustrie Zweite Verordnung zur Ausführung des § 19 des Hessischen Schulpflichtgesetzes Verordnung über die Wahrehmung der Obliegenheiten der obersten Dienstbehörde, des Dienst
1963:5	468	
1963:6	4193	
1963:7	4240	3) 26 Beschäftigung: über die zuständige Verwaltungsbehörde der Verordnung über Ausnahmen vor Verbot der Beschäftigung von Arbeitnehmern an Sonn- und Feiertagen in der Papierindustrie (AO. v. 6. 9.1963) . 143 Besoldung: Siehe Beamte, Angestellte und Arbeiter Börse: Verordnung über das Ehrengericht an der Frankfurter Wertpapierbörse (VO. v. 10. 7. 1
1963:8	3266	
1963:9	3341	
1963:10	3558	
1963:11	3066	
1963:12	2885	) 115 Anordnung über die zuständige Verwaltungsbehörde nach der Verordnung über Ausnahmen vom Verbot der Beschäftigung von Arbeitnehmern an Sonn- und Feiertagen in der Papierindustrie (AO. v. 6. 9. 1963) 143 Verordnung über die Zuständigkeiten bei der Ernen- nung, Abordnung und Versetzung der Beamten Landes Hessen und der Beendigung des Beamtenver-
1964:1	220	
1964:2	2671	
1964:3	3366	zes über die Vergnügungssteuer • Anordnung zur Ausführung der Verordnung über Ausnahmen vom Verbot der Beschäfti- gung von Arbeitnehmern an Sonn- und Feiertagen in der Eisen- und Stahlindustrie Anordnung über die zuständige Verwaltungsbehörde zur Verfolgung von Ordnungswid" rigkeiten nach dem Gesetz über den Verkehr mit Düngemitteln (Düngemittelges
1964:4	4447	
1964:5	3791	v. 26.5. 1964) 68 Beschäftigung: Anordnung zur Ausführung der Verordnung über Ausnahmen vom Verbot der Beschäftigung von Al- beitnehmern an Sonn- und Feiertagen in der Eisen- und Stahlindustrie (AO. v. 10. 4. 1964) . 63 Auslagenpauschsätze: Verordnung zur Änderung der Verordnung über Aus- lagenpauschsätze nach dem Gesetz über Kosten der Gerichtsvol
1964:6	4004	.1964) F Fachinstitute: Verordnung über die abgekürzte Ausbildung an den Pädagogischen Fachinstituten (VO. v. 25. 9. 1964) Fachschulen: Siehe Schulen Feiertage: Drittes Gesetz zur Änderung des Gesetzes über die Sonn- und Feiertage (G. v. 17. 3. 1964) Finanzausgleich: Gesetz zur Regelung des Finanzausgleichs (Finanzaus- gleichsgesetz — FAG —) (G. v. || n Pädagogischen Fachinstituten (VO. v. 25. 9. 1964) Fachschulen: Siehe Schulen Feiertage: Drittes Gesetz zur Änderung des Gesetzes über die Sonn- und Feiertage (G. v. 17. 3. 1964) Finanzausgleich: Gesetz zur Regelung des Finanzausgleichs (Finanzaus- gleichsgesetz — FAG —) (G. v. 21. 12. 1964) Fleischbeschaugebührenordnung: Verordnung zur Änderung d
1964:7	3517	
1964:8	4089	
1964:9	4057	gebühren) (VO.V.1..12, 1964) • 204 Sonderzuwendung: Gesetz über die Gewährung einer jährlichen Sonderzu- wendung (G. v. 21. 12. 1964) . 247 Sonn- und Feiertage: Drittes Gesetz zur AÄnderung des Gesetzes über die Sonn- und Feiertage (G. v. 17. 3. 1964) Anordnung zur Ausführung der Verordnung über Aus- nahmen vom Verbot der Beschäftigung von Arbeitne || hrung einer jährlichen Sonderzu- wendung (G. v. 21. 12. 1964) . 247 Sonn- und Feiertage: Drittes Gesetz zur AÄnderung des Gesetzes über die Sonn- und Feiertage (G. v. 17. 3. 1964) Anordnung zur Ausführung der Verordnung über Aus- nahmen vom Verbot der Beschäftigung von Arbeitneh- Sonn- und Feiertagen in der Eisen- und Stahlindustrie (AO. v. 10. 4.  || onn- und Feiertage (G. v. 17. 3. 1964) Anordnung zur Ausführung der Verordnung über Aus- nahmen vom Verbot der Beschäftigung von Arbeitneh- Sonn- und Feiertagen in der Eisen- und Stahlindustrie (AO. v. 10. 4. 1964) 25 63 Sozialversicherung: Verordnung über die Bewertung der Sachbezüge für die Sozialversicherung Jahr 1965 Vov. 9. 12. 1964) 201 Spiel
1964:10	4571	ngsgesetz (AO. v. 10. 2. 1964) Anordnung zur Ausführung der Verordnung über Aus- nahmen vom Verbot der Beschäftigung von Arbeit- nenmern an Sonn- und Feiertagen in der Eisen- und Stahlindustrie (AO. V. 10. 4. 1964) • Anordnung über die zuständige Verwaltungsbehörde zur Verfolgung von Ordnungswidrigkeiten nach dem Gesetz über den Verkehr mit Düngemi
1964:11	1836	
1965:1	220	
1965:2	2508	
1965:3	2594	
1965:4	2450	
1965:5	2502	
1965:6	2678	
1965:7	2318	
1965:8	2567	
1965:9	3985	
1965:10	3712	
1965:11	3155	
1965:12	2790	
1965:13	2575	
1965:14	3543	
1965:15	2690	
1965:16	4257	
1966:1	215	
1966:2	2401	
1966:3	2973	
1966:4	2992	
1966:5	2557	
1966:6	3155	
1966:7	1198	
1966:8	4436	
1966:9	4001	
1966:10	3557	
1966:11	2697	
1966:12	3096	
1966:13	3157	
1966:14	3542	
1967:1	216	
1967:2	2303	
1967:3	2997	
1967:4	2844	
1967:5	2972	
1967:6	1571	
1967:7	3789	
1967:8	3451	
1967:9	3513	
1967:10	3442	
1967:11	4151	
1968:1	216	
1968:2	2254	
1968:3	2508	
1968:4	3123	
1968:5	3006	
1968:6	2764	
1968:7	2972	
1968:8	536	
1968:9	3587	
1968:10	3337	
1968:11	3282	
1968:12	3331	
1968:13	3402	
1968:14	3308	
1968:15	3034	
1969:1	215	
1969:2	2417	
1969:3	2992	
1969:4	2925	
1969:5	2955	
1969:6	2791	
1969:7	2928	
1969:8	428	
1969:9	3279	
1969:10	3515	
1969:11	3218	
1969:12	2621	
1969:13	3062	
1969:14	3936	
1969:15	3651	
1970:1	216	
1970:2	2635	
1970:3	2818	
1970:4	2835	
1970:5	2551	
1970:6	2815	
1970:7	2689	 GVBI. II 323-47 Anordnung für die Zulassung von Ausnahmen von den Vorschriften des § 19 beitszeitordnung über Nachtruhe und Frühschluß vor Sonn- und Feiertagen der Ar- GVBI. II 91-17 Dritte Verordnung zur Änderung der Kommunalwahlordnung Ändert GVBI. II 333-2 Neufassung der Kommunalwahlordnung Zu GVBI. II 333-2 Verordnung über die Schülervertretun
1970:8	3035	
1970:9	3039	
1970:10	2573	
1970:11	1522	
1970:12	4326	
1970:13	3377	
1970:14	3402	
1970:15	3137	
1970:16	3180	
1970:17	2887	
1970:18	4058	
1970:19	3521	
1970:20	4289	
1970:21	3515	h v. 7. 8. Anordnung tür die Zulassung von Ausnahmen von den Vorschriften des § 19 der Arbeitszeitordnung über Nachtruhe und Frühschluß vor Sonn- und Feiertagen v. 30.7. 1970. Verordnung zur Ermächtigung des Ministers für Wirt- schaft und Technik zum Erlaß von Rechtsverord- nungen nach dem 1970 Schornsteinfegergesetz v. 7. 9. Verordnung über die zu
1971:1	216	
1971:2	2570	
1971:3	2736	
1971:4	2696	
1971:5	3011	
1971:6	3407	
1971:7	3025	
1971:8	1986	s Hessischen Gesetzes üher die öffentliche Sicherhelt und Ordnung Ändert GVBI. II 310-10 Viertes Gesetz zur Änderung des Gesetzes tiber die Sonn- und Feiertage • • Andert GVBI. II 17-6 Gesetz zur Änderung des Ersten Hessischen Gesetzes zur Anpassung an das Erste Gesetz zur Vereinheitlichung und Neuregelung des Besoldungsrechts in Bund und Ländern . || d Buchführungspflicht von Reisebüros und Betrieben zur Vermittlung von Unterkünften Andert GVBI. II 512-24 Neufassung des Gesetzes über die Sonn- und Feiertage — Hessisches Felertagsgesetz (HFeiertagsG) GVBI. II 17-6 310 311 313 317 324 330 330 332 333 338 340 341 342 346 343  || Betrieben zur Vermittlung von Unterkünften Andert GVBI. II 512-24 Neufassung des Gesetzes über die Sonn- und Feiertage — Hessisches Felertagsgesetz (HFeiertagsG) GVBI. II 17-6 310 311 313 317 324 330 330 332 333 338 340 341 342 346 343 
1971:9	0	
1971:10	4330	ordnung über die Gewährleistung des Min- desteinkommens für Hebammen = Hessische Verordnung über die Eingruppierung der Kommunalbeamten Hess.Reg.Bl. HFeiertagsG HLVO HPVG HScG HSOG KatGebo LVKO ObVI-Gebo OWIG POl-LVO Preuß. Gesetzsamml. RAnz. Reichsgesetzbl. Reichsgesetzbl. I Reichsgesetzbl. II SperrzeitVo ScVG StAnz. Urivo VbF VLWF WIGBI. ZPO = He || bl. II SperrzeitVo ScVG StAnz. Urivo VbF VLWF WIGBI. ZPO = Hessisches (bis 1918: Großherzoglich-Hessisches) Regierungsblatt (1819—1944). = Hessisches Feiertagsgesetz = Hessische Laufbahnverordnung • Hessisches Personalvertretungsgesetz - Hessisches Schiedsmannsgesetz * Hessisches Gesetz über dle öffentliche Sicherheit und Ordrung = Gebührenordnung 
1971:11	3697	
1971:12	3129	
1971:13	3674	dkreisordnung: Siehe Kommunalrechtliche Vorschriften Hessische Laufbahnverordnung: Siehe Beamte Hessischer Landtag: Siehe Geschäftsordnung Hessisches Feiertagsgesetz: Viertes Gesetz zur Änderung des Gesetzes über die Sonn- und Feiertage V. 18. 12. 1971 Neufassung des Gesetzes über die Sonn- und Feiertage - Hessisches Feiertagsgesetz (HFeiertagsG)ma || nung: Siehe Beamte Hessischer Landtag: Siehe Geschäftsordnung Hessisches Feiertagsgesetz: Viertes Gesetz zur Änderung des Gesetzes über die Sonn- und Feiertage V. 18. 12. 1971 Neufassung des Gesetzes über die Sonn- und Feiertage - Hessisches Feiertagsgesetz (HFeiertagsG)ma V. 29. 12. 1971 Hessisches Gemeinde- und Kreiswahlgesetz: Siehe Kommunalrech || hes Feiertagsgesetz: Viertes Gesetz zur Änderung des Gesetzes über die Sonn- und Feiertage V. 18. 12. 1971 Neufassung des Gesetzes über die Sonn- und Feiertage - Hessisches Feiertagsgesetz (HFeiertagsG)ma V. 29. 12. 1971 Hessisches Gemeinde- und Kreiswahlgesetz: Siehe Kommunalrechtliche Vorschriften Hessisches Personalvertretungsgesetz: Siehe Perso || ertes Gesetz zur Änderung des Gesetzes über die Sonn- und Feiertage V. 18. 12. 1971 Neufassung des Gesetzes über die Sonn- und Feiertage - Hessisches Feiertagsgesetz (HFeiertagsG)ma V. 29. 12. 1971 Hessisches Gemeinde- und Kreiswahlgesetz: Siehe Kommunalrechtliche Vorschriften Hessisches Personalvertretungsgesetz: Siehe Personalvertretungsgesetz He || nderung des Gesetzes über die Sonn- und Feiertage V. 18. 12. 1971 Neufassung des Gesetzes über die Sonn- und Feiertage - Hessisches Feiertagsgesetz (HFeiertagsG)ma V. 29. 12. 1971 Hessisches Gemeinde- und Kreiswahlgesetz: Siehe Kommunalrechtliche Vorschriften Hessisches Personalvertretungsgesetz: Siehe Personalvertretungsgesetz Hessisches Richterge
1971:14	2547	
1971:15	3577	r- landesgerichts Frankfurt am Main in Darmstadt und Kassel v. 7. 12. 1971 Seite 310 341 217 81 258 330 57 311 Sonderschulen: Siehe Schulen Sonn- und Feiertage: Siehe Hessisches Feiertagsgesetz Sozialversicherung: Verordnung über die Bewertung der Sachbezüge für die Sozialversicherung für das Jahr 1972 v. 7. 12. 1971 Sparkassenbeamte: Siehe Beamte  || am Main in Darmstadt und Kassel v. 7. 12. 1971 Seite 310 341 217 81 258 330 57 311 Sonderschulen: Siehe Schulen Sonn- und Feiertage: Siehe Hessisches Feiertagsgesetz Sozialversicherung: Verordnung über die Bewertung der Sachbezüge für die Sozialversicherung für das Jahr 1972 v. 7. 12. 1971 Sparkassenbeamte: Siehe Beamte Sperrzeit: Verordnung über d
1971:16	3366	
1971:17	3756	
1972:1	217	
1972:2	2490	
1972:3	2832	
1972:4	3125	
1972:5	2720	
1972:6	2615	
1972:7	3082	
1972:8	2792	
1972:9	2920	
1972:10	2424	
1972:11	3679	
1972:12	3103	
1972:13	3141	
1972:14	3937	
1972:15	2759	
1972:16	3109	
1972:17	3162	
1972:18	3203	
1972:19	4980	
1972:20	3353	
1973:1	218	
1973:2	2792	
1973:3	1995	
1973:4	2147	
1973:5	2912	
1973:6	2930	
1973:7	2936	
1973:8	3503	
1973:9	4061	
1973:10	2693	
1973:11	3538	
1973:12	3773	
1973:13	3110	
1973:14	3058	
1973:15	3296	
1973:16	3254	
1973:17	4910	
1973:18	3360	gang 1973 Seite Seite Anordnung über die zuständige Verwaltungsbehörde nach der Verordnung über Ausnahmen vom Ver- bot von Arbeitnehmern an Sonn- und Feiertagen in der Papierindustrie V. 23. 7. 1973 Anoidnung über die zuständige Verwaltungsbehörde nach der Verordnung über Ausnahmen vom Verbot der Beschäftigung von Arbeitnehmern an Sonn- und Feierta ||  1973 Anoidnung über die zuständige Verwaltungsbehörde nach der Verordnung über Ausnahmen vom Verbot der Beschäftigung von Arbeitnehmern an Sonn- und Feiertagen in der Eisen- und Stahlindustrie v. 23. 7. 1973 Anordnung über die zuständige Behörde nach der Ver- ordnung zur Durchführung der Verordnung (EWG) Nr. 1349/72 des Rates der Europäischen Geme
1974:1	218	
1974:2	2468	
1974:3	3009	
1974:4	2992	
1974:5	3059	
1974:6	3170	
1974:7	2978	
1974:8	3314	
1974:9	2926	
1974:10	3241	
1974:11	3055	
1974:12	2808	
1974:13	3056	
1974:14	2723	
1974:15	4117	
1974:16	3732	
1974:17	3904	
1974:18	3810	
1974:19	3585	
1974:20	3142	
1974:21	4301	
1974:22	4366	
1974:23	4020	
1974:24	5664	
1974:25	2057	
1975:1	217	
1975:2	2399	
1975:3	2969	
1975:4	3088	
1975:5	3026	
1975:6	2925	
1975:7	2929	
1975:8	3011	
1975:9	3032	
1975:10	2524	
1975:11	3319	
1975:12	3514	
1975:13	3604	
1975:14	2648	
1975:15	4595	
1975:16	3783	
1975:17	5540	
1976:1	217	
1976:2	2281	
1976:3	2767	
1976:4	3283	
1976:5	3270	
1976:6	3104	
1976:7	2869	
1976:8	2940	
1976:9	3199	
1976:10	3178	
1976:11	3850	
1976:12	3664	
1976:13	3864	
1976:14	3678	
1976:15	3139	
1976:16	4525	
1976:17	4672	
1976:18	4603	
1977:1	218	
1977:2	2555	
1977:3	3012	
1977:4	2823	
1977:5	3182	
1977:6	1800	
1977:7	3601	
1977:8	3829	
1977:9	3473	
1977:10	4040	
1977:11	2989	
1977:12	4056	
1977:13	2771	
1977:14	5219	
1978:1	239	
1978:2	2604	
1978:3	2772	
1978:4	3364	
1978:5	2834	
1978:6	3076	
1978:7	3888	
1978:8	3562	
1978:9	4110	
1978:10	3671	
1978:11	2817	
1978:12	3943	
1978:13	2651	
1978:14	5400	
1979:1	219	
1979:2	2658	
1979:3	2996	
1979:4	1809	
1979:5	4334	
1979:6	3321	
1979:7	3858	
1979:8	3177	
1979:9	3289	
1979:10	3239	
1979:11	2723	
1980:1	245	
1980:2	2358	
1980:3	2792	
1980:4	2582	
1980:5	3027	
1980:6	2625	
1980:7	2443	
1980:8	2587	
1980:9	2934	
1980:10	1714	
1980:11	4471	
1980:12	4601	
1980:13	4663	
1980:14	4289	
1980:15	3931	
1980:16	4435	
1980:17	5453	
1981:1	250	
1981:2	2381	
1981:3	2787	
1981:4	2621	
1981:5	2824	
1981:6	2019	
1981:7	3775	
1981:8	3604	
1981:9	3955	
1981:10	3123	
1981:11	4350	
1981:12	3506	
1981:13	3547	
1982:1	244	
1982:2	2614	
1982:3	2998	
1982:4	2725	
1982:5	1621	
1982:6	4319	
1982:7	3937	
1982:8	4301	
1982:9	4074	
1982:10	4511	
1982:11	1741	
1983:1	251	
1983:2	2361	
1983:3	2819	
1983:4	2847	
1983:5	2821	
1983:6	2717	
1983:7	2027	
1983:8	3764	
1983:9	3302	
1983:10	2881	
1983:11	3928	
1983:12	3590	
1983:13	2171	
1984:1	240	
1984:2	2463	
1984:3	2586	
1984:4	2607	
1984:5	2673	
1984:6	2302	
1984:7	3365	
1984:8	3770	
1984:9	3402	
1984:10	3863	
1984:11	1088	
1985:1	239	
1985:2	2249	
1985:3	2667	
1985:4	1089	
1985:5	3425	
1985:6	3974	
1985:7	3106	
1985:8	3980	
1985:9	1489	
1986:1	263	
1986:2	2422	
1986:3	2478	
1986:4	2589	
1986:5	1269	
1986:6	3845	
1986:7	3531	
1986:8	3625	
1986:9	3563	
1986:10	3778	
1986:11	3441	
1987:1	229	
1987:2	2144	
1987:3	2159	
1987:4	2465	
1987:5	1089	
1987:6	2945	
1987:7	3044	
1987:8	3882	
1987:9	3342	
1987:10	3257	
1987:11	4193	
1988:1	241	
1988:2	2547	
1988:3	3023	
1988:4	3432	
1988:5	3123	
1988:6	3317	
1988:7	3663	
1988:8	2574	
1988:9	1280	
1988:10	3759	
1988:11	3542	
1988:12	3217	
1988:13	3579	
1988:14	3868	
1988:15	5594	
1988:16	1728	
1989:1	244	
1989:2	2718	
1989:3	3349	
1989:4	1337	
1989:5	0	
1989:6	3927	
1989:7	3680	
1989:8	3105	
1989:9	3512	
1989:10	5410	
1990:1	219	
1990:2	3101	
1990:3	3615	
1990:4	3466	
1990:5	1482	
1990:6	4181	
1990:7	4496	
1990:8	4065	
1990:9	4492	
1990:10	5107	
1990:11	2897	
1991:1	220	
1991:2	2567	
1991:3	1540	
1991:4	3081	
1991:5	4196	
1991:6	3700	
1991:7	3902	
1991:8	4781	
1992:1	220	
1992:2	3454	
1992:3	3356	
1992:4	3569	
1992:5	1302	
1992:6	3864	
1992:7	4301	
1992:8	4243	
1992:9	3994	
1992:10	4339	
1992:11	4922	
1992:12	3808	
1993:1	227	
1993:2	3220	
1993:3	3817	
1993:4	3665	
1993:5	1503	
1993:6	3667	
1993:7	3992	
1993:8	4754	
1993:9	3442	
1993:10	5017	
1993:11	4643	
1993:12	3678	
1994:1	199	
1994:2	3493	
1994:3	3550	
1994:4	3841	
1994:5	1426	
1994:6	3569	
1994:7	4012	etz: erordnung zur Übertragung der Ermächtigung nac em Familienrechtsänderungsgesetz v. 21. 9. 94.... Verfainilenze tberterenngder - 3 ilase nach dem Feiertagsgesetz: ünftes Gesetz zur Änderung des Hessischen Feiertags esetzes v. 11. 10. 94. Feldes- und Förderabgaben: Siehe Bundesberggesetz (S. 99) Fernsehen: Siche Staatsverträge (S. 628) Ferunterr || lienrechtsänderungsgesetz v. 21. 9. 94.... Verfainilenze tberterenngder - 3 ilase nach dem Feiertagsgesetz: ünftes Gesetz zur Änderung des Hessischen Feiertags esetzes v. 11. 10. 94. Feldes- und Förderabgaben: Siehe Bundesberggesetz (S. 99) Fernsehen: Siche Staatsverträge (S. 628) Ferunterrichtswesen: Siehe Staatsverträge (S, 223) Feuerwehrlaufbaha
1994:8	4093	
1994:9	3503	
1994:10	3973	
1994:11	3648	
1994:12	5454	
1995:1	190	
1995:2	2118	
1995:3	2512	
1995:4	1222	
1995:5	3527	
1995:6	3388	
1995:7	2759	
1995:8	3020	
1995:9	4217	
1996:1	192	
1996:2	2342	
1996:3	2336	
1996:4	2652	
1996:5	1350	
1996:6	3399	
1996:7	3922	
1996:8	3405	
1996:9	3507	
1996:10	3418	
1996:11	2374	
1997:1	188	
1997:2	1847	
1997:3	2716	
1997:4	2989	
1997:5	1476	
1997:6	3391	
1997:7	2711	en v. 22. 9. 97. .... Fachhochschullehirex: Siehe Verwaltungsvereinfachung (S. 217) Fachkräfte für Arbeitssicherheit: Siehe Umweltverwaltung (S. 232) Feiertagsgesetz: Sechstes Gesetz zur Anderung des Hessischen Feier- tagsgesetzes v. 26. 11. 97... Druckbehälterverordnung; Siehe Umweltverwaitung (S, 232) Feldes- und Förderabgaben Siehe Umweltverwalt
1997:8	3563	
1997:9	3175	
1997:10	3449	
1997:11	3419	
1997:12	5578	
1998:1	203	
1998:2	2532	
1998:3	3255	
1998:4	3024	
1998:5	959	
1998:6	3731	
1998:7	3322	
1998:8	3344	
1998:9	3084	
1998:10	4306	
1998:11	3643	
1998:12	3389	
1998:13	3213	
1998:14	3759	
1998:15	2784	
1998:16	2727	
1998:17	4195	
1998:18	2774	
1998:19	2165	
1999:1	188	
1999:2	2362	
1999:3	2728	
1999:4	2559	
1999:5	1001	
1999:6	3170	
1999:7	2504	
1999:8	2722	
1999:9	3000	
1999:10	3663	
1999:11	2686	
2000:1	190	
2000:2	2201	
2000:3	3161	
2000:4	2678	
2000:5	1370	
2000:6	2692	
2000:7	3000	
2000:8	2637	
2000:9	3476	
2000:10	2257	
2000:11	2275	
2000:12	3218	
2000:13	3044	
2000:14	3193	
2001:1	186	
2001:2	2069	
2001:3	2154	
2001:4	2414	
2001:5	2459	
2001:6	2016	
2001:7	1021	
2001:8	3340	
2001:9	2289	
2001:10	2882	
2001:11	2592	
2001:12	3161	
2001:13	2713	
2001:14	2854	
2001:15	4093	
2001:16	2340	
2001:17	0	
2001:18	0	
2001:19	2523	
2001:20	2424	
2001:21	2201	
2001:22	1958	
2002:1	187	
2002:2	1832	
2002:3	2185	
2002:4	2325	
2002:5	3021	
2002:6	2543	
2002:7	1116	
2002:8	2909	
2002:9	2188	
2002:10	3214	
2002:11	2852	
2002:12	2957	
2002:13	2114	
2002:14	4000	
2002:15	2599	
2002:16	4144	
2002:17	1287	
2002:18	0	
2002:19	3023	
2002:20	2149	
2002:21	2430	
2002:22	1263	
2003:1	186	
2003:2	1345	
2003:3	2343	
2003:4	2026	
2003:5	1205	
2003:6	2712	
2003:7	2020	
2003:8	3337	
2003:9	2215	
2003:10	1605	
2003:11	2590	
2003:12	3990	
2003:13	2482	
2003:14	2421	
2003:15	2163	
2003:16	2509	
2004:1	919	
2004:2	2880	
2004:3	2307	
2004:4	3307	
2004:5	2725	
2004:6	2552	
2004:7	3161	
2004:8	2917	
2004:9	2623	
2004:10	4783	
2004:11	2639	
2005:1	888	
2005:2	2948	
2005:3	2269	
2005:4	3354	
2005:5	3762	
2005:6	2777	
2005:7	2454	
2005:8	2892	
2005:9	3180	
2005:10	3556	
2005:11	4936	
2005:12	1298	
2006:1	978	
2006:2	2914	
2006:3	2959	
2006:4	2681	
2006:5	2924	
2006:6	2428	
2006:7	2581	
2006:8	3714	
2006:9	2667	
2006:10	3801	
2007:1	1013	
2007:2	3347	
2007:3	2809	
2007:4	3197	
2007:5	2944	
2007:6	2393	
2007:7	2518	
2007:8	3297	
2007:9	3158	
2007:10	4132	
2008:1	186	
2008:2	2014	
2008:3	2390	
2008:4	2507	
2008:5	1173	
2008:6	2107	
2008:7	2518	
2008:8	2371	
2008:9	1943	
2008:10	2840	
2008:11	2222	
2008:12	968	
2008:13	2650	
2008:14	2330	
2008:15	2287	
2008:16	901	
2009:1	188	
2009:2	1933	
2009:3	2302	
2009:4	2425	
2009:5	2371	
2009:6	2365	
2009:7	1063	
2009:8	3237	
2009:9	1936	
2009:10	2129	
2009:11	2667	
2009:12	2418	
2009:13	2060	
2009:14	3831	
2009:15	2569	
2009:16	3876	
2009:17	98	
2009:18	93	
2009:19	2210	
2009:20	2093	
2009:21	2313	
2009:22	1470	
2009:23	96	
2009:24	96	
