2010	00000	49727	tungsverfahrensgesetzes  GVBI. II 304-18  27.01.10 Verwaltungskostenordnung für den Geschäftsbereich des Kultusministeriums (VwKostO-KM)  GVB1. II 305-67  02.02.10  Gesetz zur Änderung des Hessischen Feiertagsgesetzes und des Hessischen Ladenöffnungsgesetzes  Ändert GVBI. II 17-6, 513-13  02.02.10  Gesetz zur Änderung des Hessischen Disziplinargesetzes  Ändert GVBI. II 325-30  09.02.10 Verordnung über die Abfindung bei Dienstreisen in Vollstrecku || 6  Ernennung:  Siehe Befristete Rechtsvorschriften (S. 450)  Erosionsgefährdung:  Verordnung zur Einteilung landwirtschaftlicher Flächen  nach dem Grad der Erosionsgefährdung V. 27.08.10...   300  F  Feiertag:  Gesetz zur Änderung des Hessischen Feiertagsgesetzes  und des Hessischen Ladenöffnungsgesetzes  V. 02.02.10    10  Feuerwehr:  Siehe Fahrberechtigung (S. 166)  Finanzausgleich:  Finanzausgleichsänderungsgesetz 2011  V. 16.12.10    612  89  || ften (S. 450)  Erosionsgefährdung:  Verordnung zur Einteilung landwirtschaftlicher Flächen  nach dem Grad der Erosionsgefährdung V. 27.08.10...   300  F  Feiertag:  Gesetz zur Änderung des Hessischen Feiertagsgesetzes  und des Hessischen Ladenöffnungsgesetzes  V. 02.02.10    10  Feuerwehr:  Siehe Fahrberechtigung (S. 166)  Finanzausgleich:  Finanzausgleichsänderungsgesetz 2011  V. 16.12.10    612  89  11   163  FuBballweltmeisterschaf t:  Verordn || r Änderung der Verordnung über das  Kuratorium für das landwirtschaftliche und garten-  bauliche Beratungswesen v. 19.05.10     159  Siehe Befristete Rechtsvorschriften (S. 375)  Ladenöffnung:  Siehe Feiertag (S. 10)  Lärmschutz:  Siehe Fußballweltmeisterschaft (S. 163)  Landeswahlordnung:  Siehe Wahlrecht (S. 140)  Landgestüt:  Gesetz zur Neuorganisation des Hessischen Landgestüts  Dillenburg v. 04.03,10    84  Landkreisordnung:  Siehe Kommunalw
2010	00001	16198	
2010	00002	15383	2. 2. 10 Gesetz zur Änderung des Hessischen Feiertagsgesetzes und des Hessi- schen Ladenöffnungsgesetzes ............................................................................ Ändert GVBl. II 17-6, 513-13 10 H 13614 9 Gesetz- und Verordnungsblatt für das Land Hessen · Teil I 2010 Tag Inh || ....................... Ändert GVBl. II 54-54 14 – Berichtigung ......................................................................................................... 16  Artikel 11) Das Hessische Feiertagsgesetz in der Fassung vom 29. Dezember 1971 (GVBl. I S. 344), zuletzt geändert durch Gesetz vom 26. November 1997 (GVBl. I S. 396), wird wie folgt geändert: 1. § 6 Abs. 2 wird wie folgt geändert: a) In Nr. 4 wird der Punkt durch ein Semikolo || eil I – 8. Februar 2010 1) Ändert GVBl. II 17-6 2) Ändert GVBl. II 513-13 D e r  L a n d t a g  h a t  d a s  f o l g e n d e  G e s e t z  b e s c h l o s s e n : Gesetz  zur Änderung des Hessischen Feiertagsgesetzes und  des Hessischen Ladenöffnungsgesetzes Vom 2. Februar 2010 Die verfassungsmäßigen Rechte der Landesregierung sind gewahrt. Das vorstehende Gesetz wird hiermit verkündet. Wiesbaden, den 2. Februar 2010 D e r  H e s s i s c h e  M 
2010	00003	137532	etzt wird, beginnt mit dem Tag, der auf die Bekanntgabe der Frist folgt, außer wenn dem Betroffenen etwas anderes mitgeteilt wird. (3) Fällt das Ende einer Frist auf einen Sonntag, einen gesetzlichen Feiertag oder einen Sonnabend, so endet die Frist mit dem Ablauf des nächstfolgenden Werkta- ges. Dies gilt nicht, wenn dem Betroffe- nen unter Hinweis auf diese Vorschrift ein bestimmter Tag als Ende der Frist mitge- teilt worden ist. (4) Hat eine B || t eine Behörde Leistungen nur für einen bestimmten Zeitraum zu erbrin- gen, so endet dieser Zeitraum auch dann mit dem Ablauf seines letzten Tages, wenn dieser auf einen Sonntag, einen ge- setzlichen Feiertag oder einen Sonnabend fällt. (5) Der von einer Behörde gesetzte Termin ist auch dann einzuhalten, wenn er auf einen Sonntag, gesetzlichen Feier- tag oder Sonnabend fällt. (6) Ist eine Frist nach Stunden be- stimmt, so werden Sonntage, gesetzl || Behörde gesetzte Termin ist auch dann einzuhalten, wenn er auf einen Sonntag, gesetzlichen Feier- tag oder Sonnabend fällt. (6) Ist eine Frist nach Stunden be- stimmt, so werden Sonntage, gesetzliche Feiertage oder Sonnabende mitgerechnet. (7) Fristen, die von einer Behörde ge- setzt sind, können verlängert werden. Sind solche Fristen bereits abgelaufen, so können sie rückwirkend verlängert wer- den, insbesondere wenn es unbillig wäre, die durch 
2010	00004	115178	
2010	00005	59659	
2010	00006	41406	
2010	00007	33269	
2010	00008	13668	
2010	00009	40823	
2010	00010	4404	
2010	00011	31864	
2010	00012	248313	1) Gefangene sollen am letzten Tag ihrer Strafzeit möglichst frühzeitig, jeden- falls noch am Vormittag, entlassen wer- den. Fällt das Strafende auf einen Sonn- abend, Sonntag oder einen gesetzlichen Feiertag, den ersten Werktag nach Ostern oder Pfingsten oder in die Zeit vom 22. Dezember bis zum 2. Januar, so kön- nen Gefangene an dem diesem Tag oder Zeitraum vorhergehenden Werktag ent- lassen werden, wenn dies nach der Länge der Strafzeit vertr
2010	00013	39165	
2010	00014	73116	
2010	00015	9242	
2010	00016	63409	
2010	00017	70229	
2010	00018	84506	
2010	00019	90210	
2010	00020	190160	age (zu § 16a Abs. 1) Ein Vorverfahren nach § 68 der Ver- waltungsgerichtsordnung  oder  ein Widerspruchsverfahren nach beson- deren Rechtsvorschriften entfällt in folgenden Fällen: 1. Stiftungs- und Feiertagsrecht 1.1 Entscheidungen nach dem Hes- sischen  Stiftungsgesetz  vom  4. April 1966 (GVBl. I S. 77), zu- letzt geändert durch Gesetz vom 6. September 2007 (GVBl. I S. 546); 1.2 Entscheidungen nach § 14 des Hessischen Feiertagsgesetzes in der || idungen nach dem Hes- sischen  Stiftungsgesetz  vom  4. April 1966 (GVBl. I S. 77), zu- letzt geändert durch Gesetz vom 6. September 2007 (GVBl. I S. 546); 1.2 Entscheidungen nach § 14 des Hessischen Feiertagsgesetzes in der Fassung vom 29. Dezember 1971 (GVBl. I S. 344), zuletzt ge- ändert  durch  Gesetz  vom  2. Februar 2010 (GVBl. I S. 10), es sei denn, ein Dritter erhebt Widerspruch; 2. Öffentliche Sicherheit und Ord- nung 2.1 Entscheidungen 
2010	00021	156008	
2010	00022	127219	
2010	00023	265465	
2010	00024	284087	
2010	00025	104449	dem Erfordernis der Reisegewerbekarte  nach  mindestens 60 für besondere Verkaufsveranstaltungen  Zeitaufwand (§ 55a Abs. 2 GewO) 22232 zur Ausübung von Tätigkeiten im Reise- 30 ge werbe an Sonn- und Feiertagen (§ 55e Abs. 2 GewO) 22233 hinsichtlich der Verbote des § 56 GewO  je Verbot 30 (§ 56 Abs. 2 Satz 3 GewO) 223 Messen, Ausstellungen, Märkte 2231 Festsetzung einer Veranstaltung nach § 69  nach  mindestens 120 Abs. 1 GewO (Messe nach § 64 Ge
2011	00000	66771	esetz- und Verordnungsblatt für das Land Hessen, Teil I – Jahrgang 2011 Tag Seite Inhalt 12.10.11 Verordnung über die Zulassung der Beschäftigten von Arbeitnehmerinnen und Arbeitnehmern an  Sonn- und Feiertagen (Bedarfsgewerbeverordnung – BedGewV) .............................................................. 664 GVBl. II 50-49 20.10.11 Hessische Trennungsgeldverordnung (HTGV)....................................................................... || ............................................. 180 Beamtenversorgung: Bekanntmachung der Neufassung des Hessischen  Beamtenversorgungsgesetzes v. 28.01.11..................... 98 Bedarfsgewerbe: Siehe Feiertage (S. 664) Befristete Rechtsvorschriften: Sechstes Gesetz zur Verlängerung der Geltungsdauer  und Änderung befristeter Rechtsvorschriften  v. 16.09.11 ....................................................................... 402 Achte Verordnun ||  und Verordnungsblatt für das Land Hessen, Teil I – Jahrgang 2011 Ersatzschulfinanzierung: Siehe Befristete Rechtsvorschriften (S. 402) Europäische Verfahren: Siehe Verfahrenskonzentration (S. 152) F Feiertage: Verordnung über die Zulassung der Beschäftigung von  Arbeitnehmerinnen und Arbeitnehmern an Sonn-  und Feiertagen (Bedarfsgewerbeverordnung – BedGewV) v. 12.10.11 .................................................... 664 Finanzausgleich: Si || vorschriften (S. 402) Europäische Verfahren: Siehe Verfahrenskonzentration (S. 152) F Feiertage: Verordnung über die Zulassung der Beschäftigung von  Arbeitnehmerinnen und Arbeitnehmern an Sonn-  und Feiertagen (Bedarfsgewerbeverordnung – BedGewV) v. 12.10.11 .................................................... 664 Finanzausgleich: Siehe Metropolregion (S. 153) Siehe Regierungspräsidien (S. 420) Siehe Gemeindeordnung (S. 786) Finanzausgleichsände
2011	00001	15002	
2011	00002	83745	
2011	00003	17739	
2011	00004	204882	
2011	00005	212577	
2011	00006	82677	
2011	00007	8197	
2011	00008	9972	 erfolgen, soweit dienstli- che Gründe nicht entgegenstehen. § 4 Arbeitszeitregelung in  besonderen Fällen (1) Bei Bedarf ist im Verwaltungs- und Werkdienst an Sonnabenden, Sonntagen und gesetzlichen Feiertagen für Eilfälle ein Sonderdienst einzurichten. § 3 Abs. 5 gilt entsprechend. (2) Die tägliche Arbeitszeit der im ärzt- lichen, pädagogischen, psychologischen und sozialen Dienst tätigen Beamtinnen und Beamten richtet sich nach den Be- treuung || Behandlungserfordernis- sen der Gefangenen in den einzelnen Justizvollzugsanstalten. Es ist insbesonde- re sicherzustellen, dass die Betreuung der Gefangenen in den Abendstunden, am Wochenende und an Feiertagen gewähr- leistet ist; dies gilt auch für den 24. und 31. Dezember. Der Dienst an Wochenen- den und gesetzlichen Feiertagen wird durch entsprechende Freizeiten an den übrigen Wochentagen ausgeglichen. § 3 Abs. 5 Satz 2 gilt entsprechend. § 5 || , dass die Betreuung der Gefangenen in den Abendstunden, am Wochenende und an Feiertagen gewähr- leistet ist; dies gilt auch für den 24. und 31. Dezember. Der Dienst an Wochenen- den und gesetzlichen Feiertagen wird durch entsprechende Freizeiten an den übrigen Wochentagen ausgeglichen. § 3 Abs. 5 Satz 2 gilt entsprechend. § 5 Aufhebung bisherigen Rechts Die Verordnung über die Arbeitszeit der bei den Justizvollzugsanstalten täti- gen  Beamtinnen
2011	00009	65972	
2011	00010	23747	
2011	00011	107254	die Erhebung von Gebühren vorgesehen ist, gebührenfrei.“ 101. In Nr. 214 wird in Spalte 2 die Angabe „281149“ durch „2811510“ und die Angabe „22.30 Uhr“ durch „22.00 Uhr mit Ausnahme von gesetzlichen Feiertagen“ ersetzt. 102. Nach Nr. 216 wird als Nr. 217 eingefügt: 222 Nr. 11 – Gesetz- und Verordnungsblatt für das Land Hessen, Teil I – 3. Juni 2011 Nr. Gegenstand Als Gebühren sind zu erheben Bemessungsgrundlage Gebühr EUR 1 2 3 4 217 Ausstellung
2011	00012	200041	
2011	00013	28383	
2011	00014	114931	
2011	00015	68338	
2011	00016	65681	t neu gefasst: „§ 16 Dauer der Werbung, Sponsoring“. b) Es wird folgender neuer Absatz 6 angefügt: „(6)  Sponsoring  findet  nach 20.00 Uhr sowie an Sonntagen und im ganzen Bundesgebiet anerkann- ten Feiertagen im Fernsehen nicht statt; dies gilt nicht für das Sponso- ring der Übertragung von Großer- eignissen nach § 4 Abs. 2.“ 7. In § 43 Satz 2 werden die Wörter „der Rundfunkgebühr“ durch die Wörter „dem Rundfunkbeitrag“ ersetzt. 8. § 52b wird w
2011	00017	104458	
2011	00018	301250	
2011	00019	98344	
2011	00020	250936	
2011	00021	70587	chts .......................... GVBl. II 50-48, 514-8; ändert GVBl. II 514-7, 53-59 661 12. 10. 11 Verordnung über die Zulassung der Beschäftigung von Arbeitnehmerinnen und Arbeitnehmern an Sonn- und Feiertagen (Bedarfsgewerbeverordnung - BedGewV).......................................................................................................... GVBl. II 50-49 664 4. 10. 11 Zweite Verordnung zur Änderung der Verordnung über das maschinell g || ungen (1) Für das Beibehalten einer entgeltli- chen Unterkunft am neuen Dienstort oder in dessen Einzugsgebiet werden für volle Kalendertage der Abwesenheit wegen 1. eines Urlaubs sowie der Sonn- und Feiertage innerhalb eines Urlaubs, 2. einer Dienstbefreiung, 3. einer Abwesenheit aufgrund einer Er- krankung oder 4. eines dienstlich erlaubten Aufenthalts an Arbeitstagen am Wohnort in den Fällen des § 1 Abs. 1 Satz 1 die Unterkunftskosten wie bei  || gstsonntag, Pfingstmontag, Fron- leichnamstag, Volkstrauertag, Totensonn- tag sowie am ersten und zweiten Weih- nachtstag. (3) Die Beschäftigung von Arbeitneh- merinnen und Arbeitnehmern an Sonn- und Feiertagen nach Abs. 1 Nr. 9 ist der Aufsichtsbehörde vor der erstmaligen Be- schäftigung anzuzeigen. Die Anzeige muss insbesondere enthalten: 1. Angaben  zur  Notwendigkeit  der  Arbeiten, 2. die Zahl der Beschäftigten und 3. die Arbeitszeiten der B || - schäftigung anzuzeigen. Die Anzeige muss insbesondere enthalten: 1. Angaben  zur  Notwendigkeit  der  Arbeiten, 2. die Zahl der Beschäftigten und 3. die Arbeitszeiten der Beschäftigten an Sonn- und Feiertagen. Wesentliche Veränderungen sind anzu- zeigen. § 2 Diese Verordnung tritt am Tage nach der Verkündung in Kraft. Sie tritt mit Ab- lauf des 31. Dezember 2016 außer Kraft. *) GVBl. II 50-49 Verordnung  über die Zulassung der Beschäftigung von || Verkündung in Kraft. Sie tritt mit Ab- lauf des 31. Dezember 2016 außer Kraft. *) GVBl. II 50-49 Verordnung  über die Zulassung der Beschäftigung von Arbeitnehmerinnen  und Arbeitnehmern an Sonn- und Feiertagen (Bedarfsgewerbeverordnung – BedGewV)*) Vom 12. Oktober 2011 Wiesbaden, den 12. Oktober 2011 H e s s i s c h e  L a n d e s r e g i e r u n g D e r  M i n i s t e r p r ä s i d e n t D e r  S o z i a l m i n i s t e r B o u f f i e r G r ü 
2011	00022	87502	
2011	00023	86009	
2011	00024	64895	
2011	00025	52635	
2011	00026	160981	
2011	00027	332624	 Entgelte Arbeitnehmer 620 Entgelte für geleistete Arbeitszeit (einschl. tariflicher, vertraglicher oder  arbeitsbedingter Zulagen) 621  - reserviert -     622     Entgelte für andere Zeiten (Urlaub, Feiertag, Krankheit)     6221   Urlaubsgeld Arbeitnehmer     6222   Sonderzuwendung Arbeitnehmer       6229   Sonstige Entgelte für andere Zeiten   623 Freiwillige Zuwendungen     624     Übergangsgelder/Abfindungen Arbeitnehmer   625 Sachbezüge   62
2012	00000	67255	r anerkannten Rettungsdienste, des Technischen Hilfswerks und der sonstigen Einheiten des Katastrophenschutzes (Hessische Fahrberechti- gungsverordnung – HFbV) v. 16.02.12 ........................ 22 Feiertagsgesetz: Siehe Befristete Rechtsvorschriften (S. 622) Feuerwehr: Siehe Fahrberechtigung (S. 22) Siehe Reisekosten (S. 671) Finanzausgleich: Siehe Schutzschirm (S. 128) Gesetz zur Änderung des Finanzausgleichsgesetzes und des Hessischen Besold
2012	00001	18628	
2012	00002	16937	
2012	00003	26968	
2012	00004	47971	
2012	00005	34993	
2012	00006	159549	
2012	00007	47421	
2012	00008	12551	
2012	00009	7919	
2012	00010	40504	
2012	00011	26846	
2012	00012	20827	
2012	00013	130542	it von 0 Uhr bis 11 Uhr, 2. am Volkstrauertag und am Toten- sonntag jeweils in der Zeit von 4 Uhr bis 24 Uhr, 3. am 24. Dezember ab 4 Uhr und am 1. Weihnachtstag ganztags, 4. an den übrigen Sonn- und Feiertagen in der Zeit von 4 Uhr bis 12 Uhr. § 5 Spiel- und Betätigungsverbote (1) Die Teilnahme am Spiel ist 1. Minderjährigen, 2. der Erlaubnisinhaberin oder dem Er- laubnisinhaber,  Gesellschafterinnen oder Gesellschaftern der Spielhallen sowie de
2012	00014	29546	
2012	00015	20929	
2012	00016	19	
2012	00017	4111	
2012	00018	64540	
2012	00019	109712	
2012	00020	37544	
2012	00021	152783	 Bewilligung einer Ausnahme nach § 7 Abs. 5  in Bereichen, in denen üblicherweise keine  Tarifverträge geschlossen werden     550  3712  Feststellung der Zulässigkeit der Beschäfti- gung an Sonn- und Feiertagen nach § 13  Abs. 3 Nr. 1   nach Zeitaufwand     Nr. 21 – Gesetz- und Verordnungsblatt für das Land Hessen – 13. November 2012 389   / Nr.  Gegenstand  Bemessungsgrundlage  Gebühr  EUR  1  2  3  4  3713  Bewilligung der Beschäftigung an Sonn ||  Nr. 21 – Gesetz- und Verordnungsblatt für das Land Hessen – 13. November 2012 389   / Nr.  Gegenstand  Bemessungsgrundlage  Gebühr  EUR  1  2  3  4  3713  Bewilligung der Beschäftigung an Sonn- und  Feiertagen nach § 13 Abs. 3 Nr. 2 für einen  Sonn- oder Feiertag       37131  für 1 bis 5 Personen     120  37132  für 6 bis 20 Personen     250  37133  für 21 bis 50 Personen     400  37134  für 51 bis 100 Personen     500  37135  für 101 bis 150 Pe || en – 13. November 2012 389   / Nr.  Gegenstand  Bemessungsgrundlage  Gebühr  EUR  1  2  3  4  3713  Bewilligung der Beschäftigung an Sonn- und  Feiertagen nach § 13 Abs. 3 Nr. 2 für einen  Sonn- oder Feiertag       37131  für 1 bis 5 Personen     120  37132  für 6 bis 20 Personen     250  37133  für 21 bis 50 Personen     400  37134  für 51 bis 100 Personen     500  37135  für 101 bis 150 Personen     600  37136  für 151 bis 500 Personen     700  || 0  37134  für 51 bis 100 Personen     500  37135  für 101 bis 150 Personen     600  37136  für 151 bis 500 Personen     700  37137  für über 500 Personen     800  37138  für jeden weiteren Sonn- oder Feiertag,  zusätzlich zu Nr. 37131 bis Nr. 37137     60  3714  Bewilligung der Beschäftigung an Sonn- und  Feiertagen nach § 13 Abs. 4       37141  für eine befristete Genehmigung bis zu einem  Jahr       371411  für 1 bis 20 Personen     500  371412 || Personen     700  37137  für über 500 Personen     800  37138  für jeden weiteren Sonn- oder Feiertag,  zusätzlich zu Nr. 37131 bis Nr. 37137     60  3714  Bewilligung der Beschäftigung an Sonn- und  Feiertagen nach § 13 Abs. 4       37141  für eine befristete Genehmigung bis zu einem  Jahr       371411  für 1 bis 20 Personen     500  371412  für 21 bis 50 Personen     700  371413  für 51 bis 100 Personen     1 000  371414  für 101 bis 250 Person ||  Personen     1 300  371424  für 101 bis 250 Personen     1 800  371425  für 251 bis 500 Personen     2 500  371426  für über 500 Personen     2 900  3715  Bewilligung der Beschäftigung an Sonn- und  Feiertagen nach § 13 Abs. 5        390 Nr. 21 – Gesetz- und Verordnungsblatt für das Land Hessen – 13. November 2012   Nr.  Gegenstand  Bemessungsgrundlage  Gebühr  EUR  1  2  3  4  37151  für eine befristete Genehmigung bis zu einem  Jahr       3715 || age  Gebühr  EUR  1  2  3  4  3717  Bewilligung nach § 15 Abs. 1 Nr. 3 oder 4     350  3718  Ausnahmebewilligung nach § 15 Abs. 2       37181  für die Befreiung vom Beschäftigungsverbot  an Sonn- und Feiertagen       371811  für einen Sonn- oder Feiertag       3718111  für 1 bis 5 Personen     100  3718112  für 6 bis 20 Personen     200  3718113  für 21 bis 50 Personen     330  3718114  für 51 bis 100 Personen     450  3718115  für 101 bis 150 Pe || g nach § 15 Abs. 1 Nr. 3 oder 4     350  3718  Ausnahmebewilligung nach § 15 Abs. 2       37181  für die Befreiung vom Beschäftigungsverbot  an Sonn- und Feiertagen       371811  für einen Sonn- oder Feiertag       3718111  für 1 bis 5 Personen     100  3718112  für 6 bis 20 Personen     200  3718113  für 21 bis 50 Personen     330  3718114  für 51 bis 100 Personen     450  3718115  für 101 bis 150 Personen     570  3718116  für 151 bis 500 Perso || 8114  für 51 bis 100 Personen     450  3718115  für 101 bis 150 Personen     570  3718116  für 151 bis 500 Personen     700  3718117  für über 500 Personen     800  3718118  für bis zu fünf Sonn- und Feiertage,  zusätzlich zu Nr. 3718111 bis 3718117  je weiterer Tag  30  371812  für mehr als fünf Sonn- und Feiertage bis zu  drei Monaten       3718121  für 1 bis 5 Personen     250  3718122  für 6 bis 20 Personen     450  3718123  für 21 bis 50 Per || ersonen     700  3718117  für über 500 Personen     800  3718118  für bis zu fünf Sonn- und Feiertage,  zusätzlich zu Nr. 3718111 bis 3718117  je weiterer Tag  30  371812  für mehr als fünf Sonn- und Feiertage bis zu  drei Monaten       3718121  für 1 bis 5 Personen     250  3718122  für 6 bis 20 Personen     450  3718123  für 21 bis 50 Personen     650  3718124  für 51 bis 100 Personen     900  3718125  für 101 bis 150 Personen     1 100  371812
2012	00022	64314	
2012	00023	81561	
2012	00024	92042	
2012	00025	50456	
2012	00026	40338	
2012	00027	174136	
2012	00028	101049	setzes über Volksbegehren und Volksentscheid vom 16. Mai 1950 (GVBl. S. 103), zuletzt geändert durch Gesetz vom 8. Februar 2011 (GVBl. I  S. 38), wird aufgehoben. Artikel 33) Änderung des Hessischen  Feiertagsgesetzes § 17 Satz 2 des Hessischen Feiertags- gesetzes in der Fassung vom 29. Dezem- ber 1971 (GVBl. I S. 344), zuletzt geändert durch Gesetz vom 2. Februar 2010 (GVBl. I S. 10), wird aufgehoben. Artikel 44) Änderung des Hessischen Gesetzes || vom 16. Mai 1950 (GVBl. S. 103), zuletzt geändert durch Gesetz vom 8. Februar 2011 (GVBl. I  S. 38), wird aufgehoben. Artikel 33) Änderung des Hessischen  Feiertagsgesetzes § 17 Satz 2 des Hessischen Feiertags- gesetzes in der Fassung vom 29. Dezem- ber 1971 (GVBl. I S. 344), zuletzt geändert durch Gesetz vom 2. Februar 2010 (GVBl. I S. 10), wird aufgehoben. Artikel 44) Änderung des Hessischen Gesetzes  zur Ausführung der  Verwaltungsgerichtsordn
2012	00029	70884	
2013	00000	53940	 Verordnung zur Entfristung der Bergrechtlichen Zuständigkeits- und Anerkennungsverordnung......... 570 Ändert FFN 53-59 16.10.13 Verordnung zur Bestimmung des Reformationstages 2017 zum gesetzlichen Feiertag ............................ 566 FFN 17-40 21.10.13 Sechste Verordnung zur Verlängerung der Geltungsdauer und Änderung befristeter Rechtsvor- schriften im Geschäftsbereich des Ministeriums der Justiz, für Integration und Europa.............. || he Zuständigkeiten (S. 89) Professoren: Siehe Besoldung (S. 578) R Rechtspflege: Siehe Zuständigkeiten (S. 386) Reformationstag: Verordnung zur Bestimmung des Reformationstages  2017 zum gesetzlichen Feiertag v. 16.10.13 ................ 566 Regulierungskammer: Gesetz zur Errichtung der Regulierungskammer Hes- sen v. 27.05.13 ................................................................ 200 Reisekosten: Siehe Personalangelegenheiten (S. 162) S
2013	00001	45018	ht mög- lich ist, werden durch die Hochschule und die Stiftung unterstützt. Fällt das Ende ei- ner im dialogorientierten Serviceverfah- ren geltenden Ausschlussfrist auf einen Sonntag,  gesetzlichen  Feiertag  oder Sonnabend, so endet die Frist abwei- chend von § 31 Abs. 3 Satz 1 des Hessi- schen  Verwaltungsverfahrensgesetzes (HVwVfG) in der Fassung vom 15. Januar 2010 mit dem Ablauf dieses Tages. (3) Für die Bewerbung um einen Studi- enplatz mu
2013	00002	4758	
2013	00003	5759	
2013	00004	194484	
2013	00005	25454	
2013	00006	70728	
2013	00007	89553	
2013	00008	8690	
2013	00009	131559	nn durch Satzung für die Zulassungsanträge aus- ländischer Staatsangehöriger oder Staa- tenloser früher endende Fristen festlegen. Fällt das Ende einer Ausschlussfrist auf einen Sonntag, gesetzlichen Feiertag oder Sonnabend, so endet die Frist abwei- chend von § 31 Abs. 3 Satz 1 des Hessi- schen Verwaltungsverfahrensgesetzes mit dem Ablauf dieses Tages. (2) Im Zulassungsantrag ist ein Studi- engang der Hochschule zu wählen. Be- werberinnen oder B || ht mög- lich ist, werden durch die Hochschule und die Stiftung unterstützt. Fällt das Ende ei- ner im dialogorientierten Serviceverfah- ren geltenden Ausschlussfrist auf einen Sonntag,  gesetzlichen  Feiertag  oder Sonnabend, so endet die Frist abwei- chend von § 31 Abs. 3 Satz 1 des Hessi- schen Verwaltungsverfahrensgesetzes mit dem Ablauf dieses Tages. (3) Für die Bewerbung um einen Studi- enplatz muss sich die Bewerberin oder der Bewerber über
2013	00010	62820	
2013	00011	620908	
2013	00012	15469	
2013	00013	82073	
2013	00014	57793	 511  Einsätze wegen Ansammlungen     512  Einwohnermeldewesen     42  Enteignungsrechtliche Angelegenheiten     1  Ersatzvornahme     544  Europäischer Feuerwaffenpas s     742  Falschalarm     531  Feiertagsrecht     2  Freiheitsentziehungsgesetz     575  Friedhofswesen     41  Fundrecht     47  Gefährliche Hunde     45  Gefährliche Tiere     546  G eldwäschege setz     8  Kampfmittelräumdienst     574  Lotterien     431  Ordnungsrechtliche Ang ||   550 bis  2 900  109  Teilenteignungsbeschluss nach § 30 Abs. 5  440  bis 2 900  110  Verlängerung des Laufs der Verwendungsfrist  nach § 31 Abs. 2  230  111  Ausführungsanordnung nach § 35  170  2  Feiertagsgesetz  Amtshandlungen nach dem Hessischen  Feiertagsgesetz (HFeiertagsG)  21  Befreiung von einer Beschränkung oder einem  27 bis 825  Verbot nach § 14 Abs. 1  22  Befreiung für den vollautomatischen Betrieb  275 bis  von mit Tankstellen ve || § 30 Abs. 5  440  bis 2 900  110  Verlängerung des Laufs der Verwendungsfrist  nach § 31 Abs. 2  230  111  Ausführungsanordnung nach § 35  170  2  Feiertagsgesetz  Amtshandlungen nach dem Hessischen  Feiertagsgesetz (HFeiertagsG)  21  Befreiung von einer Beschränkung oder einem  27 bis 825  Verbot nach § 14 Abs. 1  22  Befreiung für den vollautomatischen Betrieb  275 bis  von mit Tankstellen verbundenen Autowasch-  anlagen nach § 14 Abs. 2  1 100 || bis 2 900  110  Verlängerung des Laufs der Verwendungsfrist  nach § 31 Abs. 2  230  111  Ausführungsanordnung nach § 35  170  2  Feiertagsgesetz  Amtshandlungen nach dem Hessischen  Feiertagsgesetz (HFeiertagsG)  21  Befreiung von einer Beschränkung oder einem  27 bis 825  Verbot nach § 14 Abs. 1  22  Befreiung für den vollautomatischen Betrieb  275 bis  von mit Tankstellen verbundenen Autowasch-  anlagen nach § 14 Abs. 2  1 100  3  Vereins- und 
2013	00015	3505	
2013	00016	124608	
2013	00017	101465	
2013	00018	15208	
2013	00019	5135	
2013	00020	27414	
2013	00021	18839	
2013	00022	19072	
2013	00023	22655	
2013	00024	10761	
2013	00025	27283	16. 10. 13 Verordnung zur Bestimmung des Reformationstages 2017 zum gesetzlichen Feiertag................................................................................................................. FFN 17-40 566 H 13614 565 Gesetz- und Verordnungsblatt für das Land Hessen 2013 Tag Inhalt Seite Nr. 25 Ausgegeben zu Wiesbaden  || er 1971 (GVBl. I S. 344), zu- letzt geändert durch Gesetz vom 13. De- zember 2012 (GVBl. S. 622), verordnet die Landesregierung: § 1  Der 31. Oktober 2017 wird für das Lan- desgebiet zum gesetzlichen Feiertag er- klärt. § 2  Diese Verordnung tritt am Tage nach der Verkündung in Kraft. 566 Nr. 25 – Gesetz- und Verordnungsblatt für das Land Hessen – 5. November 2013 *) FFN 17-40 Wiesbaden, den 16. Oktober 2013 H e s s i s c h e  L a n d e s r e g i ||  i n i s t e r p r ä s i d e n t D e r  M i n i s t e r   B o u f f i e r d e s  I n n e r n  u n d  f ü r  S p o r t   R h e i n Verordnung zur Bestimmung des Reformationstages 2017 zum gesetzlichen Feiertag*) Vom 16. Oktober 2013  Nr. 25 – Gesetz- und Verordnungsblatt für das Land Hessen – 5. November 2013 567 Artikel 11) Änderung der Verordnung über den elektronischen Rechtsverkehr bei  hessischen Gerichten  und Staatsanwaltschaften Aufgrund 1
2013	00026	144831	
2013	00027	24865	
2013	00028	21366	
2013	00029	25412	
2013	00030	50209	
2014	00000	46671	
2014	00001	31955	
2014	00002	15783	
2014	00003	101208	
2014	00004	12882	
2014	00005	85179	
2014	00006	76479	
2014	00007	12846	
2014	00008	20618	
2014	00009	6865	
2014	00010	51020	
2014	00011	21735	
2014	00012	29882	
2014	00013	32991	
2014	00014	35918	
2014	00015	19742	
2014	00016	21665	
2014	00017	25073	
2014	00018	53395	
2014	00019	49395	
2014	00020	42582	
2014	00021	83945	
2014	00022	47520	
2014	00023	41105	
2014	00024	23963	
2014	00025	142183	
2015	00000	53169	07 – Entscheidung des Hessischen Verwaltungsgerichtshofes in dem Normenkontrollverfahren über die Verordnung über die Zulassung der Beschäftigung von Arbeitnehmerinnen und Arbeitnehmern an  Sonn- und Feiertagen (Bedarfsgewerbeverordnung – BedGewV) vom 12. Oktober 2011 (GVBl. I S. 664) ................................................................................................................................................. 26 Zu FFN 50-49  S || e: Entscheidung des Hessischen Verwaltungsgerichtshofes in dem Normenkontrollverfahren über die Verord- nung über die Zulassung der Beschäftigung von  Arbeitnehmerinnen und Arbeitnehmern an Sonn- und Feiertagen (Bedarfsgewerbeverordnung – BedGewV) vom 12. Oktober 2011 (GVBl. I S. 664) ........................ 26 Befristete Rechtsvorschriften: Achte Verordnung zur Verlängerung der Geltungsdauer und Änderung befristeter Rechtsvorschriften im Ge- sc
2015	00001	56986	No- vember 2014 in dem Verfahren 6 CN 1.13, entschieden: „Die in § 1 Abs. 1 Nr. 1, 9 und 10 der  Verordnung über die Zulassung der Be- schäftigung von Arbeitnehmerinnen und Arbeitnehmern an Sonn- und Feiertagen (Bedarfsgewerbeverordnung – BedGewV) vom 12. Oktober 2011 (GVBl. I Seite 664) getroffenen Ausnahmeregelungen sind unwirksam.“ Die  vorstehende  Entscheidungsformel wird nach § 47 Abs. 5 Satz 2 der Verwal- tungsgerichtsordnung veröffentlich || 0-49 Entscheidung des Hessischen Verwaltungsgerichtshofes in dem Normenkontrollverfahren über die Verordnung über die Zulassung der Beschäftigung von  Arbeitnehmerinnen und Arbeitnehmern an Sonn- und Feiertagen  (Bedarfsgewerbeverordnung – BedGewV) vom 12. Oktober 2011 (GVBl. I S. 664)*) Wiesbaden, den 18. Dezember 2014 D r.  D i p p e l    S t a a t s s e k r e t ä r  d e s  H e s s i s c h e n  M i n i s t e r i u m s f ü r  S o z i a l e s  u
2015	00002	30881	
2015	00003	44456	
2015	00004	123761	
2015	00005	3992	
2015	00006	26077	
2015	00007	105719	
2015	00008	87494	
2015	00009	27430	
2015	00010	30628	
2015	00011	39802	
2015	00012	10030	
2015	00013	41581	eruflichen Entwicklung, die verant- wortliche Gestaltung des alltäglichen Zu- sammenlebens und der freien Zeit sowie die Vermittlung unterstützender Kontak- te. Auch an Wochenenden und gesetzli- chen Feiertagen sind geeignete Maßnah- men durchzuführen. (4) Die Jugendlichen sind an einen ge- regelten Tagesablauf heranzuführen. (5) Die Jugendlichen werden darin un- terstützt, ihre persönlichen, wirtschaftli- chen und sozialen Schwierigkeiten zu be-
2015	00014	32817	
2015	00015	23776	
2015	00016	21238	
2015	00017	21990	
2015	00018	62997	
2015	00019	105401	mit Zustimmung der Spielbankge- meinde  festgelegt.  Die  festgesetzten Spielstunden sind durch Aushang am Eingang der Spielbank deutlich sichtbar bekannt zu geben. (3) Das Spiel ruht 1. an Sonn- und Feiertagen in der Zeit von 4 Uhr bis 12 Uhr, 2. am Karfreitag ganztags, 3. am 1. Mai und am Fronleichnamstag in der Zeit von 4 Uhr bis 24 Uhr, 4. am Volkstrauertag und am Totensonn- tag in der Zeit von 4 Uhr bis 24 Uhr,  5. am 24. Dezember ab 4 Uhr u
2015	00020	23912	
2015	00021	16433	
2015	00022	76634	
2015	00023	46544	erhalb der normalen Sprechstundenzeit  13,00 € 7 Für die gleichen Leistungen wie unter 5, jedoch bei Nacht, zwischen 20 und 7 Uhr   18,00 € 8 Für die gleichen Leistungen wie unter 5, jedoch sonn- und feiertags Anmerkung: Als allgemeine Sprechstunde gilt die durch Aushang  festgesetzte Zeit, selbst wenn sie nach 20 Uhr festgesetzt ist. Eine  Berechnung des Honorars nach Ziffern 6 bis 8 kann also nur dann erfolgen, wenn die Beratung außerhalb der f || ann also nur dann erfolgen, wenn die Beratung außerhalb der festgesetzten Zeiten  stattfand und der Patient nicht schon vor Ablauf derselben im War- tezimmer anwesend war. Ebenso können für Sonn- und Feiertage nicht die dafür vorgesehenen erhöhten Honorare zur Berechnung kommen, wenn der Heilpraktiker gewohnheitsmäßig an Sonn- und Feiertagen Sprechstunden hält.  20,00 € 9 Hausbesuch einschließlich Beratung 9.1 bei Tag 24,00 € 9.2 In dringenden Fä || rselben im War- tezimmer anwesend war. Ebenso können für Sonn- und Feiertage nicht die dafür vorgesehenen erhöhten Honorare zur Berechnung kommen, wenn der Heilpraktiker gewohnheitsmäßig an Sonn- und Feiertagen Sprechstunden hält.  20,00 € 9 Hausbesuch einschließlich Beratung 9.1 bei Tag 24,00 € 9.2 In dringenden Fällen (Eilbesuch, sofort ausgeführt) 26,00 € „Anlage 4 (zu § 6 Abs. 1 Nr. 1 HBeihVO) Beihilfefähigkeit der Aufwendungen für Heilprakti || enden Fällen (Eilbesuch, sofort ausgeführt) 26,00 € „Anlage 4 (zu § 6 Abs. 1 Nr. 1 HBeihVO) Beihilfefähigkeit der Aufwendungen für Heilpraktikerinnen und Heilpraktiker  9.3 bei Nacht und an Sonn- und Feiertagen 29,00 € 10 Nebengebühren für Hausbesuche 10.1 für jede angefangene Stunde bei Tag – bis zu 2 km Entfernung zwischen Praxis und Besuchsort 4,00 € 10.2 für jede angefangene Stunde bei Nacht Tag – bis zu 2 km Entfer- nung zwischen Praxis und 
2015	00024	11777	
2015	00025	7185	
2015	00026	53660	
2015	00027	67842	
2015	00028	235958	
2015	00029	125271	
2015	00030	142376	
2015	00031	44112	
2015	00032	80334	
2015	00033	126279	
2015	00034	120315	
2016	00000	33030	
2016	00001	58651	
2016	00002	37724	
2016	00003	42190	
2016	00004	12194	
2016	00005	23048	
2016	00006	17282	
2016	00007	53100	
2016	00008	53687	
2016	00009	40257	
2016	00010	10402	
2016	00011	39289	
2016	00012	48095	
2016	00013	3272	
2016	00014	25887	
2016	00015	5348	
2016	00016	23058	
2016	00017	32798	
2016	00018	41100	
2016	00019	36850	12. Oktober 2011 (GVBl. I S. 664) wird wie folgt geändert: 1. § 1 wird wie folgt gefasst: „§1 (1) Abweichend von § 9 des Arbeits- zeitgesetzes dürfen Arbeitnehmerin- nen und Arbeitnehmer an Sonn- und Feiertagen in den folgenden Bereichen beschäftigt werden, soweit die Arbei- ten nicht an Werktagen durchgeführt werden können: 1. im Bestattungsgewerbe, 2. in Garagen und Parkhäusern, 3. in a) Brauereien, b) Betrieben zur Herstellung von alkoholfreie
2016	00020	31071	
2016	00021	81090	    Entgelte Arbeitnehmer 620 Entgelte für geleistete Arbeitszeit (einschl. tariflicher, vertraglicher oder arbeitsbedingter Zulagen) 621  - reserviert -     622   Entgelte für andere Zeiten (Urlaub, Feiertag, Krankheit)   623 Freiwillige Zuwendungen     624   Übergangsgelder/Abfindungen Arbeitnehmer   625 Sachbezüge   626   Entgelte an gewerbliche Auszubildende   627  - reserviert -   628  - reserviert -   629 Sonstige Aufwendungen mit Entgeltch
2016	00022	60181	
2016	00023	49991	– 27. Dezember 2016 (GVBl. I S. 606), zuletzt geändert durch Gesetz vom 13. Dezember 2012 (GVBl. S. 622), unterliegt, von der Pflicht zur Dienstbereit- schaft für bestimmte Stunden oder für Sonn- und Feiertage nach den Vorschriften der Apothekenbetriebsordnung vom 26. September 1995 (BGBl. I S. 1195), zuletzt geändert durch Verordnung vom 6. März 2015 (BGBl. I S. 278).“ 6. § 6a wird wie folgt geändert: a) Dem Abs. 1 werden folgende Sät- ze angefü
2017	00000	39703	
2017	00001	13746	
2017	00002	13798	
2017	00003	6946	
2017	00004	4944	
2017	00005	66202	
2017	00006	120554	
2017	00007	16514	st zu leisten ist. Endet eine Dienstschicht nicht an dem Kalendertag, an dem sie begon- nen hat, gilt als Arbeitstag der Kalen- dertag, an dem sie begonnen hat. Auf einen Werktag fallende gesetzliche Feiertage, für die kein Freizeitaus- gleich gewährt wird, gelten nicht als Arbeitstage. (3) Europarechtlicher Mindestjah- resurlaub ist der Jahresurlaub nach Art.  7  Abs.  1  der  Richtlinie 2003/88/EG des Europäischen Parla- ments und des Rates vom
2017	00008	14693	
2017	00009	21179	
2017	00010	6738	
2017	00011	44875	
2017	00012	30241	
2017	00013	359021	
2017	00014	72625	
2017	00015	7502	
2017	00016	8366	ach einem Schichtplan, der einen regel- mäßigen Wechsel der täglichen Arbeitszeit in Wechselschichten (wechselnde Arbeits- schichten, in denen ununterbrochen bei Tag und Nacht, werktags, sonntags und feiertags gearbeitet wird) vorsieht. (2) Ein Dienst im Schicht- und Wech- selschichtdienst soll mindestens sechs und höchstens zwölf Stunden dauern. (3) Im Wechselschichtdienst, bei Ein- sätzen und bei Einheiten mit schwer- punktmäßig operativen Aufg || erativen Aufgaben wäh- rend des Einsatzdienstes werden die Ru- hepausen im Sinne des § 2 Abs. 1 Satz 1 der Hessischen Arbeitszeitverordnung auf die Arbeitszeit angerechnet. (4) Fällt ein gesetzlicher Feiertag, der 24. oder 31. Dezember auf einen Arbeits- tag (Montag bis Freitag), vermindert sich für die Beamtinnen und Beamten im Schicht- oder Wechselschichtdienst die durchschnittliche regelmäßige Wochenar- beitszeit um ein Fünftel ohne Rücksicht 
2017	00017	4524	
2017	00018	11027	
2017	00019	17953	
2017	00020	103499	
2017	00021	5937	
2017	00022	5167	
2017	00023	46926	
2017	00024	87914	
2017	00025	35280	
2017	00026	14716	
2017	00027	64429	
2017	00028	107140	
2017	00029	47837	
2017	00030	95891	
2018	00000	52852	
2018	00001	3887	
2018	00002	63226	
2018	00003	29700	
2018	00004	29514	
2018	00005	109623	
2018	00006	397493	
2018	00007	26692	
2018	00008	42309	
2018	00009	222029	
2018	00010	22242	
2018	00011	92197	
2018	00012	29885	
2018	00013	143727	
2018	00014	12347	
2018	00015	6196	
2018	00016	28095	
2018	00017	34612	
2018	00018	64373	
2018	00019	455315	
2018	00020	52481	
2018	00021	65001	
2018	00022	127388	
2018	00023	59158	t  der Erteilung einer Ausnahme nach  § 28 Abs. 1 Satz 1 MuSchG 374402 Verbot der Beschäftigung zwischen 200 20 Uhr und 22 Uhr nach § 5 Abs. 2  Satz 2 des MuSchG oder der Be- schäftigung an Sonn- und Feiertagen nach § 6 Abs. 1 Satz 2 oder nach  § 6 Abs. 2 Satz 2 MuSchG 374403 Anordnung von Einzelheiten zur  200 Freistellung zum Stillen nach § 7  Abs. 2 MuSchG und zur Bereitstel- lung hierfür geeigneter Räumlich- keiten 374404 Anordnung von Einzel
2018	00024	91529	
2018	00025	45441	
2018	00026	47452	
2018	00027	70348	
2018	00028	30646	
2018	00029	5507	
2019	00000	30520	
2019	00001	19358	
2019	00002	11620	
2019	00003	3719	
2019	00004	10996	
2019	00005	15304	
2019	00006	4827	
2019	00007	16854	
2019	00008	68275	weisung und Unterbringung der Asylbewerber), 218 Verfassungsschutz,  Öffentliches Vereinsrecht, Versammlungsrecht, 219 Presserecht, Stiftungsrecht, Allge- meines Enteignungsrecht, Glücks- spielwesen, Feiertagsrecht, Kriegs- gräberfürsorge, 220 Verwaltungsverfahrens- und -voll- streckungsrecht, 221 Herausgabe des Staatsanzeigers, 222 Polizeiliche Kriminalprävention und -repression; Polizeiliche Verkehrssi- cherheitsarbeit; Öffentliche Sicher- heit
2019	00009	2768	
2019	00010	83238	
2019	00011	15195	
2019	00012	69492	
2019	00013	96643	
2019	00014	3459	
2019	00015	58918	
2019	00016	55259	
2019	00017	66845	
2019	00018	69512	
2019	00019	32655	
2019	00020	3809	
2019	00021	76996	
2019	00022	27214	
2019	00023	13343	
2019	00024	21248	) Im Schichtdienst und Wechselschicht- dienst werden die Ruhepausen im Sinne des § 2 Abs. 1 Satz 1 der Hessischen Arbeits- zeitverordnung auf die Arbeitszeit angerech- net. (3) Fällt ein gesetzlicher Feiertag, der  24. oder 31. Dezember auf einen Arbeitstag (Montag bis Freitag), vermindert sich für die Beamtinnen und Beamten im Schicht- und Wechselschichtdienst die durchschnittliche regelmäßige  Wochenarbeitszeit  um  ein Fünftel ohne Rücksicht d || dlungserfordernis- sen der Gefangenen in den einzelnen Jus- tizvollzugsbehörden. Es ist insbesondere si- cherzustellen, dass die Betreuung der Ge- fangenen in den Abendstunden, am Wo- chenende und an Feiertagen gewährleistet ist; dies gilt auch für den 24. und 31. De- zember. § 5 Rufbereitschaft (1) Rufbereitschaft liegt vor, wenn sich Beamtinnen und Beamte in ihrer Wohnung oder – falls der Zweck der Bereithaltung nicht entgegensteht – an einem a
2019	00025	15804	
2019	00026	125833	ellung wieder verfügbare Studienplätze werden nach dem jeweiligen Stand der Vergabever- fahren nach den Abs. 4 bis 6 vergeben. (8) Fällt das Ende einer Ausschlussfrist auf einen Sonntag, gesetzlichen Feiertag oder Samstag, so endet die Frist mit dem Ablauf des entsprechenden Tags und verlän- gert sich nicht bis zum Ablauf des nächstfol- genden Werktags. Zweiter Abschnitt Studienplatzvergabe für das erste Fachsemester Erster Titel Studienplatzverg || en – 13. Dezember 2019  durch Satzung. Die Hochschulen sind nicht verpflichtet, den Sachverhalt von Amts we- gen zu ermitteln. (6) Fällt das Ende einer Ausschlussfrist auf einen Sonntag, gesetzlichen Feiertag oder Samstag, so endet die Frist mit dem Ablauf des entsprechenden Tags und verlän- gert sich nicht bis zum Ablauf des nächstfol- genden Werktags. § 7 Beteiligung am Zentralen Vergabeverfahren (1) Am Vergabeverfahren wird nur betei- ligt, we || hes  Bildungswesen beim Sekretariat der Ständigen Konferenz der Kultusminister der Länder in der Bun- desrepublik Deutschland. (8) Fällt das Ende einer Ausschlussfrist auf einen Sonntag, gesetzlichen Feiertag oder Samstag, so endet die Frist mit dem Ablauf des entsprechenden Tags und verlän- gert sich nicht bis zum Ablauf des nächstfol- genden Werktags. § 21 Beteiligung am Örtlichen Vergabeverfahren (1) Wer in dem gewählten Studiengang bereits an
2019	00027	39504	
2019	00028	71643	
2019	00029	31362	er 2006 (GVBl. I S. 606), zuletzt geändert durch Gesetz vom 13. De- zember 2012 (GVBl. S. 622), wird wie folgt geändert: 1. § 6 wird wie folgt gefasst: „§ 6 Freigabe zur Öffnung an weiteren Sonn- und Feiertagen (1) Die Gemeinden sind aus Anlass von Märkten, Messen oder besonderen örtlichen Ereignissen (Anlassereignisse) berechtigt, abweichend von § 3 Abs. 2 Nr. 1 die Öffnung von Verkaufsstellen an jährlich bis zu vier Sonn- und Feiertagen freizug || d aus Anlass von Märkten, Messen oder besonderen örtlichen Ereignissen (Anlassereignisse) berechtigt, abweichend von § 3 Abs. 2 Nr. 1 die Öffnung von Verkaufsstellen an jährlich bis zu vier Sonn- und Feiertagen freizugeben, wenn die öffentliche Wir- kung des Anlassereignisses gegenüber der typisch werktäglichen Geschäftigkeit der Ladenöffnung im Vordergrund steht. Dies ist insbesondere der Fall, wenn 1. die Öffnung in einem engen zeitli- chen und || el bei Anlassereignissen mit einem vor- aussichtlich  beträchtlichen  Besu- cherstrom vermutet werden. Die Adventssonntage, der 1. und 2. Weih- nachtstag, Karfreitag, die Osterfeierta- ge, die Pfingstfeiertage, Fronleichnam, der Volkstrauertag und der Totensonn- tag dürfen nicht freigegeben werden. Bei der Freigabe kann die Offenhaltung von Verkaufsstellen auf bestimmte Be- zirke und Handelszweige beschränkt werden. Der Zeitraum, währenddessen di
2019	00030	38538	
2020	00000	71661	cheidung des Hessischen Verwaltungsgerichtshofes in dem Normenkontrollverfahren über die      Verordnung über die Zulassung der Beschäftigung von Arbeitnehmerinnen und Arbeitnehmern an      Sonn- und Feiertagen (Bedarfsgewerbeverordnung - BedGewV) vom 12. Oktober 2011 (GVBl. I      S. 664), zuletzt geändert durch Verordnung vom 29. November 2016 (GVBl. S. 222)  .......................   541      Zu FFN 50-49         Inhaltsverzeichnis zum Gesetz-
2020	00001	4786	
2020	00002	11468	
2020	00003	177328	   620       Entgelte für geleistete Arbeitszeit (einschl. tariflicher, vertraglicher oder  arbeitsbedingter Zulagen)        621      - reserviert -        622     Entgelte für andere Zeiten (Urlaub, Feiertag, Krankheit)           6221  Urlaubsgeld Arbeitnehmer           6222  Sonderzuwendung Arbeitnehmer           6229  Sonstige Entgelte für andere Zeiten        623     Freiwillige Zuwendungen        624     Übergangsgelder/Abfindungen Arbeitneh
2020	00004	39640	
2020	00005	2439	
2020	00006	9879	
2020	00007	53216	
2020	00008	44345	
2020	00009	28568	rung des Zutritts und zur Vermeidung von Warteschlangen. (4) Abweichend von § 3 Abs. 2 Satz 1  Nr. 1 des Hessischen Ladenöffnungsgeset­ zes können die in Abs. 2 genannten Berei­ che auch an Sonn­ und Feiertagen geöffnet werden. (5) Alle Einrichtungen des Gesundheits­ wesens bleiben unter Beachtung der gestie­ genen hygienischen Anforderungen geöff­ net. (6) Dienstleister und Handwerker können ihrer Tätigkeit weiterhin nachgehen. § 2 (1) Gaststätt
2020	00010	26524	fern kei­ ne geeigneten Trennvorrichtungen vorhanden sind. (9) Abweichend von § 3 Abs. 2 Satz 1 Nr. 1 des Hessischen Laden­ öffnungsgesetzes können die in  Abs. 7 genannten Bereiche auch an Sonn­ und Feiertagen zwischen 8 und 18 Uhr geöffnet werden. Satz 1 gilt nicht für den Karfreitag sowie die Osterfeiertage. (10) Dienstleistungen und Hand­ werkstätigkeiten können mit Ausnah­ me der in Abs. 1 Nr. 8a und 8b ge­ nannten Angebote unter Beachtung d || des Hessischen Laden­ öffnungsgesetzes können die in  Abs. 7 genannten Bereiche auch an Sonn­ und Feiertagen zwischen 8 und 18 Uhr geöffnet werden. Satz 1 gilt nicht für den Karfreitag sowie die Osterfeiertage. (10) Dienstleistungen und Hand­ werkstätigkeiten können mit Ausnah­ me der in Abs. 1 Nr. 8a und 8b ge­ nannten Angebote unter Beachtung der Empfehlungen des Robert Koch­ Instituts zur Hygiene, insbesondere zu Kontakten und Einhaltung des S
2020	00011	9281	
2020	00012	11437	
2020	00013	8523	
2020	00014	13054	
2020	00015	55597	
2020	00016	11068	 zuletzt geändert durch Verordnung vom 30. März 2020 (GVBl. S. 214), wird wie folgt geändert: 1. Dem § 1 Abs. 9 wird folgender Satz an­ gefügt: „Zur Entzerrung der notwendigen Einkäu­ fe für die Osterfeiertage und damit zur Reduzierung der Personenkontakte kön­ nen die in Abs. 7 genannten Einrichtun­ gen am Gründonnerstag (9. April 2020) bis 22 Uhr geöffnet sein.“ 2. In § 4 Nr. 7 werden nach dem Wort „der“ die Wörter „Abstands­ und“ eingefügt. Ar
2020	00017	15303	
2020	00018	11191	
2020	00019	15078	
2020	00020	11594	
2020	00021	6771	
2020	00022	10559	„Nr. 1 bis 3“ durch „Nr. 1, 2 und 4“ er­ setzt. d) In Abs. 8a Satz 3 werden die Wörter „keinen Mund­Nasen­Schutz“ durch „keine Mund­Nasen­Bedeckung“ er­ setzt. e) In Abs. 9 wird die Angabe „Sonn­ und Feiertagen zwischen 8 und  Nr. 22 – Gesetz­ und Verordnungsblatt für das Land Hessen – 29. April 2020 283 3) Ändert FFN 91­57 4) Ändert FFN 91­59  18 Uhr“ durch „Sonntagen zwischen 13 und 18 Uhr“ ersetzt. 2. § 4 Nr. 4 wird aufgehoben. 3. In § 5 Satz 
2020	00023	10161	
2020	00024	33635	
2020	00025	15690	
2020	00026	51311	
2020	00027	12828	
2020	00028	40282	
2020	00029	13602	
2020	00030	41052	0 373 Nr. 1 und 2 sowie Abs. 2a Satz 1 der Schweinepest­Verordnung gelten folgende Regelungen: 1. Abweichend von § 18 Abs. 3 Satz 2 des Hessischen Jagdgesetzes sind Gesell­ schaftsjagden an Sonn­ und Feiertagen so durchzuführen, dass Gottesdienste und andere feierliche Veranstaltungen möglichst wenig gestört werden. 2. Abweichend von § 22 Abs. 1 Satz 1 des Hessischen Jagdgesetzes dürfen Ansit­ ze  und  Wildfütterungen,  die  der Schwarzwildjagd d
2020	00031	26415	
2020	00032	7933	
2020	00033	10778	
2020	00034	94430	
2020	00035	5296	
2020	00036	62499	
2020	00037	8107	
2020	00038	48123	
2020	00039	23982	
2020	00041	16771	
2020	00042	54715	
2020	00043	9622	0 – Entscheidung des Hessischen Verwaltungsgerichtshofes in dem Normenkon­ trollverfahren über die Verordnung über die Zulassung der Beschäftigung von Arbeitnehmerinnen und Arbeitnehmern an Sonn­ und Feiertagen (Bedarfsge­ werbeverordnung – BedGewV) vom 12. Oktober 2011 (GVBl. I S. 664), zuletzt geändert durch Verordnung vom 29. November 2016 (GVBl. S. 222)................... Zu FFN 50­49 541  Aufgrund des  1. § 32 Satz 1 des Infektionsschutzgese || 0 541 Entscheidung des Hessischen Verwaltungsgerichtshofes in dem Normenkontrollverfahren über die Verordnung über die Zulassung der Beschäftigung von Arbeitnehmerinnen und Arbeitnehmern an Sonn­ und Feiertagen (Bedarfsgewerbeverordnung –  BedGewV) vom 12. Oktober 2011 (GVBl. I S. 664), zuletzt geändert durch Verordnung  vom 29. November 2016 (GVBl. S. 222)1) 1) Zu FFN 50­49  542 Nr. 43 – Gesetz­ und Verordnungsblatt für das Land Hessen – 14. Aug
2020	00044	25367	
2020	00045	11726	
2020	00046	26048	
2020	00047	17229	
2020	00048	20414	
2020	00049	262863	 Sponsorhinweise. Nicht vollständig genutzte Werbezeit darf höchs- tens bis zu fünf Minuten werktäglich nachge- holt werden. Nach 20.00 Uhr sowie an Sonntagen und im ganzen Bundesgebiet an- erkannten Feiertagen dürfen Werbesendun- gen nicht ausgestrahlt werden. § 46 bleibt unberührt. (2) In weiteren Fernsehprogrammen von ARD und ZDF sowie in den Dritten Fernseh- programmen findet Rundfunkwerbung nicht statt. (3) Im Fernsehen darf die Dauer der Sp ||  zeitli- cher Umfang der Rundfunkwerbung und ihre tageszeitliche Begrenzung kann beibehalten werden. (6) Sponsoring findet nach 20.00 Uhr so- wie an Sonntagen und im ganzen Bundes- gebiet anerkannten Feiertagen im Fernse- 626 Nr. 49 – Gesetz- und Verordnungsblatt für das Land Hessen – 6. Oktober 2020  hen nicht statt; dies gilt nicht für das Sponso- ring der Übertragung von Großereignissen nach § 13 Abs. 2. § 40 Kommerzielle Tätigkeiten (1) Die i
2020	00050	85742	
2020	00051	7968	
2020	00052	19545	
2020	00053	12944	
2020	00054	19862	
2020	00055	26436	
2020	00056	6437	
2020	00057	41595	
2020	00058	38250	
2020	00059	86528	
2020	00060	107023	
2020	00061	122387	
2020	00062	21680	
2020	00063	28671	g des Vor-Ort-Verzehrs in Kantinen und Mensen, - die Schließung der Frisörbetriebe, - ein Verbot, Feuerwerkskörper auf publikumsträchtigen öffentlichen Plätzen abzubrennen. Für die Zeit der Weihnachtsfeiertage vom 24. Dezember 2020 bis einschließlich 26. Dezember 2020  sind Erleichterungen bei den Kontaktbeschränkungen vorgesehen, die einen gemeinsamen Aufent­ halt im öffentlichen Raum auch mit den Angehörigen des eigenen und mit bis zu vier weit
2020	00064	64201	
2020	00065	47101	
2020	00066	60688	
2020	00067	15464	
2020	00068	66506	
2021	00000	67874	
2021	00001	15635	denzwert bei 129,8 (Stand: 6. Januar 2021, 0.00 Uhr). Dabei ist auch  zu berücksichtigen, dass die tatsächlichen Infektionszahlen mit sehr hoher Wahrscheinlichkeit höher  sind. Aufgrund der Weihnachtsfeiertage und des Jahreswechsels sind die Kapazitäten für Abstriche  und in den Laboren, die mit dem Virus-Nachweis befasst sind, erheblich reduziert gewesen. Ebenso  lassen sich eindeutige Infektionsorte oder -ketten nicht nachvollziehen. Des Weiter
2021	00002	13203	
2021	00003	5770	
2021	00004	33908	
2021	00005	7306	
2021	00006	19493	
2021	00007	47122	
2021	00008	38058	
2021	00009	172032	
2021	00010	33313	
2021	00011	40513	
2021	00012	13504	
2021	00013	2848	
2021	00014	71329	
2021	00015	18593	
2021	00016	13013	
2021	00017	22278	6. November  2020 (GVBl. S. 826, 837), zuletzt geändert  durch Verordnung vom 24. März 2021 (GVBl.  S. 186), wird wie folgt geändert: 1. Nach § 6 wird als § 6a eingefügt: „§ 6a Testungen an Sonn- und Feiertagen Abweichend von § 6 Abs. 1 des Hessi­ schen Feiertagsgesetzes in der Fassung  der Bekanntmachung vom 29. Dezember  1971 (GVBl. I S. 344), zuletzt geändert  durch Gesetz vom 13. Dezember 2012  (GVBl. S. 622), dürfen Teststellen nach  § 6 Abs || t  durch Verordnung vom 24. März 2021 (GVBl.  S. 186), wird wie folgt geändert: 1. Nach § 6 wird als § 6a eingefügt: „§ 6a Testungen an Sonn- und Feiertagen Abweichend von § 6 Abs. 1 des Hessi­ schen Feiertagsgesetzes in der Fassung  der Bekanntmachung vom 29. Dezember  1971 (GVBl. I S. 344), zuletzt geändert  durch Gesetz vom 13. Dezember 2012  (GVBl. S. 622), dürfen Teststellen nach  § 6 Abs. 1 Satz 1 der Coronavirus-Test­ verordnung vom 8. Mär || 2), dürfen Teststellen nach  § 6 Abs. 1 Satz 1 der Coronavirus-Test­ verordnung vom 8. März 2021 (BAnz. AT  9. März 2021 V1) Testungen auf eine In­ fektion mit dem Virus SARS-CoV-2 auch  an Sonn- und Feiertagen durchführen.“ 2. In § 10 Satz 2 wird die Angabe „18. April  2021“ durch „9. Mai 2021“ ersetzt. Artikel 4 Begründung Die Begründung nach § 28a Abs. 5  Satz 1 des Infektionsschutzgesetzes ergibt  sich aus dem Anhang. Artikel 5 Inkrafttreten || ie bisherigen Regelungen werden bis 9. Mai 2021 verlängert. Durch den neuen § 6a wird klargestellt, dass der Betrieb von Teststellen auf Infektionen mit SARS- CoV-2 keinen Verstoß gegen die Sonn- und Feiertagsruhe darstellt. Artikel 4 (Begründung) Die Verordnung ist nach § 28a Abs. 5 Satz 1 des Infektionsschutzgesetzes zu begründen. Artikel 5 (Inkrafttreten) Die Vorschrift regelt das Inkrafttreten der Anpassungsverordnung. Herausgeber: Hessische 
2021	00018	34818	
2021	00019	18458	
2021	00020	17771	
2021	00021	24006	
2021	00022	52749	
2021	00023	26553	
2021	00024	70713	
2021	00025	60443	am Volkstrauertag und am Totensonntag  jeweils in der Zeit von 4 Uhr bis 24 Uhr, 3. am 24. Dezember in der Zeit von 4 Uhr  bis 24 Uhr und am 1. Weihnachtstag ganz­ tags, 4. an den übrigen Sonn- und Feiertagen nach  § 1 Abs. 1 Satz 1 des Hessischen Feier­ tagsgesetzes in der Fassung der Bekannt­ machung vom 29. Dezember 1971 (GVBl.  I S. 344), zuletzt geändert durch Gesetz  vom 13. Dezember 2012 (GVBl. S. 622), in  der Zeit von 4 Uhr bis 12 Uhr.
2021	00026	30016	
2021	00027	40117	
2021	00028	16223	
2021	00029	62140	
2021	00030	18815	
2021	00031	241648	
2021	00032	145463	mer      620    Entgelte für geleistete Arbeitszeit (einschl. tariflicher, vertraglicher oder arbeitsbedingter  Zulagen)      621     - reserviert -        622     Entgelte für andere Zeiten (Urlaub, Feiertag, Krankheit)       623    Freiwillige Zuwendungen        624     Übergangsgelder/Abfindungen Arbeitnehmer   Nr. 32 – Gesetz- und Verordnungsblatt für das Land Hessen – 13. September 2021 536            625    Sachbezüge       626     Entgelte
2021	00033	40801	
2021	00034	18913	9. November  2016 (GVBl. S. 222), wird wie folgt geändert: 1. § 1 wird wie folgt gefasst: „§ 1 (1) Abweichend von § 9 des Arbeitszeit­ gesetzes dürfen Arbeitnehmerinnen und  Arbeitnehmer an Sonn- und Feiertagen in  den folgenden Bereichen beschäftigt wer­ den, soweit die Arbeiten nicht an Werkta­ gen durchgeführt werden können: 1. im Bestattungsgewerbe, 2. in Garagen und Parkhäusern, 3. im Immobiliengewerbe mit der Beglei­ tung und Beratung von 
2021	00035	16074	
2021	00036	54525	
2021	00037	82875	
2021	00038	17915	
2021	00039	24612	
2021	00040	39655	
2021	00041	20662	
2021	00042	4757	
2021	00043	17776	
2021	00044	7170	
2021	00045	30087	
2021	00046	81476	
2021	00047	81433	
2021	00048	20776	
2021	00049	22816	
2021	00050	76055	
2021	00051	25429	
2021	00052	37633	
2021	00053	77802	
2021	00054	62490	
2021	00055	63670	
2021	00056	368626	
2022	00000	69400	
2022	00001	37170	
2022	00002	97836	...................... 742  Falschalarm .......................................................................................................................................................... 531  Feiertagsrecht ........................................................................................................................................................... 2  Friedhofswesen ............................................................. || 9 bis 3 319  109  Teilenteignungsbeschluss nach § 30 Abs. 5    504 bis 3 319  110  Verlängerung des Laufs der Verwendungsfrist nach § 31  Abs. 2    283  111  Ausführungsanordnung nach § 35    209  2  Feiertagsrecht  Amtshandlungen nach dem Hessischen Feiertagsgesetz  (HFeiertagsG)       21  Befreiung von einer Beschränkung oder einem Verbot nach  § 14 Abs. 1    34 bis 1 016  22  Befreiung für den vollautomatischen Betrieb von mit Tankstel- len ve || 0 Abs. 5    504 bis 3 319  110  Verlängerung des Laufs der Verwendungsfrist nach § 31  Abs. 2    283  111  Ausführungsanordnung nach § 35    209  2  Feiertagsrecht  Amtshandlungen nach dem Hessischen Feiertagsgesetz  (HFeiertagsG)       21  Befreiung von einer Beschränkung oder einem Verbot nach  § 14 Abs. 1    34 bis 1 016  22  Befreiung für den vollautomatischen Betrieb von mit Tankstel- len verbundenen Autowaschanlagen nach § 14 Abs. 2    338  ||  3 319  110  Verlängerung des Laufs der Verwendungsfrist nach § 31  Abs. 2    283  111  Ausführungsanordnung nach § 35    209  2  Feiertagsrecht  Amtshandlungen nach dem Hessischen Feiertagsgesetz  (HFeiertagsG)       21  Befreiung von einer Beschränkung oder einem Verbot nach  § 14 Abs. 1    34 bis 1 016  22  Befreiung für den vollautomatischen Betrieb von mit Tankstel- len verbundenen Autowaschanlagen nach § 14 Abs. 2    338 bis 1 355  3  Verei
2022	00003	38755	
2022	00004	98310	
2022	00005	13581	
2022	00006	63532	pril 2022 und ab dem Jahr  2023 jeweils bis zum 28. Februar bei der  zuständigen Stelle eingegangen sein (Aus­ schlussfristen). Fällt das Ende einer Aus­ schlussfrist auf einen Sonntag, gesetzlichen  Feiertag oder Samstag, so endet die Frist mit  Ablauf des entsprechenden Tags und verlän­ gert sich nicht bis zum Ablauf des nächstfol­ genden Werktags. (3) Bewerberinnen und Bewerber, die ih­ ren Prüfungsanspruch im Studiengang Medi­ zin verloren ha ||  Bewerberinnen und Bewerbern unter  Hinweis auf § 31 Abs. 3 des Hessischen Ver­ waltungsverfahrensgesetzes schriftlich be­ kannt. Fällt das Ende einer Ausschlussfrist  auf einen Sonntag, gesetzlichen Feiertag  oder Samstag, so endet die Frist mit dem Ab­ lauf des entsprechenden Tags und verlängert  sich nicht bis zum Ablauf des nächstfolgen­ den Werktags. Gehen die von der Bewerbe­ rin oder dem Bewerber unterzeichneten Ver­ tragsexemplare der zus
2022	00007	11220	
2022	00008	26421	
2022	00009	41281	
2022	00010	37805	
2022	00011	30274	
2022	00012	106502	
2022	00013	44053	
2022	00014	15501	nwohner. Dabei ist die  Hospitalisierungsinzidenz gerade unter ungeimpften Personen weiterhin hoch. Zu berücksichtigen ist  allerdings, dass die Meldezahlen für die vergangene Woche aufgrund der Osterfeiertage als weniger  aussagekräftig einzuschätzen sind und das tatsächliche Infektionsgeschehen eher unterschätzen  dürften, was sich in erneut steigenden Zahlen, unter anderem durch Nachmeldungen, ausdrückt. Bis einschließlich 26. April 2022 sind 
2022	00015	96192	
2022	00016	74839	
2022	00017	197298	
2022	00018	84506	essische Landtag besteht aus  einhundertundzehn Abgeordneten, die in  freier, allgemeiner, geheimer, gleicher, unmit­ telbarer Wahl gewählt werden. (2) Der Wahltag ist ein Sonntag oder ge­ setzlicher Feiertag. Er wird von der Landes­ regierung durch Verordnung bestimmt. II. Wahlberechtigung § 2 Wahlrecht (1) Wahlberechtigt zum Hessischen Land­ tag ist, wer am Wahltage 1. Deutscher im Sinne des Art. 116 Abs. 1  des Grundgesetzes ist, 2. das acht
2022	00019	7830	
2022	00020	17370	
2022	00021	13504	
2022	00022	14617	
2022	00023	29605	
2022	00024	24586	
2022	00025	17685	
2022	00026	20469	
2022	00027	24217	
2022	00028	29517	
2022	00029	17010	
2022	00030	21347	
2022	00031	18706	
2022	00032	92114	
2022	00033	22120	
2022	00034	66652	
2022	00035	40748	
2022	00036	147725	
2022	00037	170050	am Volkstrauertag und am Totensonntag  jeweils in der Zeit von 4 Uhr bis 24 Uhr, 3. am 24. Dezember in der Zeit von 4 Uhr  bis 24 Uhr und am 1. Weihnachtstag ganz- tags, 4. an den übrigen Sonn- und Feiertagen nach  § 1 Abs. 1 des Hessischen Feiertagsgeset- zes in der Fassung der Bekanntmachung  vom 29. Dezember 1971 (GVBl. I S. 344),  zuletzt  geändert  durch  Gesetz  vom  13. Dezember 2012 (GVBl. S. 622), in der  Zeit von 4 Uhr bis 12 Uhr. § 6 || ils in der Zeit von 4 Uhr bis 24 Uhr, 3. am 24. Dezember in der Zeit von 4 Uhr  bis 24 Uhr und am 1. Weihnachtstag ganz- tags, 4. an den übrigen Sonn- und Feiertagen nach  § 1 Abs. 1 des Hessischen Feiertagsgeset- zes in der Fassung der Bekanntmachung  vom 29. Dezember 1971 (GVBl. I S. 344),  zuletzt  geändert  durch  Gesetz  vom  13. Dezember 2012 (GVBl. S. 622), in der  Zeit von 4 Uhr bis 12 Uhr. § 6 Spiel- und Betätigungsverbote Die Teilnahm
2022	00038	47658	
2022	00039	49589	
2022	00040	59705	
2022	00041	31018	
2022	00042	58421	
2022	00043	96479	
2022	00044	21664	
2022	00045	97385	
2022	00046	33958	
2023	00001	12272	
2023	00002	5678	
2023	00003	70361	
2023	00004	129828	
2023	00005	44193	
2023	00006	87251	
2023	00007	57423	
2023	00008	15368	
2023	00009	7447	
2023	00010	91512	lung  unter freiem Himmel veranstalten will, hat  dies der zuständigen Behörde spätestens  48 Stunden vor der Bekanntgabe der Ver- sammlung anzuzeigen. Bei der Berechnung  der Frist bleiben Sonn- und Feiertage außer  Betracht. Veranstalten mehrere Personen  eine Versammlung, ist nur eine Anzeige ab- zugeben. Die Anzeige muss schriftlich, elek- tronisch, fernmündlich oder zur Niederschrift  erfolgen. Bei einer fernmündlichen Anzeige  kann die zust
2023	00011	216125	
2023	00012	9558	
2023	00013	378398	
2023	00014	20940	
2023	00015	60680	
2023	00016	7788	
2023	00017	107648	
2023	00018	117539	
2023	00019	14829	
2023	00020	22951	
2023	00021	111293	
2023	00022	107626	
2023	00023	216208	nen und Staatsanwälten über  den Umfang der jeweils für die Dienststelle  ausgewiesenen Kerndienstzeit hinaus geleistet wird. Zeiten der Rufbereitschaft an Sonnabenden,  Sonntagen und an gesetzlichen Feiertagen  werden mit dem Stundensatz nach Satz 1  pauschal abgegolten. Für Bruchteile einer  Stunde wird die Pauschale nach Satz  1 je- weils anteilig gewährt. (2) Zeiten einer staatsanwaltlichen Ruf- bereitschaft werden vorrangig zu einem Ach- tel
2023	00024	13018	
2023	00025	28877	
2023	00026	56083	
2023	00027	163105	
2023	00028	3582	
2023	00029	20206	
2023	00030	4834	
2023	00031	5916	
2023	00032	29757	
2023	00033	33402	
2023	00034	86052	en  §48  Berechnung von Fristen  Für die Berechnung der in dieser Ver­ ordnung festgelegten Fristen gelten die  §§ 186 bis 193 des Bürgerlichen Gesetz­ buches. Als Sonntag oder staatlich anerkannter  Feiertag im Sinne des § 193 des Bürgerlichen  Gesetzbuches gilt auch ein Tag, an dem in der  Dienststelle allgemein nicht gearbeitet wird.   Nr. 34 - Gesetz- und Verordnungsblatt für das Land Hessen - 6. November 2023  721  .§49  Elektronische Überse
2023	00035	26905	
2023	00036	12099	
2023	00037	187627	rung oder die  Leistung am letzten Tag der Frist innerhalb  der üblichen Dienststunden an die Landtags­ kanzlei gelangt. Fällt dieser Tag auf einen  Sonnabend, einen Sonntag oder einen ge­ setzlichen Feiertag, so tritt an die Stelle die­ ses Tages der nächstfolgende Werktag.  §114  Auslegung der Geschäftsordnung  (1) Während einer Sitzung auftretende  Zweifel über die Auslegung der Geschäfts­ ordnung entscheidet die Präsidentin oder der  Präsiden
2023	00038	37239	
2023	00039	10748	
2024	00001	2219	 Amtsgerichte Bensheim und Fürth und 3. abweichend von § 53 Abs. 2 Satz 1 und 2 Nr. 1 Buchst. c für die Amtsgerichte Groß-Gerau und Rüsselsheim den Bereitschaftsdienst an Wochenenden und gesetzlichen Feiertagen für die Haftvorführun- gen und einstweiligen Unterbringungen nach der Strafprozessordnung sowie dem Gesetz  über die internationale Rechtshilfe in Strafsachen in der Fassung der Bekanntmachung vom  27. Juni 1994 (BGBl. I S. 1537), zuletzt 
2024	00002	3219	
2024	00003	2482	
2024	00004	1249	
2024	00005	16516	
2024	00006	83171	mer      620    Entgelte für geleistete Arbeitszeit (einschl. tariflicher, vertraglicher oder arbeitsbedingter  Zulagen)      621     - reserviert -        622     Entgelte für andere Zeiten (Urlaub, Feiertag, Krankheit)       623    Freiwillige Zuwendungen        624     Übergangsgelder/Abfindungen Arbeitnehmer       625    Sachbezüge       626     Entgelte an gewerbliche Auszubildende       627     - reserviert -       628     - reserviert -  G
2024	00007	20618	
2024	00008	1153	
2024	00009	2284	
2024	00010	33179	
2024	00011	47021	r Sicherheit und Heimat- schutz Aufsichtsbehörde ist,  224  Melderecht, Pass- und Personalausweisrecht, Waffenrecht, Glücksspielwesen (ein- schließlich des gewerblichen Spiels), Geldwäscheprävention, Feiertagsrecht, Fried- hofs- und Bestattungsrecht, Kriegsgräberfürsorge,  225  Kommunale Angelegenheiten,  Gesetz- und Verordnungsblatt für das Land Hessen ­ Nr. 11 vom 21. März 2024 4      226  Spitzensportförderung an der Hessischen Hochschule für 
2024	00012	8275	
2024	00013	2115	
2024	00014	2825	
2024	00015	1030	
2024	00016	1103	
2024	00017	4554	
2024	00018	40978	
2024	00019	6035	
2024	00020	1296	
2024	00021	2746	
2024	00022	25143	
2024	00023	7666	
2024	00024	1658	
2024	00025	1994	
2024	00026	8644	
2024	00027	4250	
2024	00028	19963	
2024	00029	2522	
2024	00030	516	
2024	00031	1434	
2024	00032	24148	
2024	00033	3114	
2024	00034	1116	
2024	00035	14184	
2024	00036	1799	
2024	00037	65326	
2024	00038	36619	
2024	00039	774	
2024	00040	1730	
2024	00041	4812	
2024	00042	1608	
2024	00043	17237	
2024	00044	3427	
2024	00045	2096	
2024	00046	2895	
2024	00047	3789	
2024	00048	790	
2024	00049	3096	
2024	00050	9417	
2024	00051	6449	
2024	00052	6897	
2024	00053	3227	
2024	00054	9517	
2024	00055	2713	
2024	00056	7734	
2024	00057	13867	
2024	00058	6212	
2024	00059	2784	
2024	00060	2275	ändert:  1. § 3 wird wie folgt geändert:  a) Abs. 4 wird wie folgt geändert:  aa) In Nr. 1 werden nach dem Wort „Dieburg,“ die Wörter „Langen (Hessen),“ eingefügt.  bb) Nach den Wörtern „gesetzlichen Feiertagen“ wird die Angabe „sowie jeweils am  24. Dezember und 31. Dezember“ eingefügt und die Angabe „19. Dezember 2022  (BGBl. I S. 2632)“ wird durch „12. Juli 2024 (BGBl. 2024 I Nr. 234)“ ersetzt.   b) Als Abs. 5 wird angefügt:  „(5) Das Amtsgeri || (BGBl. 2024 I Nr. 234)“ ersetzt.   b) Als Abs. 5 wird angefügt:  „(5) Das Amtsgericht Offenbach am Main nimmt für das Amtsgericht Seligenstadt den  Bereitschaftsdienst an Wochenenden und gesetzlichen Feiertagen sowie jeweils am  24. Dezember und 31. Dezember für die Haftvorführungen und einstweiligen Unterbringun- gen nach der Strafprozessordnung sowie dem Gesetz über die internationale Rechtshilfe  in Strafsachen wahr.“    *) Ändert FFN 210-102 
2024	00061	813	
2024	00062	3532	
2024	00063	35414	
2024	00064	1617	
2024	00065	43584	
2024	00066	4267	
2024	00067	5919	
2024	00068	2201	
2024	00069	2427	
2024	00070	1840	
2024	00071	2204	
2024	00072	2069	
2024	00073	7349	
2024	00074	1700	
2024	00075	1941	
2024	00076	2087	
2024	00077	13381	
2024	00078	4539	
2024	00079	10715	
2024	00080	24588	
2024	00081	1078	
2024	00082	2453	
2024	00083	22665	
2024	00084	45957	
2024	00085	910	
2024	00086	1109	
2024	00087	3793	
2024	00088	1973	
2024	00089	2400	
2024	00090	26014	
2024	00091	599	
2025	00001	8230	
2025	00002	13669	
2025	00003	4233	
2025	00004	2085	
2025	00005	3468	
2025	00006	8843	
2025	00007	677	
2025	00008	3323	
2025	00009	6932	betrieb Bau und Immobilien Hessen wird für seinen Zuständigkeitsbe- reich die Befugnis übertragen, nach § 8 Abs. 1 Satz 2 der Hessischen Arbeitszeitver- ordnung Dienst an Sonnabenden und gesetzlichen Feiertagen anzuordnen, wenn die  dienstlichen Verhältnisse es erfordern, sowie nach § 10 Abs. 1 der Hessischen Ar- beitszeitverordnung Sonder- oder Sonntagsdienst einzurichten, soweit dienstliche  Belange es erfordern.“  c) In Abs. 3 Satz 1 und 2 wir
2025	00010	18022	
2025	00011	302758	uschlag von 50 % zu  den Gebühren zu erheben. Als regelmä- ßige Dienstzeit gilt für die Tierärztliche  Grenzkontrollstelle Hessen Montag bis  Freitag 6:30 bis 22:00 Uhr mit Ausnahme  von gesetzlichen Feiertagen, für die übri- gen Dienststellen der Veterinärverwal- tung Montag bis Freitag 7:00 bis 18:00  Uhr.     mindestens  12  216  Anordnung nach arzneimittel-, futtermit- tel-, lebensmittel-, fleisch- und geflügel- fleischhygiene-, tierseuchen-, || nach Zeitaufwand  26411  Zuschlag für Amtshandlungen, die auf  Antrag außerhalb normaler Schlachtzei- ten vor 06:00 Uhr und nach 21:00 Uhr an  Werktagen (samstags 06:00 - 15:00 Uhr)  und an Sonn- und Feiertagen vorgenom- men werden  50 % der Gebüh- ren nach Nr. 2611  bis 26410  27  Tierarzneimittelwesen     271  Amtshandlungen nach dem Arzneimit- telgesetz      2711  Prüfung einer Anzeige nach § 20 Satz 1  nach Zeitaufwand  2712  Ausstellung eine || - packungen aus Holz, welche bei der Ein- fuhr nicht dem ISPM-Standard 15 ent- sprechen nach Art. 43 der Verordnung  (EU) 2016/2031  je Sendung  100  34218  Amtshandlungen, die am Wochenende  oder an Feiertagen durchgeführt werden  zusätzlich 40 %  der Gebühren  nach Nr. 342111  bis 34216    3422  Kontrollen und Untersuchungen von Be- fallsgegenständen bei Durchfuhr und Ex- port  nach Zeitaufwand   3423  Exportabfertigung, Pflanzengesundheits- ze || uar 2025 161      36235  Verstärkte Kontrollen aufgrund von  Rechtsverordnungen oder nach unmittel- bar geltendem Gemeinschaftsrecht  je Sendung  30  36236  Amtshandlungen, die am Wochenende  oder an Feiertagen durchgeführt werden  zusätzlich 40 %  der Gebühren  nach Nr. 36241  bis 36245  363  Kontrolle der geografischen Herkunftszei- chen       3631  Amtliche Kontrolle nach Titel II Kapitel II  der Verordnung (EU) 2017/625 i.V.m. Art.  38 Abs. 2
2025	00012	3426	
2025	00013	1483	
2025	00014	930	
2025	00015	50627	
2025	00016	24225	
2025	00017	3862	
2025	00018	1543	
2025	00019	2028	
2025	00020	42560	
2025	00021	3494	
2025	00022	8554	
2025	00023	3640	
2025	00024	54554	
2025	00025	8459	
2025	00026	1928	
2025	00027	970	
2025	00028	2489	
2025	00029	2632	
2025	00030	1029	
2025	00031	6376	
2025	00032	30232	
2025	00033	7532	
2025	00034	3581	
2025	00035	7008	
2025	00036	1577	
2025	00037	4101	
2025	00038	3259	
2025	00039	638	
2025	00040	8702	
2025	00041	2094	
2025	00042	15202	
2025	00043	43615	
2025	00044	1831	
2025	00045	4896	
2025	00046	7253	
2025	00047	3966	
2025	00048	1523	
2025	00049	1029	
2025	00050	1132	
2025	00051	882	
2025	00052	2888	
2025	00053	24638	
2025	00054	5344	
2025	00055	20809	
2025	00056	170333	und Sponsorhinweise. Nicht vollständig genutzte Werbezeit darf  höchstens bis zu fünf Minuten werktäglich nachgeholt werden. Nach 20.00 Uhr sowie an Sonn- tagen und im ganzen Bundesgebiet anerkannten Feiertagen dürfen Werbesendungen nicht  ausgestrahlt werden. § 39 bleibt unberührt.  (2) In weiteren Fernsehprogrammen von ARD und ZDF sowie in den Dritten Fernsehpro- grammen findet Rundfunkwerbung nicht statt.  (3) Im Fernsehen darf die Dauer der S || er zeitlicher Umfang der Rundfunkwerbung und ihre tageszeitliche Begren- zung kann beibehalten werden.  (6) Sponsoring findet nach 20.00 Uhr sowie an Sonntagen und im ganzen Bundesgebiet  anerkannten Feiertagen im Fernsehen nicht statt; dies gilt nicht für das Sponsoring der Über- tragung von Großereignissen nach § 13 Abs. 2.  § 39  Änderung der Werbung  Die Länder können Änderungen der Gesamtdauer der Werbung, der tageszeitlichen Begren- zung de
2025	00057	8879	
2025	00058	6535	
2025	00059	1125	
2025	00060	2255	
2025	00061	2917	
2025	00062	2280	
2025	00063	4909	
2025	00064	6183	
2025	00065	17025	
2025	00066	30460	
2025	00067	2765	
2025	00068	309381	
2025	00069	1796	
2025	00070	6568	
2025	00071	1369	
2025	00072	1110	
2025	00073	8299	
2025	00074	104089	
2025	00075	1235	
2025	00076	19487	
2025	00077	8079	
2025	00078	15169	
2025	00079	2720	
2025	00080	29933	
2025	00081	8507	
2025	00082	19012	
2025	00083	635	
2025	00084	1438	
2025	00085	873	
2025	00086	6854	
2025	00087	8191	
2025	00088	20800	
2025	00089	1916	
2025	00090	6837	
2025	00091	985	
2025	00092	16228	
2025	00093	10156	
2025	00094	2430	
2025	00095	8480	
2025	00096	2130	
2025	00097	124874	
2025	00098	2713	
2025	00099	9013	
2025	00100	245955	
2025	00101	4544	
2025	00102	1465	
2025	00103	1103	
2025	00104	16249	
2025	00105	1233	
2025	00106	1112	
2025	00107	10385	
2025	00108	7157	
2025	00109	19124	
2025	00110	93611	
2025	00111	8157	
2025	00112	8688	
2025	00113	6699	
2025	00114	2964	
2025	00115	14833	
2025	00116	484	
2025	00117	712	
2026	00001	724	
2026	00002	2625	
2026	00003	4229	
2026	00004	802	
2026	00005	4279	
2026	00006	1370	
2026	00007	7381	
2026	00008	19153	
2026	00009	1552	
2026	00010	14923	
2026	00011	110605	  Bewilligung einer Ausnahme nach § 7 Abs. 5  in Bereichen, in denen üblicherweise keine  Tarifverträge geschlossen werden    600  1712  Feststellung der Zulässigkeit der Beschäfti- gung an Sonn- und Feiertagen nach § 13  Abs. 3 Nr. 1  nach Zeitaufwand  mindestens  250  1713  Bewilligung der Beschäftigung an Sonn- und  Feiertagen nach § 13 Abs. 3 Nr. 2 für einen  Sonn- oder Feiertag      17131  für 1 bis 5 Personen    165  17132  für 6 bis 20 Per || n    600  1712  Feststellung der Zulässigkeit der Beschäfti- gung an Sonn- und Feiertagen nach § 13  Abs. 3 Nr. 1  nach Zeitaufwand  mindestens  250  1713  Bewilligung der Beschäftigung an Sonn- und  Feiertagen nach § 13 Abs. 3 Nr. 2 für einen  Sonn- oder Feiertag      17131  für 1 bis 5 Personen    165  17132  für 6 bis 20 Personen    330  17133  für 21 bis 50 Personen    500  17134  für 51 bis 100 Personen    600  17135  für 101 bis 150 Persone || fti- gung an Sonn- und Feiertagen nach § 13  Abs. 3 Nr. 1  nach Zeitaufwand  mindestens  250  1713  Bewilligung der Beschäftigung an Sonn- und  Feiertagen nach § 13 Abs. 3 Nr. 2 für einen  Sonn- oder Feiertag      17131  für 1 bis 5 Personen    165  17132  für 6 bis 20 Personen    330  17133  für 21 bis 50 Personen    500  17134  für 51 bis 100 Personen    600  17135  für 101 bis 150 Personen    715  17136  für 151 bis 500 Personen    875  17137  || 136  für 151 bis 500 Personen    875  17137  für über 500 Personen    1 100  Gesetz- und Verordnungsblatt für das Land Hessen ­ Nr. 11 vom 23. Februar 2026 42      17138  für jeden weiteren Sonn- und Feiertag, zu- sätzlich zu Nr. 17131 bis Nr. 17137    90  1714  Bewilligung der Beschäftigung an Sonn- und  Feiertagen nach § 13 Abs. 4      17141  für eine befristete Genehmigung bis zu ei- nem Jahr      171411  für 1 bis 20 Personen    600  171412   || ür das Land Hessen ­ Nr. 11 vom 23. Februar 2026 42      17138  für jeden weiteren Sonn- und Feiertag, zu- sätzlich zu Nr. 17131 bis Nr. 17137    90  1714  Bewilligung der Beschäftigung an Sonn- und  Feiertagen nach § 13 Abs. 4      17141  für eine befristete Genehmigung bis zu ei- nem Jahr      171411  für 1 bis 20 Personen    600  171412  für 21 bis 50 Personen    875  171413  für 51 bis 100 Personen    1 320  171414  für 101 bis 250 Personen   ||  100 Personen    1 650  171424  für 101 bis 250 Personen    2 200  171425  für 251 bis 500 Personen    2 970  171426  für über 500 Personen    3 520  1715  Bewilligung für Beschäftigung an Sonn- und  Feiertagen nach § 13 Abs. 5      17151  für eine befristete Genehmigung bis zu ei- nem Jahr      171511  für 1 bis 20 Personen    1 320  171512  für 21 bis 50 Personen    1 650  171513  für 51 bis 100 Personen    1 870  171514  für 101 bis 250 Person || mehr als 500 Personen    5 170  1717  Bewilligung nach § 15 Abs. 1 Nr. 3 oder 4    420  1718  Ausnahmebewilligung nach § 15 Abs. 2      17181  für die Befreiung vom Beschäftigungsverbot  an Sonn- und Feiertagen      171811  für einen Sonn- oder Feiertag      1718111  für 1 bis 5 Personen    120  1718112  für 6 bis 20 Personen    240  1718113  für 21 bis 50 Personen    400  1718114  für 51 bis 100 Personen    550  1718115  für 101 bis 150 Personen || gung nach § 15 Abs. 1 Nr. 3 oder 4    420  1718  Ausnahmebewilligung nach § 15 Abs. 2      17181  für die Befreiung vom Beschäftigungsverbot  an Sonn- und Feiertagen      171811  für einen Sonn- oder Feiertag      1718111  für 1 bis 5 Personen    120  1718112  für 6 bis 20 Personen    240  1718113  für 21 bis 50 Personen    400  1718114  für 51 bis 100 Personen    550  1718115  für 101 bis 150 Personen    700  1718116  für 151 bis 500 Personen    ||  1718114  für 51 bis 100 Personen    550  1718115  für 101 bis 150 Personen    700  1718116  für 151 bis 500 Personen    850  1718117  für über 500 Personen    970  1718118  für bis zu fünf Sonn- und Feiertage, zusätz- lich zu Nr. 1718111 bis 1718117  je weiterer Tag  38  171812  für mehr als fünf Sonn- und Feiertage bis zu  drei Monaten      1718121  für 1 bis 5 Personen    305  1718122  für 6 bis 20 Personen    550  1718123  für 21 bis 50 Perso || Personen    850  1718117  für über 500 Personen    970  1718118  für bis zu fünf Sonn- und Feiertage, zusätz- lich zu Nr. 1718111 bis 1718117  je weiterer Tag  38  171812  für mehr als fünf Sonn- und Feiertage bis zu  drei Monaten      1718121  für 1 bis 5 Personen    305  1718122  für 6 bis 20 Personen    550  1718123  für 21 bis 50 Personen    795  1718124  für 51 bis 100 Personen    1 100  1718125  für 101 bis 150 Personen    1 375  1718126  f
2026	00012	1285	
2026	00013	3673	
2026	00014	12588	
2026	00015	2358	
2026	00016	1081	
2026	00017	2157	
2026	00018	27057	
2026	00019	43574	
2026	00020	7932	
2026	00021	234916	
2026	00022	3718	
2026	00023	2574	
2026	00024	1401	
2026	00025	1567	
2026	00026	3275	
2026	00027	2712	
2026	00028	3116	
2026	00029	2154	
2026	00030	2306	
2026	00031	1106	
2026	00032	32185	
2026	00033	7020	nimmt das Amtsgericht Rüsselsheim die Geschäfte  des Bereitschaftsdienstes wahr, soweit keine Zuständigkeitszuweisung nach Satz 2 erfolgt ist.  Den Bereitschaftsdienst an Wochenenden und gesetzlichen Feiertagen sowie jeweils am 24.  Dezember und 31. Dezember für die Haftvorführungen und einstweiligen Unterbringungen  nach der Strafprozessordnung sowie dem Gesetz über die internationale Rechtshilfe in Straf- sachen in der Fassung der Bekanntmachun
2026	00034	8004	
2026	00035	1677	
2026	00036	1692	
2026	00037	23236	
2026	00038	47071	
2026	00039	25872	
2026	00040	26436	
2026	00041	1188	
2026	00042	17365	
2026	00043	7279	
2026	00044	1094	
2026	00045	9471	
2026	00046	1719	
2026	00047	1217	
2026	00048	47218	
2026	00049	4067	
2026	00050	35766	
2026	00051	2558	
2026	00052	11491	
2026	00053	1897	
2026	00054	5034	
2026	00055	1613	
2026	00056	5809	
2026	00057	43668	
2026	00058	9518	
2026	00059	3423	
2026	00060	1452	
2026	00061	5335	
2026	00062	169088	20       Entgelte für geleistete Arbeitszeit (einschl. tariflicher, vertraglicher oder  arbeitsbedingter Zulagen)        621        - reserviert -        622       Entgelte für andere Zeiten (Urlaub, Feiertag, Krankheit)           6221    Urlaubsgeld Arbeitnehmer           6222    Sonderzuwendung Arbeitnehmer           6229    Sonstige Entgelte für andere Zeiten        623       Freiwillige Zuwendungen        624       Übergangsgelder/Abfindungen
2026	00063	12313	
2026	00064	5217	
2026	00065	1893	
